timestamp,luminaire_id,ambient_temp,heatsink_temp,junction_temp_true,current,voltage,power,dimming_pct
2026-09-18 13:07:58,LUM-101,24.91,26.86,84.87,1.339,48.14,64.46,89.3
2026-09-18 13:08:08,LUM-101,24.95,28.48,81.03,1.213,48.16,58.39,80.8
2026-09-18 13:08:18,LUM-101,25.04,29.96,79.35,1.145,47.93,54.87,76.3
2026-09-18 13:08:28,LUM-101,25.03,31.82,94.6,1.448,48.17,69.76,96.5
2026-09-18 13:08:38,LUM-101,24.99,33.33,88.88,1.284,48.07,61.73,85.6
2026-09-18 13:08:48,LUM-101,25.03,34.9,92.49,1.334,47.98,63.99,88.9
2026-09-18 13:08:58,LUM-101,25.11,36.27,90.07,1.25,47.82,59.79,83.3
2026-09-18 13:09:08,LUM-101,24.97,37.56,89.43,1.199,48.07,57.63,79.9
2026-09-18 13:09:18,LUM-101,25.08,39.13,103.87,1.495,48.13,71.93,99.6
2026-09-18 13:09:28,LUM-101,25.08,40.33,93.98,1.242,47.99,59.61,82.8
2026-09-18 13:09:38,LUM-101,25.12,41.25,86.98,1.058,48.02,50.82,70.5
2026-09-18 13:09:48,LUM-101,25.04,42.66,103.48,1.411,47.88,67.57,94.1
2026-09-18 13:09:58,LUM-101,25.05,43.86,100.87,1.321,47.94,63.34,88.1
2026-09-18 13:10:08,LUM-101,25.03,45.26,109.58,1.487,48.05,71.47,99.2
2026-09-18 13:10:18,LUM-101,25.1,46.53,107.83,1.423,47.88,68.11,94.8
2026-09-18 13:10:28,LUM-101,24.94,47.86,111.69,1.479,47.94,70.92,98.6
2026-09-18 13:10:38,LUM-101,25.13,49.09,113.11,1.481,48.03,71.14,98.7
2026-09-18 13:10:48,LUM-101,25.08,49.77,96.57,1.079,48.17,51.99,72.0
2026-09-18 13:10:58,LUM-101,24.97,50.8,110.68,1.383,48.1,66.53,92.2
2026-09-18 13:11:08,LUM-101,24.95,51.81,111.22,1.375,47.99,66.01,91.7
2026-09-18 13:11:18,LUM-101,25.05,52.57,106.27,1.246,47.89,59.66,83.0
2026-09-18 13:11:28,LUM-101,25.09,53.11,99.97,1.087,47.89,52.06,72.5
2026-09-18 13:11:38,LUM-101,25.03,53.69,102.95,1.145,47.8,54.73,76.3
2026-09-18 13:11:48,LUM-101,25.05,54.25,103.3,1.133,48.13,54.51,75.5
2026-09-18 13:11:58,LUM-101,25.11,55.23,118.48,1.463,48.05,70.28,97.5
2026-09-18 13:12:08,LUM-101,25.01,55.75,102.87,1.088,48.13,52.36,72.5
2026-09-18 13:12:18,LUM-101,25.02,56.59,114.58,1.339,48.11,64.43,89.3
2026-09-18 13:12:28,LUM-101,24.99,57.06,106.11,1.139,47.86,54.5,75.9
2026-09-18 13:12:38,LUM-101,25.16,57.85,117.17,1.374,47.95,65.9,91.6
2026-09-18 13:12:48,LUM-101,25.05,58.26,105.92,1.104,47.95,52.96,73.6
2026-09-18 13:12:58,LUM-101,25.07,59.12,121.75,1.454,47.85,69.59,97.0
2026-09-18 13:13:08,LUM-101,25.04,59.99,122.8,1.454,48.0,69.79,96.9
2026-09-18 13:13:18,LUM-101,25.03,60.61,118.62,1.344,47.98,64.46,89.6
2026-09-18 13:13:28,LUM-101,25.12,61.42,124.1,1.456,47.84,69.65,97.1
2026-09-18 13:13:38,LUM-101,25.09,61.88,113.53,1.197,47.95,57.4,79.8
2026-09-18 13:13:48,LUM-101,25.0,62.72,127.04,1.494,47.83,71.47,99.6
2026-09-18 13:13:58,LUM-101,25.09,62.95,111.1,1.113,48.06,53.5,74.2
2026-09-18 13:14:08,LUM-101,25.06,63.29,114.56,1.191,47.85,56.96,79.4
2026-09-18 13:14:18,LUM-101,25.02,63.98,125.83,1.431,48.02,68.72,95.4
2026-09-18 13:14:28,LUM-101,25.0,64.17,111.61,1.094,48.18,52.71,72.9
2026-09-18 13:14:38,LUM-101,25.03,64.36,110.39,1.064,48.06,51.15,70.9
2026-09-18 13:14:48,LUM-101,25.12,64.74,117.81,1.23,47.94,58.97,82.0
2026-09-18 13:14:58,LUM-101,25.04,65.05,115.59,1.166,48.15,56.16,77.7
2026-09-18 13:15:08,LUM-101,25.06,65.16,110.81,1.053,48.18,50.71,70.2
2026-09-18 13:15:18,LUM-101,25.03,65.45,116.65,1.185,48.02,56.89,79.0
2026-09-18 13:15:28,LUM-101,25.12,65.67,115.89,1.159,48.15,55.8,77.3
2026-09-18 13:15:38,LUM-101,25.16,65.99,119.25,1.231,48.09,59.18,82.0
2026-09-18 13:15:48,LUM-101,25.05,66.45,123.76,1.329,47.91,63.68,88.6
2026-09-18 13:15:58,LUM-101,25.07,66.7,119.22,1.213,48.1,58.35,80.9
2026-09-18 13:16:08,LUM-101,25.09,66.98,120.28,1.23,48.17,59.23,82.0
2026-09-18 13:16:18,LUM-101,25.1,67.28,122.53,1.281,47.92,61.39,85.4
2026-09-18 13:16:28,LUM-101,25.19,67.8,128.27,1.394,48.19,67.19,92.9
2026-09-18 13:16:38,LUM-101,25.2,68.2,124.91,1.314,47.95,63.02,87.6
2026-09-18 13:16:48,LUM-101,25.1,68.18,113.91,1.058,48.04,50.82,70.5
2026-09-18 13:16:58,LUM-101,25.08,68.41,121.02,1.216,48.08,58.46,81.1
2026-09-18 13:17:08,LUM-101,25.21,68.43,114.14,1.06,47.9,50.79,70.7
2026-09-18 13:17:18,LUM-101,25.08,68.66,122.03,1.233,48.11,59.29,82.2
2026-09-18 13:17:28,LUM-101,25.09,68.69,115.13,1.073,48.08,51.6,71.6
2026-09-18 13:17:38,LUM-101,25.21,69.2,132.26,1.464,47.87,70.07,97.6
2026-09-18 13:17:48,LUM-101,25.04,69.22,117.92,1.132,47.82,54.11,75.4
2026-09-18 13:17:58,LUM-101,25.15,69.72,132.01,1.436,48.18,69.21,95.8
2026-09-18 13:18:08,LUM-101,25.11,70.1,128.89,1.356,48.16,65.32,90.4
2026-09-18 13:18:18,LUM-101,25.14,70.41,126.63,1.305,47.87,62.47,87.0
2026-09-18 13:18:28,LUM-101,25.21,70.5,120.86,1.165,48.0,55.95,77.7
2026-09-18 13:18:38,LUM-101,25.14,70.54,121.09,1.168,48.08,56.17,77.9
2026-09-18 13:18:48,LUM-101,25.15,70.94,130.81,1.386,47.99,66.53,92.4
2026-09-18 13:18:58,LUM-101,25.05,71.42,133.95,1.446,48.06,69.48,96.4
2026-09-18 13:19:08,LUM-101,25.11,71.65,126.77,1.278,47.94,61.25,85.2
2026-09-18 13:19:18,LUM-101,25.14,71.93,131.33,1.37,48.18,66.0,91.3
2026-09-18 13:19:28,LUM-101,25.17,72.26,132.0,1.378,48.17,66.37,91.9
2026-09-18 13:19:38,LUM-101,25.19,72.53,132.0,1.378,47.95,66.08,91.9
2026-09-18 13:19:48,LUM-101,25.19,72.48,120.06,1.103,47.91,52.87,73.6
2026-09-18 13:19:58,LUM-101,25.14,72.34,118.86,1.076,48.06,51.69,71.7
2026-09-18 13:20:08,LUM-101,25.12,72.73,134.42,1.429,47.95,68.54,95.3
2026-09-18 13:20:18,LUM-101,25.25,72.96,131.6,1.363,47.82,65.15,90.8
2026-09-18 13:20:28,LUM-101,25.15,73.41,137.12,1.478,47.9,70.79,98.5
2026-09-18 13:20:38,LUM-101,25.22,73.3,122.51,1.137,48.07,54.68,75.8
2026-09-18 13:20:48,LUM-101,25.21,73.63,135.18,1.427,47.94,68.38,95.1
2026-09-18 13:20:58,LUM-101,25.16,73.53,120.26,1.085,47.83,51.92,72.4
2026-09-18 13:21:08,LUM-101,25.12,73.57,127.19,1.237,48.15,59.58,82.5
2026-09-18 13:21:18,LUM-101,25.14,73.66,127.07,1.232,48.19,59.35,82.1
2026-09-18 13:21:28,LUM-101,25.23,73.73,126.78,1.231,47.9,58.95,82.0
2026-09-18 13:21:38,LUM-101,25.1,73.85,128.58,1.267,48.0,60.82,84.5
2026-09-18 13:21:48,LUM-101,25.18,74.24,137.33,1.458,48.07,70.09,97.2
2026-09-18 13:21:58,LUM-101,25.08,74.28,127.45,1.235,47.86,59.09,82.3
2026-09-18 13:22:08,LUM-101,25.2,74.11,121.39,1.09,48.17,52.53,72.7
2026-09-18 13:22:18,LUM-101,25.22,73.94,120.87,1.09,47.83,52.15,72.7
2026-09-18 13:22:28,LUM-101,25.1,73.75,119.51,1.063,47.81,50.84,70.9
2026-09-18 13:22:38,LUM-101,25.25,73.96,133.74,1.381,48.11,66.42,92.0
2026-09-18 13:22:48,LUM-101,25.27,74.12,131.67,1.332,47.99,63.95,88.8
2026-09-18 13:22:58,LUM-101,25.15,74.11,125.42,1.191,47.89,57.01,79.4
2026-09-18 13:23:08,LUM-101,25.19,73.95,120.93,1.085,48.09,52.19,72.4
2026-09-18 13:23:18,LUM-101,25.16,73.96,126.54,1.218,47.95,58.43,81.2
2026-09-18 13:23:28,LUM-101,25.22,74.35,138.95,1.499,47.89,71.78,99.9
2026-09-18 13:23:38,LUM-101,25.16,74.66,135.89,1.419,47.94,68.04,94.6
2026-09-18 13:23:48,LUM-101,25.12,75.01,138.2,1.458,48.16,70.21,97.2
2026-09-18 13:23:58,LUM-101,25.3,75.19,132.37,1.322,48.05,63.54,88.2
2026-09-18 13:24:08,LUM-101,25.25,75.08,125.63,1.17,48.01,56.17,78.0
2026-09-18 13:24:18,LUM-101,25.17,74.9,120.94,1.065,48.02,51.15,71.0
2026-09-18 13:24:28,LUM-101,25.16,74.8,125.08,1.162,48.08,55.87,77.5
2026-09-18 13:24:38,LUM-101,25.27,75.01,135.25,1.4,47.82,66.93,93.3
2026-09-18 13:24:48,LUM-101,25.18,74.98,128.16,1.236,47.82,59.09,82.4
2026-09-18 13:24:58,LUM-101,25.18,74.81,121.82,1.092,47.84,52.24,72.8
2026-09-18 13:25:08,LUM-101,25.2,74.95,132.71,1.334,48.12,64.17,88.9
2026-09-18 13:25:18,LUM-101,25.16,74.92,125.47,1.171,47.95,56.16,78.1
2026-09-18 13:25:28,LUM-101,25.28,74.86,126.06,1.182,48.11,56.89,78.8
2026-09-18 13:25:38,LUM-101,25.17,74.81,126.83,1.208,47.83,57.8,80.6
2026-09-18 13:25:48,LUM-101,25.21,74.84,128.26,1.234,48.08,59.35,82.3
2026-09-18 13:25:58,LUM-101,25.16,75.02,132.12,1.321,48.02,63.45,88.1
2026-09-18 13:26:08,LUM-101,25.18,74.89,123.11,1.114,48.11,53.58,74.2
2026-09-18 13:26:18,LUM-101,25.18,75.05,133.04,1.341,48.05,64.44,89.4
2026-09-18 13:26:28,LUM-101,25.3,74.81,120.78,1.068,47.83,51.07,71.2
2026-09-18 13:26:38,LUM-101,25.16,74.84,129.52,1.271,47.82,60.76,84.7
2026-09-18 13:26:48,LUM-101,25.33,75.16,137.61,1.452,47.8,69.4,96.8
2026-09-18 13:26:58,LUM-101,25.23,75.1,127.69,1.213,48.16,58.43,80.9
2026-09-18 13:27:08,LUM-101,25.26,75.18,129.47,1.257,47.98,60.32,83.8
2026-09-18 13:27:18,LUM-101,25.22,75.12,127.55,1.217,47.85,58.25,81.2
2026-09-18 13:27:28,LUM-101,25.31,75.24,131.51,1.302,48.01,62.53,86.8
2026-09-18 13:27:38,LUM-101,25.27,75.09,122.99,1.112,47.86,53.22,74.1
2026-09-18 13:27:48,LUM-101,25.23,75.1,128.23,1.23,47.99,59.04,82.0
2026-09-18 13:27:58,LUM-101,25.28,74.92,121.58,1.083,47.87,51.84,72.2
2026-09-18 13:28:08,LUM-101,25.22,74.76,121.33,1.081,47.86,51.74,72.1
2026-09-18 13:28:18,LUM-101,25.28,74.86,129.06,1.252,48.11,60.22,83.5
2026-09-18 13:28:28,LUM-101,25.31,74.82,124.81,1.157,48.02,55.54,77.1
2026-09-18 13:28:38,LUM-101,25.29,74.8,128.04,1.228,48.16,59.15,81.9
2026-09-18 13:28:48,LUM-101,25.19,75.17,138.38,1.459,48.14,70.24,97.3
2026-09-18 13:28:58,LUM-101,25.22,75.4,136.87,1.423,48.0,68.3,94.9
2026-09-18 13:29:08,LUM-101,25.31,75.27,123.73,1.125,47.86,53.85,75.0
2026-09-18 13:29:18,LUM-101,25.2,75.51,137.59,1.441,47.87,68.98,96.1
2026-09-18 13:29:28,LUM-101,25.27,75.8,139.11,1.47,47.85,70.35,98.0
2026-09-18 13:29:38,LUM-101,25.21,75.9,133.75,1.342,47.89,64.27,89.5
2026-09-18 13:29:48,LUM-101,25.34,75.85,126.91,1.178,48.14,56.73,78.6
2026-09-18 13:29:58,LUM-101,25.3,75.73,123.89,1.118,47.87,53.51,74.5
2026-09-18 13:30:08,LUM-101,25.31,75.93,137.08,1.41,48.2,67.94,94.0
2026-09-18 13:30:18,LUM-101,25.2,76.15,136.12,1.39,47.94,66.62,92.7
2026-09-18 13:30:28,LUM-101,25.38,76.48,139.87,1.471,47.89,70.44,98.1
2026-09-18 13:30:38,LUM-101,25.2,76.37,127.99,1.195,48.02,57.36,79.6
2026-09-18 13:30:48,LUM-101,25.35,76.63,137.49,1.409,48.0,67.62,93.9
2026-09-18 13:30:58,LUM-101,25.21,76.42,124.56,1.115,47.98,53.48,74.3
2026-09-18 13:31:08,LUM-101,25.36,76.33,126.9,1.171,47.97,56.2,78.1
2026-09-18 13:31:18,LUM-101,25.35,76.15,123.2,1.088,48.03,52.28,72.6
2026-09-18 13:31:28,LUM-101,25.27,76.17,130.05,1.247,48.02,59.87,83.1
2026-09-18 13:31:38,LUM-101,25.37,76.36,137.7,1.414,48.19,68.15,94.3
2026-09-18 13:31:48,LUM-101,25.39,76.41,132.08,1.29,47.96,61.86,86.0
2026-09-18 13:31:58,LUM-101,25.32,76.41,129.99,1.238,48.08,59.53,82.5
2026-09-18 13:32:08,LUM-101,25.36,76.47,134.03,1.33,48.07,63.95,88.7
2026-09-18 13:32:18,LUM-101,25.37,76.33,127.55,1.189,47.86,56.91,79.3
2026-09-18 13:32:28,LUM-101,25.36,76.36,132.79,1.311,47.82,62.7,87.4
2026-09-18 13:32:38,LUM-101,25.28,76.34,131.22,1.27,48.02,60.98,84.7
2026-09-18 13:32:48,LUM-101,25.39,76.11,121.65,1.058,47.81,50.6,70.6
2026-09-18 13:32:58,LUM-101,25.33,76.29,136.25,1.393,47.82,66.62,92.9
2026-09-18 13:33:08,LUM-101,25.41,76.67,141.63,1.5,48.13,72.18,100.0
2026-09-18 13:33:18,LUM-101,25.31,76.82,137.09,1.4,47.82,66.96,93.4
2026-09-18 13:33:28,LUM-101,25.35,76.58,123.18,1.079,48.0,51.77,71.9
2026-09-18 13:33:38,LUM-101,25.33,76.81,137.56,1.406,48.0,67.49,93.7
2026-09-18 13:33:48,LUM-101,25.39,76.58,123.53,1.085,48.09,52.17,72.3
2026-09-18 13:33:58,LUM-101,25.37,76.83,138.92,1.439,47.95,68.99,95.9
2026-09-18 13:34:08,LUM-101,25.33,76.93,135.02,1.35,47.81,64.54,90.0
2026-09-18 13:34:18,LUM-101,25.42,76.8,126.72,1.16,47.82,55.47,77.3
2026-09-18 13:34:28,LUM-101,25.35,76.67,128.16,1.19,48.07,57.2,79.3
2026-09-18 13:34:38,LUM-101,25.44,76.74,134.34,1.332,48.06,64.0,88.8
2026-09-18 13:34:48,LUM-101,25.37,76.65,128.29,1.194,48.05,57.38,79.6
2026-09-18 13:34:58,LUM-101,25.44,76.44,124.21,1.107,47.96,53.07,73.8
2026-09-18 13:35:08,LUM-101,25.43,76.36,126.8,1.169,47.93,56.04,78.0
2026-09-18 13:35:18,LUM-101,25.31,76.61,138.77,1.438,48.01,69.06,95.9
2026-09-18 13:35:28,LUM-101,25.27,76.92,141.65,1.494,48.14,71.92,99.6
2026-09-18 13:35:38,LUM-101,25.3,77.18,141.22,1.477,48.19,71.16,98.5
2026-09-18 13:35:48,LUM-101,25.26,77.27,133.7,1.303,48.1,62.7,86.9
2026-09-18 13:35:58,LUM-101,25.28,77.23,132.25,1.271,48.11,61.13,84.7
2026-09-18 13:36:08,LUM-101,25.4,77.05,126.55,1.143,48.11,55.0,76.2
2026-09-18 13:36:18,LUM-101,25.41,76.94,127.24,1.162,48.1,55.89,77.5
2026-09-18 13:36:28,LUM-101,25.4,77.28,141.15,1.481,47.91,70.97,98.7
2026-09-18 13:36:38,LUM-101,25.43,77.42,135.92,1.355,47.97,65.0,90.3
2026-09-18 13:36:48,LUM-101,25.45,77.34,129.44,1.203,48.14,57.89,80.2
2026-09-18 13:36:58,LUM-101,25.29,77.62,141.41,1.47,48.2,70.88,98.0
2026-09-18 13:37:08,LUM-101,25.47,77.73,136.24,1.355,47.98,65.01,90.3
2026-09-18 13:37:18,LUM-101,25.42,77.56,128.95,1.192,47.89,57.09,79.5
2026-09-18 13:37:28,LUM-101,25.33,77.87,142.44,1.489,48.19,71.74,99.2
2026-09-18 13:37:38,LUM-101,25.35,77.87,133.51,1.29,47.91,61.82,86.0
2026-09-18 13:37:48,LUM-101,25.42,77.73,130.37,1.22,47.94,58.49,81.3
2026-09-18 13:37:58,LUM-101,25.4,77.83,137.09,1.374,47.91,65.84,91.6
2026-09-18 13:38:08,LUM-101,25.43,77.85,133.37,1.288,47.9,61.7,85.9
2026-09-18 13:38:18,LUM-101,25.3,77.88,136.12,1.35,47.95,64.71,90.0
2026-09-18 13:38:28,LUM-101,25.4,77.7,126.57,1.127,48.18,54.3,75.1
2026-09-18 13:38:38,LUM-101,25.36,77.74,133.32,1.288,47.94,61.75,85.9
2026-09-18 13:38:48,LUM-101,25.44,78.0,140.32,1.445,47.92,69.24,96.3
2026-09-18 13:38:58,LUM-101,25.36,78.2,140.96,1.456,47.88,69.74,97.1
2026-09-18 13:39:08,LUM-101,25.47,78.16,131.59,1.238,47.94,59.36,82.6
2026-09-18 13:39:18,LUM-101,25.42,78.02,128.56,1.166,48.17,56.16,77.7
2026-09-18 13:39:28,LUM-101,25.44,77.97,131.57,1.24,48.02,59.56,82.7
2026-09-18 13:39:38,LUM-101,25.37,78.19,139.67,1.427,47.86,68.31,95.2
2026-09-18 13:39:48,LUM-101,25.41,78.28,137.61,1.37,48.12,65.92,91.3
2026-09-18 13:39:58,LUM-101,25.41,78.15,129.37,1.189,47.88,56.91,79.2
2026-09-18 13:40:08,LUM-101,25.42,77.93,127.38,1.144,48.04,54.94,76.2
2026-09-18 13:40:18,LUM-101,25.32,77.74,127.72,1.157,47.99,55.53,77.1
2026-09-18 13:40:28,LUM-101,25.4,77.65,131.46,1.249,47.88,59.79,83.2
2026-09-18 13:40:38,LUM-101,25.38,77.76,137.39,1.381,47.98,66.26,92.1
2026-09-18 13:40:48,LUM-101,25.43,77.89,138.66,1.402,48.15,67.52,93.5
2026-09-18 13:40:58,LUM-101,25.39,77.83,133.12,1.277,48.1,61.43,85.1
2026-09-18 13:41:08,LUM-101,25.49,77.64,128.61,1.184,47.83,56.63,78.9
2026-09-18 13:41:18,LUM-101,25.5,77.77,136.16,1.349,48.11,64.88,89.9
2026-09-18 13:41:28,LUM-101,25.34,77.88,135.82,1.341,47.99,64.38,89.4
2026-09-18 13:41:38,LUM-101,25.41,77.99,137.67,1.386,47.83,66.31,92.4
2026-09-18 13:41:48,LUM-101,25.38,78.13,139.77,1.423,48.12,68.49,94.9
2026-09-18 13:41:58,LUM-101,25.52,78.28,138.95,1.403,48.06,67.41,93.5
2026-09-18 13:42:08,LUM-101,25.5,77.98,123.44,1.052,48.0,50.5,70.1
2026-09-18 13:42:18,LUM-101,25.53,78.11,137.12,1.369,47.88,65.57,91.3
2026-09-18 13:42:28,LUM-101,25.53,78.33,140.14,1.425,48.2,68.68,95.0
2026-09-18 13:42:38,LUM-101,25.47,78.09,125.35,1.093,48.04,52.52,72.9
2026-09-18 13:42:48,LUM-101,25.42,78.03,131.29,1.235,47.91,59.18,82.3
2026-09-18 13:42:58,LUM-101,25.39,78.08,134.04,1.292,48.14,62.18,86.1
2026-09-18 13:43:08,LUM-101,25.52,77.81,126.22,1.125,47.82,53.79,75.0
2026-09-18 13:43:18,LUM-101,25.39,78.01,140.97,1.454,48.1,69.95,97.0
2026-09-18 13:43:28,LUM-101,25.43,77.74,125.37,1.104,47.95,52.92,73.6
2026-09-18 13:43:38,LUM-101,25.5,77.77,134.45,1.31,48.06,62.97,87.4
2026-09-18 13:43:48,LUM-101,25.51,77.93,139.15,1.412,48.19,68.02,94.1
2026-09-18 13:43:58,LUM-101,25.39,77.62,124.23,1.08,47.96,51.79,72.0
2026-09-18 13:44:08,LUM-101,25.43,77.55,131.7,1.253,48.0,60.17,83.6
2026-09-18 13:44:18,LUM-101,25.52,77.74,137.23,1.374,48.12,66.1,91.6
2026-09-18 13:44:28,LUM-101,25.55,78.0,142.47,1.488,48.15,71.64,99.2
2026-09-18 13:44:38,LUM-101,25.39,77.98,132.59,1.261,48.11,60.68,84.1
2026-09-18 13:44:48,LUM-101,25.39,77.99,133.15,1.278,47.94,61.29,85.2
2026-09-18 13:44:58,LUM-101,25.43,78.13,137.84,1.385,47.89,66.35,92.4
2026-09-18 13:45:08,LUM-101,25.57,77.86,123.67,1.06,48.03,50.9,70.6
2026-09-18 13:45:18,LUM-101,25.48,78.08,139.21,1.416,47.95,67.93,94.4
2026-09-18 13:45:28,LUM-101,25.45,78.22,139.71,1.429,47.82,68.32,95.2
2026-09-18 13:45:38,LUM-101,25.54,78.09,130.69,1.214,48.12,58.43,81.0
2026-09-18 13:45:48,LUM-101,25.5,78.03,131.43,1.238,47.91,59.33,82.6
2026-09-18 13:45:58,LUM-101,25.53,78.02,132.71,1.267,47.98,60.77,84.4
2026-09-18 13:46:08,LUM-101,25.41,77.78,125.0,1.089,48.19,52.46,72.6
2026-09-18 13:46:18,LUM-101,25.58,77.7,131.47,1.248,47.89,59.74,83.2
2026-09-18 13:46:28,LUM-101,25.54,77.54,126.39,1.128,48.12,54.28,75.2
2026-09-18 13:46:38,LUM-101,25.52,77.34,124.84,1.101,47.94,52.77,73.4
2026-09-18 13:46:48,LUM-101,25.53,77.39,132.35,1.275,47.92,61.07,85.0
2026-09-18 13:46:58,LUM-101,25.52,77.37,130.26,1.223,48.06,58.77,81.5
2026-09-18 13:47:08,LUM-101,25.59,77.6,140.45,1.457,47.94,69.84,97.1
2026-09-18 13:47:18,LUM-101,25.59,77.5,128.44,1.175,48.17,56.6,78.3
2026-09-18 13:47:28,LUM-101,25.42,77.53,132.93,1.282,48.0,61.55,85.5
2026-09-18 13:47:38,LUM-101,25.43,77.63,134.61,1.323,47.87,63.32,88.2
2026-09-18 13:47:48,LUM-101,25.53,77.68,133.46,1.294,47.89,61.98,86.3
2026-09-18 13:47:58,LUM-101,25.49,77.96,142.25,1.492,47.88,71.44,99.5
2026-09-18 13:48:08,LUM-101,25.49,77.99,135.85,1.34,47.99,64.29,89.3
2026-09-18 13:48:18,LUM-101,25.5,78.16,138.44,1.399,47.87,66.97,93.3
2026-09-18 13:48:28,LUM-101,25.54,78.06,131.0,1.226,47.97,58.82,81.7
2026-09-18 13:48:38,LUM-101,25.51,78.36,142.32,1.482,47.96,71.07,98.8
2026-09-18 13:48:48,LUM-101,25.55,78.4,136.42,1.348,47.82,64.46,89.9
2026-09-18 13:48:58,LUM-101,25.6,78.2,128.45,1.167,47.83,55.83,77.8
2026-09-18 13:49:08,LUM-101,25.5,78.01,128.55,1.172,47.92,56.16,78.1
2026-09-18 13:49:18,LUM-101,25.58,77.77,127.35,1.145,48.1,55.09,76.3
2026-09-18 13:49:28,LUM-101,25.61,77.42,122.96,1.056,47.9,50.6,70.4
2026-09-18 13:49:38,LUM-101,25.61,77.63,140.27,1.454,47.86,69.6,97.0
2026-09-18 13:49:48,LUM-101,25.46,77.95,141.82,1.478,48.01,70.97,98.6
2026-09-18 13:49:58,LUM-101,25.49,78.09,136.51,1.357,47.84,64.91,90.5
2026-09-18 13:50:08,LUM-101,25.65,78.12,135.64,1.335,47.89,63.91,89.0
2026-09-18 13:50:18,LUM-101,25.48,78.27,138.17,1.381,48.2,66.55,92.0
2026-09-18 13:50:28,LUM-101,25.58,78.37,138.02,1.381,48.01,66.29,92.0
2026-09-18 13:50:38,LUM-101,25.64,78.09,126.75,1.13,47.86,54.06,75.3
2026-09-18 13:50:48,LUM-101,25.65,77.79,124.48,1.08,48.04,51.87,72.0
2026-09-18 13:50:58,LUM-101,25.64,77.95,138.4,1.401,47.93,67.17,93.4
2026-09-18 13:51:08,LUM-101,25.49,78.0,134.04,1.301,47.88,62.27,86.7
2026-09-18 13:51:18,LUM-101,25.47,77.77,124.85,1.086,48.17,52.32,72.4
2026-09-18 13:51:28,LUM-101,25.47,77.93,138.53,1.407,47.84,67.32,93.8
2026-09-18 13:51:38,LUM-101,25.54,77.62,123.2,1.052,48.15,50.64,70.1
2026-09-18 13:51:48,LUM-101,25.66,77.37,124.92,1.098,48.13,52.83,73.2
2026-09-18 13:51:58,LUM-101,25.58,77.3,128.55,1.185,48.04,56.94,79.0
2026-09-18 13:52:08,LUM-101,25.65,77.07,123.47,1.073,48.04,51.56,71.6
2026-09-18 13:52:18,LUM-101,25.6,76.8,123.77,1.09,47.89,52.2,72.7
2026-09-18 13:52:28,LUM-101,25.66,77.11,140.05,1.463,47.82,69.93,97.5
2026-09-18 13:52:38,LUM-101,25.67,77.41,139.93,1.453,47.81,69.46,96.9
2026-09-18 13:52:48,LUM-101,25.65,77.44,133.84,1.304,48.08,62.67,86.9
2026-09-18 13:52:58,LUM-101,25.68,77.51,135.01,1.332,47.98,63.89,88.8
2026-09-18 13:53:08,LUM-101,25.54,77.29,124.08,1.085,47.93,51.99,72.3
2026-09-18 13:53:18,LUM-101,25.53,77.06,125.04,1.11,48.02,53.31,74.0
2026-09-18 13:53:28,LUM-101,25.64,77.07,130.36,1.237,47.87,59.21,82.5
2026-09-18 13:53:38,LUM-101,25.54,77.06,131.95,1.27,48.04,60.98,84.6
2026-09-18 13:53:48,LUM-101,25.68,76.99,127.36,1.164,48.09,55.98,77.6
2026-09-18 13:53:58,LUM-101,25.57,77.28,140.11,1.451,48.12,69.81,96.7
2026-09-18 13:54:08,LUM-101,25.61,77.54,141.8,1.482,48.17,71.4,98.8
2026-09-18 13:54:18,LUM-101,25.61,77.53,132.94,1.285,47.89,61.56,85.7
2026-09-18 13:54:28,LUM-101,25.52,77.8,141.16,1.463,48.11,70.41,97.6
2026-09-18 13:54:38,LUM-101,25.67,78.02,141.21,1.461,48.05,70.22,97.4
2026-09-18 13:54:48,LUM-101,25.51,78.16,138.87,1.41,47.84,67.45,94.0
2026-09-18 13:54:58,LUM-101,25.52,78.03,128.13,1.16,47.99,55.68,77.3
2026-09-18 13:55:08,LUM-101,25.65,77.7,123.88,1.071,47.92,51.31,71.4
2026-09-18 13:55:18,LUM-101,25.69,77.68,130.72,1.229,47.93,58.93,82.0
2026-09-18 13:55:28,LUM-101,25.71,77.71,134.06,1.305,47.99,62.62,87.0
2026-09-18 13:55:38,LUM-101,25.52,77.77,135.23,1.33,47.99,63.85,88.7
2026-09-18 13:55:48,LUM-101,25.67,77.73,133.19,1.28,48.13,61.61,85.3
2026-09-18 13:55:58,LUM-101,25.68,77.88,136.46,1.357,47.96,65.1,90.5
2026-09-18 13:56:08,LUM-101,25.63,78.1,141.33,1.468,47.86,70.25,97.9
2026-09-18 13:56:18,LUM-101,25.64,78.01,130.52,1.22,47.81,58.34,81.4
2026-09-18 13:56:28,LUM-101,25.62,78.25,141.41,1.462,48.0,70.18,97.5
2026-09-18 13:56:38,LUM-101,25.63,78.2,132.77,1.266,47.88,60.63,84.4
2026-09-18 13:56:48,LUM-101,25.59,78.14,132.1,1.249,48.01,59.95,83.3
2026-09-18 13:56:58,LUM-101,25.6,78.31,140.95,1.448,48.07,69.59,96.5
2026-09-18 13:57:08,LUM-101,25.72,78.17,129.64,1.191,48.02,57.19,79.4
2026-09-18 13:57:18,LUM-101,25.55,78.13,131.44,1.229,48.19,59.23,81.9
2026-09-18 13:57:28,LUM-101,25.58,78.14,132.84,1.27,47.84,60.78,84.7
2026-09-18 13:57:38,LUM-101,25.72,78.01,128.01,1.155,48.11,55.55,77.0
2026-09-18 13:57:48,LUM-101,25.63,77.9,129.35,1.19,48.03,57.16,79.3
2026-09-18 13:57:58,LUM-101,25.67,78.14,142.13,1.475,48.18,71.09,98.4
2026-09-18 13:58:08,LUM-101,25.68,78.41,140.66,1.446,47.82,69.17,96.4
2026-09-18 13:58:18,LUM-101,25.58,78.49,135.75,1.323,48.1,63.63,88.2
2026-09-18 13:58:28,LUM-101,25.64,78.59,137.1,1.354,48.02,65.01,90.3
2026-09-18 13:58:38,LUM-101,25.74,78.52,133.72,1.281,47.87,61.34,85.4
2026-09-18 13:58:48,LUM-101,25.57,78.74,140.85,1.442,47.85,69.02,96.2
2026-09-18 13:58:58,LUM-101,25.6,78.51,127.29,1.125,48.16,54.2,75.0
2026-09-18 13:59:08,LUM-101,25.71,78.46,131.53,1.23,47.96,58.97,82.0
2026-09-18 13:59:18,LUM-101,25.6,78.44,132.92,1.263,47.94,60.53,84.2
2026-09-18 13:59:28,LUM-101,25.58,78.7,141.44,1.458,47.8,69.72,97.2
2026-09-18 13:59:38,LUM-101,25.75,78.81,138.3,1.377,48.0,66.1,91.8
2026-09-18 13:59:48,LUM-101,25.76,78.62,128.78,1.164,47.86,55.73,77.6
2026-09-18 13:59:58,LUM-101,25.72,78.42,128.21,1.155,47.91,55.32,77.0
2026-09-18 14:00:08,LUM-101,25.77,78.32,130.85,1.217,47.95,58.37,81.2
2026-09-18 14:00:18,LUM-101,25.65,78.04,125.37,1.091,48.18,52.59,72.8
2026-09-18 14:00:28,LUM-101,25.61,78.14,137.47,1.377,47.86,65.93,91.8
2026-09-18 14:00:38,LUM-101,25.62,78.04,130.57,1.218,47.92,58.37,81.2
2026-09-18 14:00:48,LUM-101,25.77,77.83,126.1,1.121,47.85,53.62,74.7
2026-09-18 14:00:58,LUM-101,25.71,77.94,137.53,1.375,48.14,66.21,91.7
2026-09-18 14:01:08,LUM-101,25.61,78.09,138.66,1.396,48.19,67.3,93.1
2026-09-18 14:01:18,LUM-101,25.74,78.11,133.34,1.277,48.04,61.36,85.2
2026-09-18 14:01:28,LUM-101,25.61,77.86,126.68,1.127,48.12,54.25,75.2
2026-09-18 14:01:38,LUM-101,25.7,77.59,125.81,1.114,48.11,53.57,74.2
2026-09-18 14:01:48,LUM-101,25.62,77.71,136.95,1.375,47.88,65.82,91.6
2026-09-18 14:01:58,LUM-101,25.73,77.82,137.27,1.372,48.15,66.05,91.5
2026-09-18 14:02:08,LUM-101,25.69,77.6,125.44,1.105,48.1,53.16,73.7
2026-09-18 14:02:18,LUM-101,25.77,77.26,122.6,1.053,47.85,50.37,70.2
2026-09-18 14:02:28,LUM-101,25.65,77.35,133.64,1.307,47.85,62.54,87.1
2026-09-18 14:02:38,LUM-101,25.73,77.61,139.45,1.436,47.86,68.72,95.7
2026-09-18 14:02:48,LUM-101,25.72,77.32,124.22,1.083,48.12,52.11,72.2
2026-09-18 14:02:58,LUM-101,25.75,77.23,129.82,1.222,47.81,58.44,81.5
2026-09-18 14:03:08,LUM-101,25.8,76.99,122.96,1.065,47.94,51.07,71.0
2026-09-18 14:03:18,LUM-101,25.65,77.19,136.77,1.384,47.85,66.2,92.2
2026-09-18 14:03:28,LUM-101,25.82,77.31,134.97,1.338,47.9,64.07,89.2
2026-09-18 14:03:38,LUM-101,25.68,77.6,140.98,1.464,48.11,70.43,97.6
2026-09-18 14:03:48,LUM-101,25.76,77.41,127.93,1.166,48.15,56.12,77.7
2026-09-18 14:03:58,LUM-101,25.8,77.66,140.87,1.469,47.83,70.24,97.9
2026-09-18 14:04:08,LUM-101,25.77,77.87,140.62,1.452,48.02,69.72,96.8
2026-09-18 14:04:18,LUM-101,25.67,77.62,125.74,1.116,47.92,53.48,74.4
2026-09-18 14:04:28,LUM-101,25.64,77.64,131.94,1.26,47.9,60.33,84.0
2026-09-18 14:04:38,LUM-101,25.81,77.55,130.76,1.235,47.88,59.13,82.3
2026-09-18 14:04:48,LUM-101,25.73,77.52,132.02,1.258,48.16,60.56,83.8
2026-09-18 14:04:58,LUM-101,25.66,77.68,137.55,1.383,48.11,66.53,92.2
2026-09-18 14:05:08,LUM-101,25.75,77.85,139.06,1.417,47.99,68.01,94.5
2026-09-18 14:05:18,LUM-101,25.83,78.13,141.03,1.454,48.07,69.88,96.9
2026-09-18 14:05:28,LUM-101,25.75,78.0,127.86,1.154,48.01,55.39,76.9
2026-09-18 14:05:38,LUM-101,25.81,77.88,128.41,1.166,48.15,56.14,77.7
2026-09-18 14:05:48,LUM-101,25.68,78.17,142.52,1.488,48.06,71.5,99.2
2026-09-18 14:05:58,LUM-101,25.82,78.37,139.7,1.422,47.93,68.15,94.8
2026-09-18 14:06:08,LUM-101,25.71,78.56,140.92,1.449,47.82,69.29,96.6
2026-09-18 14:06:18,LUM-101,25.73,78.27,126.44,1.112,48.15,53.52,74.1
2026-09-18 14:06:28,LUM-101,25.79,77.95,123.35,1.053,47.91,50.44,70.2
2026-09-18 14:06:38,LUM-101,25.73,77.66,124.49,1.083,48.04,52.03,72.2
2026-09-18 14:06:48,LUM-101,25.75,77.76,136.07,1.352,47.91,64.79,90.2
2026-09-18 14:06:58,LUM-101,25.72,77.85,136.74,1.361,48.09,65.43,90.7
2026-09-18 14:07:08,LUM-101,25.67,77.67,127.56,1.152,48.12,55.43,76.8
2026-09-18 14:07:18,LUM-101,25.74,78.0,142.2,1.486,48.02,71.34,99.0
2026-09-18 14:07:28,LUM-101,25.76,77.75,126.72,1.137,47.84,54.42,75.8
2026-09-18 14:07:38,LUM-101,25.82,78.01,142.43,1.486,48.16,71.58,99.1
2026-09-18 14:07:48,LUM-101,25.8,78.06,134.11,1.294,48.15,62.28,86.2
2026-09-18 14:07:58,LUM-101,25.82,78.29,141.14,1.459,47.86,69.83,97.3
2026-09-18 14:08:08,LUM-101,25.83,78.3,133.96,1.288,48.02,61.85,85.9
2026-09-18 14:08:18,LUM-101,25.75,78.11,128.24,1.164,47.84,55.7,77.6
2026-09-18 14:08:28,LUM-101,25.73,78.42,143.15,1.494,48.14,71.92,99.6
2026-09-18 14:08:38,LUM-101,25.88,78.42,134.16,1.285,48.18,61.93,85.7
2026-09-18 14:08:48,LUM-101,25.78,78.27,129.58,1.191,47.87,57.01,79.4
2026-09-18 14:08:58,LUM-101,25.75,78.09,129.05,1.178,48.05,56.62,78.6
2026-09-18 14:09:08,LUM-101,25.74,78.42,143.25,1.496,48.16,72.04,99.7
2026-09-18 14:09:18,LUM-101,25.81,78.2,126.32,1.118,47.81,53.46,74.5
2026-09-18 14:09:28,LUM-101,25.88,78.31,138.1,1.379,48.18,66.43,91.9
2026-09-18 14:09:38,LUM-101,25.87,78.11,126.13,1.111,48.02,53.36,74.1
2026-09-18 14:09:48,LUM-101,25.82,78.12,132.29,1.25,48.16,60.19,83.3
2026-09-18 14:09:58,LUM-101,25.85,77.82,123.8,1.068,47.84,51.09,71.2
2026-09-18 14:10:08,LUM-101,25.82,77.77,132.69,1.27,48.05,61.02,84.7
2026-09-18 14:10:18,LUM-101,25.74,77.68,130.88,1.227,48.18,59.1,81.8
2026-09-18 14:10:28,LUM-101,25.86,77.74,135.02,1.328,47.95,63.65,88.5
2026-09-18 14:10:38,LUM-101,25.87,77.61,128.64,1.177,48.16,56.7,78.5
2026-09-18 14:10:48,LUM-101,25.88,77.55,130.73,1.228,48.1,59.09,81.9
2026-09-18 14:10:58,LUM-101,25.77,77.82,141.64,1.481,47.87,70.91,98.8
2026-09-18 14:11:08,LUM-101,25.86,77.99,137.24,1.368,48.14,65.83,91.2
2026-09-18 14:11:18,LUM-101,25.78,77.9,130.81,1.229,47.83,58.79,82.0
2026-09-18 14:11:28,LUM-101,25.81,78.19,142.75,1.493,48.03,71.73,99.6
2026-09-18 14:11:38,LUM-101,25.8,78.31,137.31,1.361,48.17,65.56,90.7
2026-09-18 14:11:48,LUM-101,25.87,78.19,130.24,1.208,47.89,57.84,80.5
2026-09-18 14:11:58,LUM-101,25.76,78.31,137.62,1.369,48.14,65.91,91.3
2026-09-18 14:12:08,LUM-101,25.85,78.07,126.37,1.117,48.07,53.67,74.4
2026-09-18 14:12:18,LUM-101,25.86,78.16,135.39,1.323,48.06,63.59,88.2
2026-09-18 14:12:28,LUM-101,25.87,78.05,130.42,1.213,47.98,58.18,80.8
2026-09-18 14:12:38,LUM-101,25.81,77.96,128.9,1.177,48.1,56.6,78.4
2026-09-18 14:12:48,LUM-101,25.87,77.9,130.21,1.207,48.17,58.13,80.4
2026-09-18 14:12:58,LUM-101,25.91,77.75,129.73,1.207,47.84,57.75,80.5
2026-09-18 14:13:08,LUM-101,25.89,77.85,137.12,1.368,48.12,65.85,91.2
2026-09-18 14:13:18,LUM-101,25.93,77.77,130.75,1.228,47.95,58.87,81.8
2026-09-18 14:13:28,LUM-101,25.91,77.62,128.12,1.174,47.81,56.11,78.2
2026-09-18 14:13:38,LUM-101,25.86,77.39,123.71,1.068,48.17,51.46,71.2
2026-09-18 14:13:48,LUM-101,25.78,77.56,136.13,1.353,48.1,65.08,90.2
2026-09-18 14:13:58,LUM-101,25.89,77.48,129.25,1.196,48.08,57.53,79.8
2026-09-18 14:14:08,LUM-101,25.85,77.29,127.51,1.163,47.97,55.79,77.5
2026-09-18 14:14:18,LUM-101,25.83,77.55,140.53,1.46,47.93,69.97,97.3
2026-09-18 14:14:28,LUM-101,25.82,77.74,138.45,1.401,48.15,67.45,93.4
2026-09-18 14:14:38,LUM-101,25.79,77.89,138.66,1.403,48.13,67.52,93.5
2026-09-18 14:14:48,LUM-101,25.91,77.95,134.88,1.319,47.96,63.26,87.9
2026-09-18 14:14:58,LUM-101,25.76,78.12,138.28,1.392,48.02,66.84,92.8
2026-09-18 14:15:08,LUM-101,25.89,77.9,125.09,1.088,48.19,52.43,72.5
2026-09-18 14:15:18,LUM-101,25.86,77.78,130.48,1.224,47.84,58.56,81.6
2026-09-18 14:15:28,LUM-101,25.91,78.04,141.09,1.46,47.97,70.06,97.4
2026-09-18 14:15:38,LUM-101,25.9,78.11,135.0,1.313,48.14,63.21,87.5
2026-09-18 14:15:48,LUM-101,25.83,77.88,127.05,1.136,48.09,54.63,75.7
2026-09-18 14:15:58,LUM-101,25.93,78.01,137.97,1.388,48.01,66.63,92.5
2026-09-18 14:16:08,LUM-101,25.97,77.97,133.27,1.282,47.93,61.45,85.5
2026-09-18 14:16:18,LUM-101,25.8,78.07,137.08,1.361,48.17,65.57,90.8
2026-09-18 14:16:28,LUM-101,25.88,78.09,133.94,1.291,48.07,62.06,86.1
2026-09-18 14:16:38,LUM-101,25.94,78.08,131.55,1.243,47.81,59.41,82.8
2026-09-18 14:16:48,LUM-101,25.96,78.12,134.85,1.316,47.89,63.04,87.8
2026-09-18 14:16:58,LUM-101,25.86,78.01,130.72,1.216,48.15,58.57,81.1
2026-09-18 14:17:08,LUM-101,25.96,78.03,133.36,1.283,47.92,61.48,85.5
2026-09-18 14:17:18,LUM-101,25.83,77.74,124.66,1.084,48.11,52.13,72.2
2026-09-18 14:17:28,LUM-101,25.84,77.53,124.25,1.082,47.97,51.91,72.1
2026-09-18 14:17:38,LUM-101,25.8,77.88,142.35,1.489,48.12,71.64,99.3
2026-09-18 14:17:48,LUM-101,25.9,77.57,122.79,1.051,47.82,50.25,70.0
2026-09-18 14:17:58,LUM-101,25.98,77.66,134.0,1.309,47.82,62.61,87.3
2026-09-18 14:18:08,LUM-101,25.85,77.82,137.75,1.393,47.81,66.59,92.8
2026-09-18 14:18:18,LUM-101,25.98,77.84,133.87,1.295,48.06,62.25,86.4
2026-09-18 14:18:28,LUM-101,25.93,77.63,125.04,1.101,47.87,52.68,73.4
2026-09-18 14:18:38,LUM-101,25.86,77.32,122.88,1.052,48.13,50.62,70.1
2026-09-18 14:18:48,LUM-101,25.85,77.2,128.84,1.199,47.85,57.38,79.9
2026-09-18 14:18:58,LUM-101,25.86,76.9,123.29,1.076,47.89,51.54,71.7
2026-09-18 14:19:08,LUM-101,25.97,77.0,133.69,1.317,47.83,62.99,87.8
2026-09-18 14:19:18,LUM-101,25.93,77.28,139.9,1.445,48.14,69.57,96.4
2026-09-18 14:19:28,LUM-101,25.97,77.2,129.46,1.209,48.05,58.07,80.6
2026-09-18 14:19:38,LUM-101,25.89,77.27,135.09,1.342,47.89,64.25,89.4
2026-09-18 14:19:48,LUM-101,25.9,77.49,137.83,1.399,47.91,67.04,93.3
2026-09-18 14:19:58,LUM-101,25.87,77.38,127.4,1.155,48.13,55.58,77.0
2026-09-18 14:20:08,LUM-101,25.89,77.37,131.11,1.247,47.9,59.7,83.1
2026-09-18 14:20:18,LUM-101,25.85,77.06,122.43,1.053,47.87,50.4,70.2
2026-09-18 14:20:28,LUM-101,26.0,77.05,129.51,1.216,47.92,58.29,81.1
2026-09-18 14:20:38,LUM-101,25.87,77.05,131.16,1.251,48.04,60.12,83.4
2026-09-18 14:20:48,LUM-101,25.89,76.93,127.87,1.18,47.95,56.6,78.7
2026-09-18 14:20:58,LUM-101,26.0,76.86,127.56,1.175,47.95,56.32,78.3
2026-09-18 14:21:08,LUM-101,25.98,77.03,137.39,1.402,47.84,67.06,93.5
2026-09-18 14:21:18,LUM-101,25.96,77.12,132.63,1.288,47.88,61.68,85.9
2026-09-18 14:21:28,LUM-101,25.85,77.2,133.81,1.309,48.05,62.9,87.3
2026-09-18 14:21:38,LUM-101,25.96,76.95,122.59,1.059,47.88,50.72,70.6
2026-09-18 14:21:48,LUM-101,25.97,76.77,123.65,1.084,48.05,52.09,72.3
2026-09-18 14:21:58,LUM-101,25.92,76.81,130.24,1.236,48.04,59.38,82.4
2026-09-18 14:22:08,LUM-101,25.95,76.71,126.79,1.16,47.95,55.64,77.4
2026-09-18 14:22:18,LUM-101,25.88,76.75,132.12,1.283,47.96,61.52,85.5
2026-09-18 14:22:28,LUM-101,25.89,76.67,126.62,1.156,48.0,55.49,77.1
2026-09-18 14:22:38,LUM-101,26.03,76.52,125.27,1.124,48.17,54.16,75.0
2026-09-18 14:22:48,LUM-101,25.96,76.35,125.26,1.133,47.96,54.34,75.5
2026-09-18 14:22:58,LUM-101,26.05,76.13,123.12,1.085,48.11,52.21,72.4
2026-09-18 14:23:08,LUM-101,25.94,76.14,128.43,1.207,48.13,58.11,80.5
2026-09-18 14:23:18,LUM-101,25.92,75.95,123.58,1.099,48.14,52.93,73.3
2026-09-18 14:23:28,LUM-101,25.88,75.81,123.88,1.113,48.0,53.41,74.2
2026-09-18 14:23:38,LUM-101,25.98,76.05,136.64,1.403,47.99,67.32,93.5
2026-09-18 14:23:48,LUM-101,25.88,76.23,133.34,1.323,47.98,63.46,88.2
2026-09-18 14:23:58,LUM-101,26.05,76.47,138.25,1.428,48.06,68.64,95.2
2026-09-18 14:24:08,LUM-101,25.95,76.61,134.68,1.343,48.05,64.52,89.5
2026-09-18 14:24:18,LUM-101,26.01,76.74,134.97,1.352,47.87,64.7,90.1
2026-09-18 14:24:28,LUM-101,26.07,76.58,125.12,1.128,47.81,53.93,75.2
2026-09-18 14:24:38,LUM-101,26.0,76.9,140.1,1.465,47.93,70.23,97.7
2026-09-18 14:24:48,LUM-101,26.08,76.65,122.29,1.061,47.82,50.71,70.7
2026-09-18 14:24:58,LUM-101,25.99,76.53,125.76,1.141,47.95,54.7,76.1
2026-09-18 14:25:08,LUM-101,25.98,76.71,136.79,1.39,48.02,66.76,92.7
2026-09-18 14:25:18,LUM-101,25.91,76.78,132.55,1.289,48.07,61.97,85.9
2026-09-18 14:25:28,LUM-101,26.0,76.86,132.9,1.295,48.08,62.28,86.3
2026-09-18 14:25:38,LUM-101,26.06,76.8,128.12,1.19,47.93,57.03,79.3
2026-09-18 14:25:48,LUM-101,25.98,77.02,137.43,1.402,47.87,67.13,93.5
2026-09-18 14:25:58,LUM-101,26.07,76.83,124.34,1.103,47.87,52.78,73.5
2026-09-18 14:26:08,LUM-101,26.08,77.18,140.87,1.48,47.81,70.76,98.7
2026-09-18 14:26:18,LUM-101,25.97,77.31,134.21,1.321,47.84,63.22,88.1
2026-09-18 14:26:28,LUM-101,26.1,77.49,136.64,1.372,47.92,65.72,91.4
2026-09-18 14:26:38,LUM-101,26.08,77.34,126.71,1.14,48.11,54.85,76.0
2026-09-18 14:26:48,LUM-101,26.06,77.56,137.56,1.384,48.16,66.67,92.3
2026-09-18 14:26:58,LUM-101,25.99,77.38,125.52,1.114,48.02,53.49,74.3
2026-09-18 14:27:08,LUM-101,26.04,77.35,130.75,1.234,48.08,59.34,82.3
2026-09-18 14:27:18,LUM-101,26.12,77.47,134.04,1.31,47.97,62.86,87.4
2026-09-18 14:27:28,LUM-101,25.99,77.63,136.84,1.376,47.8,65.79,91.8
2026-09-18 14:27:38,LUM-101,25.93,77.81,138.7,1.406,48.13,67.65,93.7
2026-09-18 14:27:48,LUM-101,26.05,77.9,135.06,1.326,47.89,63.51,88.4
2026-09-18 14:27:58,LUM-101,25.95,77.83,131.06,1.236,47.84,59.15,82.4
2026-09-18 14:28:08,LUM-101,25.97,77.67,126.95,1.137,48.16,54.75,75.8
2026-09-18 14:28:18,LUM-101,25.95,77.6,131.49,1.25,47.89,59.87,83.3
2026-09-18 14:28:28,LUM-101,25.98,77.49,128.39,1.181,47.9,56.56,78.7
2026-09-18 14:28:38,LUM-101,26.02,77.32,127.4,1.156,48.15,55.64,77.0
2026-09-18 14:28:48,LUM-101,25.97,77.12,125.83,1.131,47.85,54.13,75.4
2026-09-18 14:28:58,LUM-101,25.98,77.33,138.01,1.409,47.86,67.42,93.9
2026-09-18 14:29:08,LUM-101,25.99,77.66,141.44,1.473,48.13,70.87,98.2
2026-09-18 14:29:18,LUM-101,26.13,77.42,124.77,1.099,47.86,52.61,73.3
2026-09-18 14:29:28,LUM-101,26.07,77.55,136.77,1.372,47.95,65.8,91.5
2026-09-18 14:29:38,LUM-101,26.03,77.32,124.0,1.082,47.92,51.86,72.2
2026-09-18 14:29:48,LUM-101,26.0,77.15,127.49,1.169,47.87,55.93,77.9
2026-09-18 14:29:58,LUM-101,25.96,77.1,128.86,1.198,48.0,57.51,79.9
2026-09-18 14:30:08,LUM-101,26.01,77.13,133.75,1.307,48.14,62.91,87.1
2026-09-18 14:30:18,LUM-101,26.05,77.08,131.12,1.252,47.94,60.04,83.5
2026-09-18 14:30:28,LUM-101,26.01,76.87,123.58,1.084,47.88,51.9,72.3
2026-09-18 14:30:38,LUM-101,25.97,76.88,130.8,1.252,47.87,59.91,83.4
2026-09-18 14:30:48,LUM-101,26.03,76.71,126.48,1.152,47.99,55.3,76.8
2026-09-18 14:30:58,LUM-101,25.96,76.52,123.26,1.079,48.12,51.93,71.9
2026-09-18 14:31:08,LUM-101,26.13,76.87,141.33,1.494,47.94,71.62,99.6
2026-09-18 14:31:18,LUM-101,26.11,76.61,121.99,1.05,48.02,50.42,70.0
2026-09-18 14:31:28,LUM-101,26.02,77.01,141.65,1.494,48.08,71.82,99.6
2026-09-18 14:31:38,LUM-101,26.12,76.85,125.08,1.119,47.88,53.6,74.6
2026-09-18 14:31:48,LUM-101,26.01,76.64,125.41,1.133,47.82,54.19,75.5
2026-09-18 14:31:58,LUM-101,26.04,77.03,141.35,1.492,47.92,71.47,99.4
2026-09-18 14:32:08,LUM-101,26.01,77.12,132.59,1.282,48.08,61.63,85.5
2026-09-18 14:32:18,LUM-101,26.16,76.98,126.79,1.152,48.06,55.35,76.8
2026-09-18 14:32:28,LUM-101,26.02,76.88,126.86,1.154,48.11,55.53,77.0
2026-09-18 14:32:38,LUM-101,26.1,77.01,134.31,1.324,48.07,63.66,88.3
2026-09-18 14:32:48,LUM-101,25.99,77.04,132.11,1.271,48.13,61.19,84.8
2026-09-18 14:32:58,LUM-101,26.1,76.88,124.37,1.099,48.01,52.76,73.3
2026-09-18 14:33:08,LUM-101,26.12,77.18,140.77,1.468,48.13,70.66,97.9
2026-09-18 14:33:18,LUM-101,26.1,77.15,128.83,1.193,48.13,57.42,79.5
2026-09-18 14:33:28,LUM-101,26.09,77.23,135.08,1.335,48.13,64.28,89.0
2026-09-18 14:33:38,LUM-101,26.07,77.19,128.8,1.194,48.03,57.35,79.6
2026-09-18 14:33:48,LUM-101,26.13,77.09,128.86,1.203,47.8,57.53,80.2
2026-09-18 14:33:58,LUM-101,26.1,77.02,129.97,1.227,47.94,58.84,81.8
2026-09-18 14:34:08,LUM-101,26.19,77.09,132.86,1.296,47.83,61.97,86.4
2026-09-18 14:34:18,LUM-101,26.17,77.33,139.54,1.437,48.09,69.11,95.8
2026-09-18 14:34:28,LUM-101,26.14,77.55,139.01,1.427,47.87,68.29,95.1
2026-09-18 14:34:38,LUM-101,26.1,77.5,130.53,1.228,47.97,58.92,81.9
2026-09-18 14:34:48,LUM-101,26.09,77.65,135.82,1.35,47.87,64.63,90.0
2026-09-18 14:34:58,LUM-101,26.18,77.93,141.21,1.462,48.08,70.31,97.5
2026-09-18 14:35:08,LUM-101,26.05,78.01,134.34,1.306,47.93,62.59,87.1
2026-09-18 14:35:18,LUM-101,26.11,77.94,130.34,1.215,47.93,58.23,81.0
2026-09-18 14:35:28,LUM-101,26.14,77.85,128.64,1.175,48.03,56.43,78.3
2026-09-18 14:35:38,LUM-101,26.14,77.87,132.33,1.266,47.8,60.51,84.4
2026-09-18 14:35:48,LUM-101,26.07,77.67,126.52,1.127,48.15,54.28,75.2
2026-09-18 14:35:58,LUM-101,26.2,77.89,140.03,1.435,48.13,69.04,95.6
2026-09-18 14:36:08,LUM-101,26.04,77.6,125.05,1.101,47.89,52.72,73.4
2026-09-18 14:36:18,LUM-101,26.03,77.4,123.86,1.072,48.16,51.63,71.5
2026-09-18 14:36:28,LUM-101,26.2,77.26,126.07,1.127,48.12,54.24,75.1
2026-09-18 14:36:38,LUM-101,26.15,77.39,135.17,1.343,47.82,64.21,89.5
2026-09-18 14:36:48,LUM-101,26.19,77.35,131.75,1.261,47.92,60.45,84.1
2026-09-18 14:36:58,LUM-101,26.15,77.61,141.7,1.484,47.99,71.2,98.9
2026-09-18 14:37:08,LUM-101,26.15,77.77,138.37,1.404,47.94,67.33,93.6
2026-09-18 14:37:18,LUM-101,26.16,77.72,129.75,1.208,47.86,57.81,80.5
2026-09-18 14:37:28,LUM-101,26.08,77.65,128.84,1.188,47.87,56.88,79.2
2026-09-18 14:37:38,LUM-101,26.18,77.67,132.41,1.268,47.96,60.82,84.5
2026-09-18 14:37:48,LUM-101,26.05,77.89,140.16,1.44,48.06,69.19,96.0
2026-09-18 14:37:58,LUM-101,26.15,78.11,138.84,1.404,48.07,67.48,93.6
2026-09-18 14:38:08,LUM-101,26.09,78.16,135.87,1.34,47.84,64.12,89.3
2026-09-18 14:38:18,LUM-101,26.2,78.32,136.57,1.345,48.11,64.73,89.7
2026-09-18 14:38:28,LUM-101,26.06,78.33,134.58,1.297,48.19,62.51,86.5
2026-09-18 14:38:38,LUM-101,26.09,78.52,139.81,1.42,47.97,68.1,94.6
2026-09-18 14:38:48,LUM-101,26.14,78.21,124.03,1.061,47.98,50.91,70.7
2026-09-18 14:38:58,LUM-101,26.11,78.15,131.02,1.22,48.15,58.74,81.3
2026-09-18 14:39:08,LUM-101,26.21,78.38,141.1,1.448,48.14,69.69,96.5
2026-09-18 14:39:18,LUM-101,26.14,78.5,137.72,1.376,47.83,65.8,91.7
2026-09-18 14:39:28,LUM-101,26.21,78.45,131.2,1.225,47.85,58.61,81.6
2026-09-18 14:39:38,LUM-101,26.12,78.42,133.1,1.263,48.11,60.75,84.2
2026-09-18 14:39:48,LUM-101,26.1,78.23,128.21,1.153,48.18,55.53,76.8
2026-09-18 14:39:58,LUM-101,26.1,78.45,141.95,1.474,47.87,70.56,98.3
2026-09-18 14:40:08,LUM-101,26.26,78.49,136.25,1.338,47.97,64.18,89.2
2026-09-18 14:40:18,LUM-101,26.13,78.52,135.39,1.317,47.98,63.19,87.8
2026-09-18 14:40:28,LUM-101,26.26,78.64,137.19,1.359,47.88,65.05,90.6
2026-09-18 14:40:38,LUM-101,26.15,78.59,131.22,1.214,48.15,58.48,81.0
2026-09-18 14:40:48,LUM-101,26.24,78.55,132.32,1.241,48.13,59.75,82.8
2026-09-18 14:40:58,LUM-101,26.17,78.36,127.39,1.136,47.95,54.47,75.7
2026-09-18 14:41:08,LUM-101,26.16,78.49,136.79,1.352,47.92,64.77,90.1
2026-09-18 14:41:18,LUM-101,26.11,78.58,137.13,1.35,48.19,65.06,90.0
2026-09-18 14:41:28,LUM-101,26.13,78.43,129.75,1.188,48.01,57.03,79.2
2026-09-18 14:41:38,LUM-101,26.11,78.1,124.04,1.064,47.96,51.04,70.9
2026-09-18 14:41:48,LUM-101,26.14,78.21,137.0,1.356,48.18,65.32,90.4
2026-09-18 14:41:58,LUM-101,26.14,78.25,134.16,1.297,47.89,62.11,86.5
2026-09-18 14:42:08,LUM-101,26.14,78.0,123.74,1.062,47.85,50.83,70.8
2026-09-18 14:42:18,LUM-101,26.16,78.03,135.64,1.335,47.93,64.01,89.0
2026-09-18 14:42:28,LUM-101,26.14,78.0,132.85,1.268,48.08,60.95,84.5
2026-09-18 14:42:38,LUM-101,26.17,78.33,142.21,1.476,48.08,70.98,98.4
2026-09-18 14:42:48,LUM-101,26.17,78.22,130.47,1.212,47.88,58.05,80.8
2026-09-18 14:42:58,LUM-101,26.2,78.44,140.09,1.432,47.84,68.49,95.4
2026-09-18 14:43:08,LUM-101,26.22,78.59,137.92,1.374,47.98,65.93,91.6
2026-09-18 14:43:18,LUM-101,26.27,78.82,142.16,1.464,48.08,70.37,97.6
2026-09-18 14:43:28,LUM-101,26.2,79.06,143.58,1.492,48.06,71.69,99.5
2026-09-18 14:43:38,LUM-101,26.19,79.26,142.19,1.455,48.05,69.92,97.0
2026-09-18 14:43:48,LUM-101,26.3,79.07,128.97,1.158,47.86,55.44,77.2
2026-09-18 14:43:58,LUM-101,26.16,79.35,143.48,1.484,48.01,71.26,98.9
2026-09-18 14:44:08,LUM-101,26.21,79.33,134.22,1.273,47.9,60.99,84.9
2026-09-18 14:44:18,LUM-101,26.27,79.42,138.06,1.354,48.13,65.16,90.2
2026-09-18 14:44:28,LUM-101,26.21,79.24,130.05,1.18,47.85,56.46,78.7
2026-09-18 14:44:38,LUM-101,26.29,78.94,124.5,1.053,48.09,50.62,70.2
2026-09-18 14:44:48,LUM-101,26.27,79.18,142.87,1.473,48.03,70.76,98.2
2026-09-18 14:44:58,LUM-101,26.21,79.02,129.77,1.179,47.84,56.39,78.6
2026-09-18 14:45:08,LUM-101,26.21,78.74,126.69,1.113,47.88,53.28,74.2
2026-09-18 14:45:18,LUM-101,26.24,78.9,138.62,1.387,47.85,66.36,92.5
2026-09-18 14:45:28,LUM-101,26.33,78.83,132.63,1.245,48.03,59.77,83.0
2026-09-18 14:45:38,LUM-101,26.21,78.96,139.22,1.394,48.02,66.95,93.0
2026-09-18 14:45:48,LUM-101,26.29,78.84,131.97,1.234,47.86,59.03,82.2
2026-09-18 14:45:58,LUM-101,26.22,78.85,134.15,1.282,47.92,61.45,85.5
2026-09-18 14:46:08,LUM-101,26.3,78.81,134.13,1.283,47.9,61.47,85.5
2026-09-18 14:46:18,LUM-101,26.18,78.83,135.14,1.3,48.14,62.57,86.6
2026-09-18 14:46:28,LUM-101,26.16,78.69,129.11,1.169,47.9,56.02,78.0
2026-09-18 14:46:38,LUM-101,26.25,78.59,132.16,1.243,47.88,59.53,82.9
2026-09-18 14:46:48,LUM-101,26.25,78.35,126.41,1.111,48.08,53.4,74.0
2026-09-18 14:46:58,LUM-101,26.34,78.24,128.47,1.164,47.94,55.81,77.6
2026-09-18 14:47:08,LUM-101,26.33,78.06,126.08,1.107,48.19,53.35,73.8
2026-09-18 14:47:18,LUM-101,26.26,77.87,125.76,1.106,48.1,53.21,73.7
2026-09-18 14:47:28,LUM-101,26.2,78.08,139.47,1.421,47.99,68.21,94.8
2026-09-18 14:47:38,LUM-101,26.35,78.1,132.49,1.262,47.87,60.44,84.2
2026-09-18 14:47:48,LUM-101,26.36,78.36,141.87,1.473,47.9,70.56,98.2
2026-09-18 14:47:58,LUM-101,26.27,78.58,139.88,1.423,47.86,68.11,94.9
2026-09-18 14:48:08,LUM-101,26.35,78.7,137.63,1.364,48.0,65.49,91.0
2026-09-18 14:48:18,LUM-101,26.23,78.96,143.43,1.487,48.16,71.63,99.2
2026-09-18 14:48:28,LUM-101,26.34,79.1,137.63,1.35,48.17,65.04,90.0
2026-09-18 14:48:38,LUM-101,26.35,78.82,126.88,1.109,48.14,53.4,73.9
2026-09-18 14:48:48,LUM-101,26.3,78.75,131.33,1.215,48.11,58.43,81.0
2026-09-18 14:48:58,LUM-101,26.32,79.02,142.29,1.459,48.2,70.3,97.2
2026-09-18 14:49:08,LUM-101,26.3,78.78,127.03,1.121,47.84,53.61,74.7
2026-09-18 14:49:18,LUM-101,26.22,78.94,140.86,1.437,47.87,68.8,95.8
2026-09-18 14:49:28,LUM-101,26.35,79.05,136.68,1.334,47.99,64.03,88.9
2026-09-18 14:49:38,LUM-101,26.39,79.23,141.76,1.452,47.83,69.47,96.8
2026-09-18 14:49:48,LUM-101,26.28,79.38,139.22,1.38,48.2,66.49,92.0
2026-09-18 14:49:58,LUM-101,26.23,79.1,128.0,1.13,48.06,54.33,75.4
2026-09-18 14:50:08,LUM-101,26.35,78.91,127.05,1.119,47.83,53.5,74.6
2026-09-18 14:50:18,LUM-101,26.27,78.7,129.42,1.173,48.04,56.36,78.2
2026-09-18 14:50:28,LUM-101,26.39,78.86,140.85,1.439,47.86,68.88,95.9
2026-09-18 14:50:38,LUM-101,26.25,78.63,126.88,1.113,48.15,53.61,74.2
2026-09-18 14:50:48,LUM-101,26.23,78.78,139.92,1.421,47.81,67.94,94.7
2026-09-18 14:50:58,LUM-101,26.25,78.69,132.26,1.239,48.04,59.53,82.6
2026-09-18 14:51:08,LUM-101,26.29,78.92,142.51,1.468,48.15,70.66,97.8
2026-09-18 14:51:18,LUM-101,26.4,78.8,130.1,1.187,48.01,57.0,79.1
2026-09-18 14:51:28,LUM-101,26.36,78.8,135.16,1.308,47.88,62.62,87.2
2026-09-18 14:51:38,LUM-101,26.4,78.59,127.8,1.144,47.81,54.68,76.2
2026-09-18 14:51:48,LUM-101,26.36,78.79,140.85,1.435,48.04,68.96,95.7
2026-09-18 14:51:58,LUM-101,26.41,78.58,127.03,1.123,47.92,53.83,74.9
2026-09-18 14:52:08,LUM-101,26.36,78.78,140.06,1.417,48.07,68.09,94.4
2026-09-18 14:52:18,LUM-101,26.31,78.62,129.16,1.17,48.01,56.16,78.0
2026-09-18 14:52:28,LUM-101,26.32,78.59,132.67,1.251,48.04,60.08,83.4
2026-09-18 14:52:38,LUM-101,26.31,78.51,131.99,1.237,48.03,59.42,82.5
2026-09-18 14:52:48,LUM-101,26.28,78.74,140.67,1.429,48.15,68.81,95.3
2026-09-18 14:52:58,LUM-101,26.43,78.69,131.9,1.23,48.06,59.13,82.0
2026-09-18 14:53:08,LUM-101,26.39,78.61,132.61,1.252,47.93,60.0,83.5
2026-09-18 14:53:18,LUM-101,26.33,78.7,137.97,1.368,48.16,65.86,91.2
2026-09-18 14:53:28,LUM-101,26.35,78.47,128.07,1.146,48.08,55.11,76.4
2026-09-18 14:53:38,LUM-101,26.27,78.41,132.88,1.258,48.12,60.52,83.9
2026-09-18 14:53:48,LUM-101,26.38,78.5,136.59,1.34,48.17,64.55,89.3
2026-09-18 14:53:58,LUM-101,26.35,78.4,131.45,1.231,47.87,58.94,82.1
2026-09-18 14:54:08,LUM-101,26.31,78.21,126.32,1.114,47.97,53.46,74.3
2026-09-18 14:54:18,LUM-101,26.26,78.24,134.28,1.296,48.04,62.27,86.4
2026-09-18 14:54:28,LUM-101,26.4,78.09,127.75,1.147,48.13,55.18,76.4
2026-09-18 14:54:38,LUM-101,26.28,78.25,139.4,1.412,48.12,67.94,94.1
2026-09-18 14:54:48,LUM-101,26.36,78.27,133.05,1.264,48.16,60.86,84.3
2026-09-18 14:54:58,LUM-101,26.33,78.49,140.9,1.44,48.16,69.34,96.0
2026-09-18 14:55:08,LUM-101,26.44,78.29,126.05,1.11,47.81,53.07,74.0
2026-09-18 14:55:18,LUM-101,26.33,78.57,141.51,1.458,47.97,69.94,97.2
2026-09-18 14:55:28,LUM-101,26.35,78.38,127.93,1.142,48.2,55.06,76.2
2026-09-18 14:55:38,LUM-101,26.39,78.3,131.19,1.228,47.85,58.76,81.9
2026-09-18 14:55:48,LUM-101,26.44,78.53,141.26,1.456,47.86,69.7,97.1
2026-09-18 14:55:58,LUM-101,26.4,78.74,140.55,1.435,47.87,68.69,95.7
2026-09-18 14:56:08,LUM-101,26.42,78.8,136.5,1.332,48.13,64.11,88.8
2026-09-18 14:56:18,LUM-101,26.41,78.53,125.73,1.096,47.85,52.44,73.1
2026-09-18 14:56:28,LUM-101,26.28,78.7,140.62,1.43,48.1,68.81,95.4
2026-09-18 14:56:38,LUM-101,26.41,78.37,124.61,1.069,48.06,51.37,71.3
2026-09-18 14:56:48,LUM-101,26.43,78.7,142.87,1.488,47.93,71.31,99.2
2026-09-18 14:56:58,LUM-101,26.33,79.0,142.56,1.477,47.82,70.63,98.5
2026-09-18 14:57:08,LUM-101,26.42,79.03,137.31,1.348,48.02,64.75,89.9
2026-09-18 14:57:18,LUM-101,26.35,79.1,137.37,1.351,47.94,64.75,90.0
2026-09-18 14:57:28,LUM-101,26.38,79.18,138.5,1.371,48.07,65.92,91.4
2026-09-18 14:57:38,LUM-101,26.38,79.39,140.88,1.428,47.86,68.33,95.2
2026-09-18 14:57:48,LUM-101,26.47,79.14,127.0,1.107,48.03,53.18,73.8
2026-09-18 14:57:58,LUM-101,26.41,78.92,128.05,1.133,48.17,54.59,75.6
2026-09-18 14:58:08,LUM-101,26.3,78.58,124.44,1.064,47.88,50.96,71.0
2026-09-18 14:58:18,LUM-101,26.4,78.51,131.43,1.221,48.16,58.81,81.4
2026-09-18 14:58:28,LUM-101,26.3,78.41,129.12,1.176,47.92,56.35,78.4
2026-09-18 14:58:38,LUM-101,26.47,78.61,141.33,1.455,47.89,69.69,97.0
2026-09-18 14:58:48,LUM-101,26.35,78.87,142.92,1.478,48.16,71.17,98.5
2026-09-18 14:58:58,LUM-101,26.35,78.86,133.54,1.269,47.88,60.76,84.6
2026-09-18 14:59:08,LUM-101,26.33,78.99,139.28,1.399,47.88,66.99,93.3
2026-09-18 14:59:18,LUM-101,26.31,79.02,135.51,1.309,47.95,62.77,87.3
2026-09-18 14:59:28,LUM-101,26.47,78.75,125.81,1.087,48.11,52.29,72.5
2026-09-18 14:59:38,LUM-101,26.5,79.01,142.2,1.46,48.09,70.21,97.3
2026-09-18 14:59:48,LUM-101,26.47,78.76,127.81,1.14,47.82,54.51,76.0
2026-09-18 14:59:58,LUM-101,26.43,78.66,131.24,1.22,47.9,58.43,81.3
2026-09-18 15:00:08,LUM-101,26.42,78.78,137.01,1.352,47.84,64.7,90.2
2026-09-18 15:00:18,LUM-101,26.4,78.86,135.65,1.311,48.11,63.1,87.4
2026-09-18 15:00:28,LUM-101,26.35,78.92,138.15,1.375,47.85,65.81,91.7
2026-09-18 15:00:38,LUM-101,26.32,78.61,125.36,1.08,48.08,51.94,72.0
2026-09-18 15:00:48,LUM-101,26.41,78.61,133.05,1.258,48.09,60.49,83.9
2026-09-18 15:00:58,LUM-101,26.38,78.75,137.86,1.368,48.02,65.68,91.2
2026-09-18 15:01:08,LUM-101,26.4,78.98,141.01,1.439,47.9,68.92,95.9
2026-09-18 15:01:18,LUM-101,26.4,79.12,140.64,1.421,48.13,68.36,94.7
2026-09-18 15:01:28,LUM-101,26.4,79.22,137.37,1.345,48.03,64.61,89.7
2026-09-18 15:01:38,LUM-101,26.52,79.04,129.98,1.183,47.85,56.6,78.9
2026-09-18 15:01:48,LUM-101,26.43,78.73,124.58,1.06,48.07,50.95,70.7
2026-09-18 15:01:58,LUM-101,26.44,78.77,136.18,1.332,47.88,63.79,88.8
2026-09-18 15:02:08,LUM-101,26.4,78.55,126.72,1.116,47.95,53.53,74.4
2026-09-18 15:02:18,LUM-101,26.37,78.59,134.48,1.293,48.03,62.1,86.2
2026-09-18 15:02:28,LUM-101,26.4,78.42,127.0,1.125,47.97,53.97,75.0
2026-09-18 15:02:38,LUM-101,26.53,78.58,139.92,1.42,47.98,68.16,94.7
2026-09-18 15:02:48,LUM-101,26.53,78.66,135.92,1.326,47.98,63.61,88.4
2026-09-18 15:02:58,LUM-101,26.39,78.9,143.08,1.484,48.05,71.31,99.0
2026-09-18 15:03:08,LUM-101,26.54,79.1,139.75,1.404,48.01,67.39,93.6
2026-09-18 15:03:18,LUM-101,26.39,78.96,130.84,1.198,48.12,57.65,79.9
2026-09-18 15:03:28,LUM-101,26.47,79.08,138.7,1.375,48.18,66.25,91.7
2026-09-18 15:03:38,LUM-101,26.43,79.38,144.22,1.497,48.12,72.04,99.8
2026-09-18 15:03:48,LUM-101,26.48,79.29,133.12,1.25,47.86,59.81,83.3
2026-09-18 15:03:58,LUM-101,26.45,79.16,129.42,1.167,47.88,55.85,77.8
2026-09-18 15:04:08,LUM-101,26.47,78.82,124.18,1.053,47.86,50.4,70.2
2026-09-18 15:04:18,LUM-101,26.5,78.89,137.94,1.362,48.17,65.61,90.8
2026-09-18 15:04:28,LUM-101,26.42,78.65,125.13,1.08,47.81,51.64,72.0
2026-09-18 15:04:38,LUM-101,26.51,78.56,131.38,1.227,47.82,58.69,81.8
2026-09-18 15:04:48,LUM-101,26.55,78.41,127.32,1.134,47.93,54.34,75.6
2026-09-18 15:04:58,LUM-101,26.45,78.54,137.34,1.36,48.02,65.33,90.7
2026-09-18 15:05:08,LUM-101,26.46,78.34,125.78,1.1,47.91,52.71,73.3
2026-09-18 15:05:18,LUM-101,26.42,78.19,127.87,1.151,47.96,55.2,76.7
2026-09-18 15:05:28,LUM-101,26.41,78.32,136.56,1.345,48.12,64.72,89.7
2026-09-18 15:05:38,LUM-101,26.57,78.14,127.31,1.135,48.13,54.64,75.7
2026-09-18 15:05:48,LUM-101,26.4,78.15,132.81,1.26,48.2,60.73,84.0
2026-09-18 15:05:58,LUM-101,26.48,78.16,132.83,1.266,47.98,60.74,84.4
2026-09-18 15:06:08,LUM-101,26.46,77.97,125.64,1.099,48.2,52.97,73.3
2026-09-18 15:06:18,LUM-101,26.57,78.04,135.75,1.333,48.1,64.12,88.9
2026-09-18 15:06:28,LUM-101,26.52,78.04,131.97,1.245,48.12,59.92,83.0
2026-09-18 15:06:38,LUM-101,26.54,78.01,131.08,1.225,48.14,58.96,81.6
2026-09-18 15:06:48,LUM-101,26.57,77.97,129.5,1.188,48.18,57.26,79.2
2026-09-18 15:06:58,LUM-101,26.52,78.14,139.51,1.425,47.87,68.19,95.0
2026-09-18 15:07:08,LUM-101,26.44,78.16,133.46,1.285,47.84,61.45,85.6
2026-09-18 15:07:18,LUM-101,26.57,78.08,129.32,1.189,47.86,56.93,79.3
2026-09-18 15:07:28,LUM-101,26.47,77.94,128.0,1.16,47.94,55.63,77.4
2026-09-18 15:07:38,LUM-101,26.56,77.71,125.04,1.1,47.81,52.59,73.3
2026-09-18 15:07:48,LUM-101,26.56,77.42,122.86,1.054,47.89,50.49,70.3
2026-09-18 15:07:58,LUM-101,26.52,77.66,139.91,1.445,47.87,69.17,96.3
2026-09-18 15:08:08,LUM-101,26.45,77.54,127.54,1.16,47.87,55.56,77.4
2026-09-18 15:08:18,LUM-101,26.43,77.3,124.4,1.091,47.98,52.33,72.7
2026-09-18 15:08:28,LUM-101,26.47,77.19,128.21,1.185,47.85,56.69,79.0
2026-09-18 15:08:38,LUM-101,26.47,76.99,125.18,1.118,47.88,53.55,74.6
2026-09-18 15:08:48,LUM-101,26.41,77.24,139.32,1.431,48.19,68.97,95.4
2026-09-18 15:08:58,LUM-101,26.56,77.37,133.94,1.307,48.08,62.86,87.2
2026-09-18 15:09:08,LUM-101,26.57,77.33,131.09,1.247,47.89,59.74,83.2
2026-09-18 15:09:18,LUM-101,26.43,77.46,135.52,1.343,48.05,64.51,89.5
2026-09-18 15:09:28,LUM-101,26.55,77.64,135.58,1.339,48.1,64.38,89.2
2026-09-18 15:09:38,LUM-101,26.59,77.49,127.66,1.164,47.91,55.75,77.6
2026-09-18 15:09:48,LUM-101,26.49,77.4,129.04,1.192,48.13,57.37,79.5
2026-09-18 15:09:58,LUM-101,26.46,77.36,130.11,1.217,48.15,58.62,81.2
2026-09-18 15:10:08,LUM-101,26.59,77.34,131.04,1.239,48.17,59.67,82.6
2026-09-18 15:10:18,LUM-101,26.48,77.57,139.49,1.429,48.15,68.8,95.3
2026-09-18 15:10:28,LUM-101,26.53,77.75,138.3,1.402,48.0,67.28,93.4
2026-09-18 15:10:38,LUM-101,26.48,77.79,135.18,1.334,47.81,63.76,88.9
2026-09-18 15:10:48,LUM-101,26.44,78.01,138.67,1.403,48.05,67.4,93.5
2026-09-18 15:10:58,LUM-101,26.57,78.17,137.35,1.365,48.16,65.75,91.0
2026-09-18 15:11:08,LUM-101,26.51,78.3,138.06,1.378,48.17,66.39,91.9
2026-09-18 15:11:18,LUM-101,26.48,78.34,133.21,1.273,47.9,60.96,84.8
2026-09-18 15:11:28,LUM-101,26.49,78.43,136.31,1.343,47.87,64.3,89.6
2026-09-18 15:11:38,LUM-101,26.52,78.4,131.1,1.219,48.03,58.56,81.3
2026-09-18 15:11:48,LUM-101,26.62,78.33,132.21,1.246,48.04,59.88,83.1
2026-09-18 15:11:58,LUM-101,26.54,78.24,129.0,1.174,48.06,56.4,78.2
2026-09-18 15:12:08,LUM-101,26.62,78.45,139.28,1.407,48.04,67.59,93.8
2026-09-18 15:12:18,LUM-101,26.49,78.68,141.81,1.467,47.81,70.15,97.8
2026-09-18 15:12:28,LUM-101,26.47,78.62,131.81,1.227,48.17,59.1,81.8
2026-09-18 15:12:38,LUM-101,26.58,78.9,142.86,1.48,48.02,71.06,98.7
2026-09-18 15:12:48,LUM-101,26.47,78.69,127.93,1.136,48.18,54.71,75.7
2026-09-18 15:12:58,LUM-101,26.62,78.84,137.71,1.357,48.19,65.42,90.5
2026-09-18 15:13:08,LUM-101,26.54,78.74,131.62,1.222,48.09,58.76,81.5
2026-09-18 15:13:18,LUM-101,26.54,78.95,141.2,1.443,47.94,69.17,96.2
2026-09-18 15:13:28,LUM-101,26.54,78.81,130.57,1.203,47.83,57.51,80.2
2026-09-18 15:13:38,LUM-101,26.65,78.63,127.44,1.127,48.11,54.23,75.2
2026-09-18 15:13:48,LUM-101,26.65,78.33,124.57,1.068,48.13,51.38,71.2
2026-09-18 15:13:58,LUM-101,26.65,78.06,125.03,1.085,48.08,52.19,72.4
2026-09-18 15:14:08,LUM-101,26.58,78.26,139.28,1.416,47.87,67.8,94.4
2026-09-18 15:14:18,LUM-101,26.5,78.14,129.44,1.187,48.02,57.0,79.1
2026-09-18 15:14:28,LUM-101,26.57,78.43,141.28,1.458,47.88,69.83,97.2
2026-09-18 15:14:38,LUM-101,26.59,78.15,125.33,1.089,48.14,52.43,72.6
2026-09-18 15:14:48,LUM-101,26.51,78.43,141.63,1.458,48.15,70.22,97.2
2026-09-18 15:14:58,LUM-101,26.56,78.59,138.35,1.386,47.89,66.4,92.4
2026-09-18 15:15:08,LUM-101,26.66,78.36,125.67,1.098,47.86,52.57,73.2
2026-09-18 15:15:18,LUM-101,26.54,78.61,140.99,1.44,48.12,69.31,96.0
2026-09-18 15:15:28,LUM-101,26.5,78.46,130.09,1.197,47.92,57.38,79.8
2026-09-18 15:15:38,LUM-101,26.63,78.48,133.26,1.267,48.05,60.87,84.4
2026-09-18 15:15:48,LUM-101,26.69,78.56,135.68,1.318,48.14,63.47,87.9
2026-09-18 15:15:58,LUM-101,26.68,78.53,132.22,1.24,48.11,59.66,82.7
2026-09-18 15:16:08,LUM-101,26.61,78.6,137.16,1.351,48.16,65.06,90.1
2026-09-18 15:16:18,LUM-101,26.54,78.73,137.6,1.358,48.15,65.41,90.6
2026-09-18 15:16:28,LUM-101,26.58,78.71,133.09,1.256,48.09,60.42,83.8
2026-09-18 15:16:38,LUM-101,26.56,78.95,140.7,1.434,47.83,68.61,95.6
2026-09-18 15:16:48,LUM-101,26.53,78.81,130.52,1.2,47.89,57.45,80.0
2026-09-18 15:16:58,LUM-101,26.62,78.69,131.63,1.225,48.01,58.81,81.7
2026-09-18 15:17:08,LUM-101,26.62,78.95,140.99,1.441,47.82,68.93,96.1
2026-09-18 15:17:18,LUM-101,26.68,78.96,134.5,1.291,47.81,61.71,86.0
2026-09-18 15:17:28,LUM-101,26.68,78.69,124.02,1.053,47.82,50.36,70.2
2026-09-18 15:17:38,LUM-101,26.6,78.96,142.89,1.486,47.81,71.04,99.0
2026-09-18 15:17:48,LUM-101,26.53,79.23,142.95,1.471,48.12,70.8,98.1
2026-09-18 15:17:58,LUM-101,26.53,78.94,125.24,1.072,48.0,51.44,71.4
2026-09-18 15:18:08,LUM-101,26.7,78.96,134.84,1.296,47.93,62.09,86.4
2026-09-18 15:18:18,LUM-101,26.59,78.84,131.66,1.225,47.9,58.69,81.7
2026-09-18 15:18:28,LUM-101,26.65,78.65,128.02,1.141,48.06,54.85,76.1
2026-09-18 15:18:38,LUM-101,26.53,78.69,134.01,1.285,47.83,61.47,85.7
2026-09-18 15:18:48,LUM-101,26.55,78.82,137.78,1.37,47.82,65.51,91.3
2026-09-18 15:18:58,LUM-101,26.72,78.68,130.18,1.195,47.87,57.22,79.7
2026-09-18 15:19:08,LUM-101,26.58,78.55,128.71,1.157,48.16,55.74,77.2
2026-09-18 15:19:18,LUM-101,26.54,78.45,130.16,1.196,48.03,57.46,79.8
2026-09-18 15:19:28,LUM-101,26.6,78.65,138.6,1.392,47.85,66.61,92.8
2026-09-18 15:19:38,LUM-101,26.64,78.94,142.42,1.473,47.9,70.53,98.2
2026-09-18 15:19:48,LUM-101,26.71,78.8,130.87,1.204,48.06,57.86,80.3
2026-09-18 15:19:58,LUM-101,26.55,79.03,141.9,1.451,48.13,69.86,96.8
2026-09-18 15:20:08,LUM-101,26.65,79.05,135.83,1.314,48.01,63.09,87.6
2026-09-18 15:20:18,LUM-101,26.72,79.17,136.95,1.343,47.82,64.2,89.5
2026-09-18 15:20:28,LUM-101,26.58,79.14,133.66,1.264,47.93,60.58,84.3
2026-09-18 15:20:38,LUM-101,26.64,78.84,124.49,1.058,47.94,50.72,70.5
2026-09-18 15:20:48,LUM-101,26.68,79.0,138.77,1.378,48.18,66.41,91.9
2026-09-18 15:20:58,LUM-101,26.55,79.02,134.45,1.278,48.18,61.59,85.2
2026-09-18 15:21:08,LUM-101,26.6,78.96,133.49,1.257,48.2,60.58,83.8
2026-09-18 15:21:18,LUM-101,26.65,79.23,143.57,1.494,47.86,71.49,99.6
2026-09-18 15:21:28,LUM-101,26.62,79.52,143.91,1.49,48.0,71.54,99.4
2026-09-18 15:21:38,LUM-101,26.6,79.23,126.39,1.093,47.96,52.41,72.9
2026-09-18 15:21:48,LUM-101,26.72,79.33,139.43,1.391,48.01,66.78,92.7
2026-09-18 15:21:58,LUM-101,26.75,79.57,142.66,1.464,47.89,70.1,97.6
2026-09-18 15:22:08,LUM-101,26.57,79.26,125.82,1.078,48.01,51.73,71.8
2026-09-18 15:22:18,LUM-101,26.7,79.52,144.1,1.498,47.9,71.76,99.9
2026-09-18 15:22:28,LUM-101,26.7,79.33,130.06,1.172,48.11,56.37,78.1
2026-09-18 15:22:38,LUM-101,26.57,79.26,134.36,1.274,48.07,61.22,84.9
2026-09-18 15:22:48,LUM-101,26.71,79.35,136.22,1.316,48.02,63.19,87.7
2026-09-18 15:22:58,LUM-101,26.73,79.29,132.89,1.237,48.13,59.55,82.5
2026-09-18 15:23:08,LUM-101,26.58,79.05,127.88,1.129,48.07,54.25,75.2
2026-09-18 15:23:18,LUM-101,26.73,78.81,127.16,1.115,48.19,53.72,74.3
2026-09-18 15:23:28,LUM-101,26.58,78.7,131.76,1.224,48.18,58.95,81.6
2026-09-18 15:23:38,LUM-101,26.61,78.69,132.64,1.246,48.12,59.95,83.1
2026-09-18 15:23:48,LUM-101,26.59,78.66,133.66,1.269,48.17,61.11,84.6
2026-09-18 15:23:58,LUM-101,26.78,78.54,128.52,1.154,48.13,55.53,76.9
2026-09-18 15:24:08,LUM-101,26.74,78.5,130.98,1.214,48.02,58.31,81.0
2026-09-18 15:24:18,LUM-101,26.67,78.67,139.76,1.409,48.17,67.87,93.9
2026-09-18 15:24:28,LUM-101,26.69,78.65,132.7,1.256,47.8,60.06,83.8
2026-09-18 15:24:38,LUM-101,26.78,78.66,134.45,1.287,48.19,62.0,85.8
2026-09-18 15:24:48,LUM-101,26.68,78.81,139.19,1.393,48.16,67.1,92.9
2026-09-18 15:24:58,LUM-101,26.65,79.01,141.3,1.444,47.94,69.21,96.3
2026-09-18 15:25:08,LUM-101,26.7,79.22,141.77,1.451,47.91,69.5,96.7
2026-09-18 15:25:18,LUM-101,26.75,79.28,135.95,1.309,48.1,62.96,87.3
2026-09-18 15:25:28,LUM-101,26.62,79.55,144.09,1.49,48.11,71.71,99.4
2026-09-18 15:25:38,LUM-101,26.62,79.67,140.17,1.404,47.86,67.22,93.6
2026-09-18 15:25:48,LUM-101,26.64,79.66,135.73,1.295,48.12,62.3,86.3
2026-09-18 15:25:58,LUM-101,26.67,79.47,130.01,1.17,47.98,56.15,78.0
2026-09-18 15:26:08,LUM-101,26.74,79.23,126.97,1.101,48.17,53.04,73.4
2026-09-18 15:26:18,LUM-101,26.77,79.34,140.05,1.403,48.08,67.45,93.5
2026-09-18 15:26:28,LUM-101,26.63,79.59,141.96,1.438,48.19,69.31,95.9
2026-09-18 15:26:38,LUM-101,26.62,79.42,129.57,1.162,47.95,55.73,77.5
2026-09-18 15:26:48,LUM-101,26.79,79.62,142.88,1.47,47.82,70.28,98.0
2026-09-18 15:26:58,LUM-101,26.77,79.87,142.4,1.444,48.12,69.48,96.3
2026-09-18 15:27:08,LUM-101,26.62,79.58,126.97,1.098,47.93,52.65,73.2
2026-09-18 15:27:18,LUM-101,26.64,79.47,131.41,1.205,47.87,57.71,80.4
2026-09-18 15:27:28,LUM-101,26.68,79.75,143.65,1.48,47.96,70.99,98.7
2026-09-18 15:27:38,LUM-101,26.7,79.94,141.32,1.42,48.03,68.2,94.7
2026-09-18 15:27:48,LUM-101,26.67,80.06,140.08,1.389,48.02,66.69,92.6
2026-09-18 15:27:58,LUM-101,26.64,79.9,132.62,1.223,47.89,58.57,81.5
2026-09-18 15:28:08,LUM-101,26.66,79.77,132.82,1.23,47.92,58.94,82.0
2026-09-18 15:28:18,LUM-101,26.7,79.95,143.17,1.46,48.12,70.24,97.3
2026-09-18 15:28:28,LUM-101,26.82,79.78,131.28,1.195,47.88,57.22,79.7
2026-09-18 15:28:38,LUM-101,26.8,79.57,129.24,1.153,47.86,55.19,76.9
2026-09-18 15:28:48,LUM-101,26.75,79.44,130.12,1.176,47.86,56.31,78.4
2026-09-18 15:28:58,LUM-101,26.68,79.19,128.38,1.14,47.96,54.65,76.0
2026-09-18 15:29:08,LUM-101,26.72,79.13,133.05,1.25,47.92,59.91,83.3
2026-09-18 15:29:18,LUM-101,26.64,79.15,135.77,1.309,48.05,62.9,87.3
2026-09-18 15:29:28,LUM-101,26.74,79.43,144.25,1.5,48.03,72.03,100.0
2026-09-18 15:29:38,LUM-101,26.74,79.52,139.27,1.387,47.87,66.39,92.5
2026-09-18 15:29:48,LUM-101,26.74,79.55,135.35,1.292,47.97,61.99,86.2
2026-09-18 15:29:58,LUM-101,26.76,79.6,135.93,1.307,47.89,62.59,87.1
2026-09-18 15:30:08,LUM-101,26.81,79.69,140.1,1.396,48.07,67.12,93.1
2026-09-18 15:30:18,LUM-101,26.74,79.84,141.0,1.412,48.13,67.95,94.1
2026-09-18 15:30:28,LUM-101,26.73,79.89,138.89,1.368,47.93,65.56,91.2
2026-09-18 15:30:38,LUM-101,26.68,80.15,144.82,1.494,48.08,71.85,99.6
2026-09-18 15:30:48,LUM-101,26.78,80.01,130.36,1.169,47.86,55.95,77.9
2026-09-18 15:30:58,LUM-101,26.72,79.72,128.74,1.136,47.95,54.46,75.7
2026-09-18 15:31:08,LUM-101,26.84,79.45,127.37,1.11,47.96,53.24,74.0
2026-09-18 15:31:18,LUM-101,26.78,79.75,143.98,1.484,48.1,71.36,98.9
2026-09-18 15:31:28,LUM-101,26.75,79.94,141.91,1.438,47.88,68.86,95.9
2026-09-18 15:31:38,LUM-101,26.82,80.13,142.52,1.439,48.18,69.32,95.9
2026-09-18 15:31:48,LUM-101,26.74,79.86,126.56,1.084,47.85,51.89,72.3
2026-09-18 15:31:58,LUM-101,26.83,79.74,133.19,1.237,48.0,59.39,82.5
2026-09-18 15:32:08,LUM-101,26.71,79.52,129.76,1.162,48.06,55.82,77.4
2026-09-18 15:32:18,LUM-101,26.82,79.48,134.05,1.267,47.87,60.64,84.5
2026-09-18 15:32:28,LUM-101,26.79,79.53,136.17,1.313,47.93,62.93,87.5
2026-09-18 15:32:38,LUM-101,26.86,79.27,125.73,1.076,47.97,51.62,71.8
2026-09-18 15:32:48,LUM-101,26.72,79.38,137.48,1.344,48.04,64.55,89.6
2026-09-18 15:32:58,LUM-101,26.76,79.61,143.44,1.473,48.14,70.92,98.2
2026-09-18 15:33:08,LUM-101,26.76,79.42,128.67,1.141,47.94,54.72,76.1
2026-09-18 15:33:18,LUM-101,26.78,79.35,134.45,1.279,47.87,61.22,85.3
2026-09-18 15:33:28,LUM-101,26.81,79.31,134.83,1.281,48.16,61.69,85.4
2026-09-18 15:33:38,LUM-101,26.86,79.16,129.26,1.159,48.01,55.67,77.3
2026-09-18 15:33:48,LUM-101,26.8,79.46,143.25,1.476,48.03,70.88,98.4
2026-09-18 15:33:58,LUM-101,26.86,79.44,133.75,1.26,47.89,60.34,84.0
2026-09-18 15:34:08,LUM-101,26.69,79.55,139.04,1.382,47.83,66.1,92.1
2026-09-18 15:34:18,LUM-101,26.79,79.53,135.97,1.304,48.09,62.71,86.9
2026-09-18 15:34:28,LUM-101,26.76,79.28,128.72,1.146,47.94,54.93,76.4
2026-09-18 15:34:38,LUM-101,26.73,79.41,137.56,1.351,47.83,64.61,90.0
2026-09-18 15:34:48,LUM-101,26.72,79.51,137.72,1.348,47.97,64.67,89.9
2026-09-18 15:34:58,LUM-101,26.87,79.66,140.25,1.406,47.89,67.32,93.7
2026-09-18 15:35:08,LUM-101,26.72,79.39,126.64,1.095,47.95,52.5,73.0
2026-09-18 15:35:18,LUM-101,26.86,79.18,129.57,1.162,48.17,55.98,77.5
2026-09-18 15:35:28,LUM-101,26.72,79.0,129.36,1.166,47.97,55.95,77.8
2026-09-18 15:35:38,LUM-101,26.72,78.73,125.55,1.088,47.82,52.02,72.5
2026-09-18 15:35:48,LUM-101,26.86,79.0,141.07,1.435,48.07,68.96,95.6
2026-09-18 15:35:58,LUM-101,26.86,79.03,133.85,1.271,47.95,60.92,84.7
2026-09-18 15:36:08,LUM-101,26.74,79.05,135.45,1.309,47.88,62.67,87.3
2026-09-18 15:36:18,LUM-101,26.9,78.84,128.88,1.163,47.82,55.6,77.5
2026-09-18 15:36:28,LUM-101,26.75,78.8,132.14,1.237,47.91,59.27,82.5
2026-09-18 15:36:38,LUM-101,26.84,79.05,143.09,1.485,47.9,71.16,99.0
2026-09-18 15:36:48,LUM-101,26.75,79.26,142.27,1.46,47.95,70.02,97.4
2026-09-18 15:36:58,LUM-101,26.75,79.25,135.03,1.293,47.95,61.98,86.2
2026-09-18 15:37:08,LUM-101,26.72,79.32,136.91,1.338,47.82,63.99,89.2
2026-09-18 15:37:18,LUM-101,26.76,79.26,134.64,1.28,48.08,61.53,85.3
2026-09-18 15:37:28,LUM-101,26.73,79.53,143.95,1.496,47.84,71.58,99.7
2026-09-18 15:37:38,LUM-101,26.83,79.78,144.25,1.488,48.13,71.63,99.2
2026-09-18 15:37:48,LUM-101,26.75,79.68,131.43,1.198,47.98,57.5,79.9
2026-09-18 15:37:58,LUM-101,26.9,79.38,125.04,1.057,48.0,50.73,70.5
2026-09-18 15:38:08,LUM-101,26.85,79.29,131.22,1.201,48.04,57.7,80.1
2026-09-18 15:38:18,LUM-101,26.76,78.99,124.75,1.055,48.19,50.85,70.3
2026-09-18 15:38:28,LUM-101,26.83,79.29,142.61,1.46,48.18,70.35,97.3
2026-09-18 15:38:38,LUM-101,26.76,79.06,128.9,1.157,47.88,55.38,77.1
2026-09-18 15:38:48,LUM-101,26.9,78.82,126.43,1.099,48.12,52.91,73.3
2026-09-18 15:38:58,LUM-101,26.82,78.69,130.26,1.195,47.94,57.3,79.7
2026-09-18 15:39:08,LUM-101,26.88,78.53,126.76,1.119,47.91,53.59,74.6
2026-09-18 15:39:18,LUM-101,26.85,78.44,130.52,1.205,48.05,57.87,80.3
2026-09-18 15:39:28,LUM-101,26.76,78.66,140.02,1.423,47.9,68.18,94.9
2026-09-18 15:39:38,LUM-101,26.93,78.9,141.75,1.458,47.91,69.84,97.2
2026-09-18 15:39:48,LUM-101,26.87,78.89,135.1,1.303,47.95,62.46,86.9
2026-09-18 15:39:58,LUM-101,26.9,78.65,125.72,1.09,47.96,52.3,72.7
2026-09-18 15:40:08,LUM-101,26.87,78.65,132.08,1.236,48.04,59.36,82.4
2026-09-18 15:40:18,LUM-101,26.81,78.53,128.24,1.154,47.87,55.23,76.9
2026-09-18 15:40:28,LUM-101,26.9,78.75,141.12,1.449,47.83,69.3,96.6
2026-09-18 15:40:38,LUM-101,26.84,78.87,137.65,1.363,47.93,65.31,90.8
2026-09-18 15:40:48,LUM-101,26.77,79.08,141.96,1.461,47.82,69.86,97.4
2026-09-18 15:40:58,LUM-101,26.84,79.09,133.11,1.255,47.82,60.02,83.7
2026-09-18 15:41:08,LUM-101,26.82,79.3,139.87,1.399,48.08,67.29,93.3
2026-09-18 15:41:18,LUM-101,26.95,79.05,126.27,1.092,48.05,52.47,72.8
2026-09-18 15:41:28,LUM-101,26.87,79.04,134.54,1.285,47.98,61.67,85.7
2026-09-18 15:41:38,LUM-101,26.79,79.09,135.41,1.305,47.94,62.57,87.0
2026-09-18 15:41:48,LUM-101,26.92,79.06,132.27,1.234,47.92,59.12,82.2
2026-09-18 15:41:58,LUM-101,26.88,79.34,143.13,1.477,48.0,70.88,98.4
2026-09-18 15:42:08,LUM-101,26.79,79.65,144.09,1.492,47.98,71.6,99.5
2026-09-18 15:42:18,LUM-101,26.87,79.61,135.41,1.293,47.96,62.0,86.2
2026-09-18 15:42:28,LUM-101,26.93,79.91,144.06,1.482,48.08,71.27,98.8
2026-09-18 15:42:38,LUM-101,26.89,80.09,143.27,1.463,47.97,70.2,97.6
2026-09-18 15:42:48,LUM-101,26.91,80.15,137.48,1.33,47.9,63.7,88.7
2026-09-18 15:42:58,LUM-101,26.92,80.1,135.23,1.275,48.05,61.25,85.0
2026-09-18 15:43:08,LUM-101,26.85,80.21,139.61,1.372,48.09,66.0,91.5
2026-09-18 15:43:18,LUM-101,26.87,80.5,144.99,1.497,47.87,71.66,99.8
2026-09-18 15:43:28,LUM-101,26.87,80.37,132.85,1.21,48.2,58.31,80.7
2026-09-18 15:43:38,LUM-101,26.89,80.52,142.35,1.435,47.87,68.7,95.7
2026-09-18 15:43:48,LUM-101,26.88,80.65,143.02,1.441,48.1,69.3,96.1
2026-09-18 15:43:58,LUM-101,26.81,80.71,141.25,1.399,48.09,67.26,93.2
2026-09-18 15:44:08,LUM-101,26.8,80.32,126.34,1.061,48.19,51.14,70.7
2026-09-18 15:44:18,LUM-101,26.86,80.17,132.09,1.204,47.9,57.68,80.3
2026-09-18 15:44:28,LUM-101,26.98,80.36,142.46,1.443,47.82,69.0,96.2
2026-09-18 15:44:38,LUM-101,26.86,79.99,125.76,1.059,48.04,50.86,70.6
2026-09-18 15:44:48,LUM-101,26.98,80.26,144.0,1.473,48.07,70.82,98.2
2026-09-18 15:44:58,LUM-101,26.88,80.47,142.43,1.431,48.1,68.84,95.4
2026-09-18 15:45:08,LUM-101,26.93,80.38,132.72,1.209,48.09,58.15,80.6
2026-09-18 15:45:18,LUM-101,26.94,80.25,132.36,1.209,47.91,57.9,80.6
2026-09-18 15:45:28,LUM-101,26.99,80.04,130.31,1.162,48.08,55.86,77.5
2026-09-18 15:45:38,LUM-101,26.98,80.23,142.59,1.44,48.12,69.29,96.0
2026-09-18 15:45:48,LUM-101,26.9,80.32,138.42,1.346,47.98,64.55,89.7
2026-09-18 15:45:58,LUM-101,26.91,80.12,131.34,1.183,48.09,56.91,78.9
2026-09-18 15:46:08,LUM-101,26.84,80.29,141.81,1.421,48.09,68.36,94.8
2026-09-18 15:46:18,LUM-101,26.94,80.38,139.5,1.367,48.06,65.69,91.1
2026-09-18 15:46:28,LUM-101,26.82,80.27,133.69,1.235,48.06,59.35,82.3
2026-09-18 15:46:38,LUM-101,26.84,80.12,131.26,1.189,47.81,56.82,79.2
2026-09-18 15:46:48,LUM-101,26.83,79.82,126.9,1.092,47.89,52.31,72.8
2026-09-18 15:46:58,LUM-101,26.86,80.11,144.33,1.489,47.92,71.36,99.3
2026-09-18 15:47:08,LUM-101,26.83,79.9,128.81,1.129,48.14,54.35,75.3
2026-09-18 15:47:18,LUM-101,26.88,79.74,129.58,1.155,47.93,55.38,77.0
2026-09-18 15:47:28,LUM-101,26.84,79.95,143.16,1.467,47.86,70.23,97.8
2026-09-18 15:47:38,LUM-101,26.91,79.68,127.68,1.115,47.81,53.33,74.4
2026-09-18 15:47:48,LUM-101,27.01,79.61,133.18,1.244,47.84,59.52,82.9
2026-09-18 15:47:58,LUM-101,27.01,79.57,135.65,1.298,48.0,62.31,86.5
2026-09-18 15:48:08,LUM-101,26.9,79.55,133.18,1.241,48.01,59.59,82.7
2026-09-18 15:48:18,LUM-101,26.95,79.42,131.51,1.21,47.83,57.88,80.7
2026-09-18 15:48:28,LUM-101,26.93,79.47,135.83,1.301,48.13,62.62,86.8
2026-09-18 15:48:38,LUM-101,26.93,79.56,136.62,1.325,47.87,63.41,88.3
2026-09-18 15:48:48,LUM-101,26.96,79.82,143.86,1.477,48.17,71.16,98.5
2026-09-18 15:48:58,LUM-101,26.87,80.0,142.31,1.448,47.83,69.24,96.5
2026-09-18 15:49:08,LUM-101,26.96,80.06,139.43,1.379,47.85,65.96,91.9
2026-09-18 15:49:18,LUM-101,26.87,79.79,128.47,1.128,47.96,54.09,75.2
2026-09-18 15:49:28,LUM-101,27.03,79.59,129.28,1.151,47.95,55.21,76.8
2026-09-18 15:49:38,LUM-101,26.97,79.52,134.76,1.282,47.86,61.38,85.5
2026-09-18 15:49:48,LUM-101,26.97,79.5,134.49,1.268,48.18,61.1,84.5
2026-09-18 15:49:58,LUM-101,27.04,79.59,139.44,1.385,48.0,66.49,92.4
2026-09-18 15:50:08,LUM-101,26.89,79.37,127.14,1.106,48.0,53.08,73.7
2026-09-18 15:50:18,LUM-101,27.02,79.22,128.76,1.149,47.91,55.05,76.6
2026-09-18 15:50:28,LUM-101,27.01,78.93,126.06,1.095,47.82,52.37,73.0
2026-09-18 15:50:38,LUM-101,26.91,79.09,138.78,1.382,48.0,66.32,92.1
2026-09-18 15:50:48,LUM-101,26.91,79.21,137.04,1.341,47.92,64.25,89.4
2026-09-18 15:50:58,LUM-101,26.92,79.45,141.03,1.425,48.02,68.43,95.0
2026-09-18 15:51:08,LUM-101,26.98,79.22,129.07,1.158,47.84,55.39,77.2
2026-09-18 15:51:18,LUM-101,27.04,79.12,132.25,1.227,48.11,59.03,81.8
2026-09-18 15:51:28,LUM-101,27.01,79.06,131.67,1.223,47.81,58.47,81.5
2026-09-18 15:51:38,LUM-101,27.03,78.78,124.86,1.069,47.87,51.2,71.3
2026-09-18 15:51:48,LUM-101,27.01,78.94,137.35,1.347,48.2,64.9,89.8
2026-09-18 15:51:58,LUM-101,26.9,79.03,135.96,1.317,48.02,63.26,87.8
2026-09-18 15:52:08,LUM-101,26.95,79.0,133.71,1.27,47.85,60.78,84.7
2026-09-18 15:52:18,LUM-101,27.0,78.8,128.61,1.154,47.94,55.35,77.0
2026-09-18 15:52:28,LUM-101,26.97,78.69,130.34,1.197,47.95,57.39,79.8
2026-09-18 15:52:38,LUM-101,26.95,78.86,139.2,1.403,47.8,67.05,93.5
2026-09-18 15:52:48,LUM-101,26.97,78.85,133.51,1.262,48.12,60.73,84.1
2026-09-18 15:52:58,LUM-101,26.93,78.59,124.97,1.07,48.15,51.53,71.4
2026-09-18 15:53:08,LUM-101,27.04,78.85,141.56,1.451,48.01,69.68,96.8
2026-09-18 15:53:18,LUM-101,27.04,78.79,130.69,1.201,48.04,57.67,80.0
2026-09-18 15:53:28,LUM-101,27.04,78.77,131.75,1.222,48.18,58.87,81.5
2026-09-18 15:53:38,LUM-101,26.99,78.69,130.7,1.207,47.87,57.8,80.5
2026-09-18 15:53:48,LUM-101,26.89,78.42,124.31,1.064,47.92,50.99,70.9
2026-09-18 15:53:58,LUM-101,27.07,78.34,130.08,1.193,48.18,57.49,79.6
2026-09-18 15:54:08,LUM-101,26.99,78.32,130.85,1.214,48.07,58.36,80.9
2026-09-18 15:54:18,LUM-101,26.97,78.15,128.32,1.157,48.16,55.75,77.2
2026-09-18 15:54:28,LUM-101,26.92,78.29,137.01,1.361,47.92,65.24,90.8
2026-09-18 15:54:38,LUM-101,26.94,78.53,141.18,1.445,48.16,69.61,96.4
2026-09-18 15:54:48,LUM-101,27.09,78.33,125.84,1.098,48.06,52.79,73.2
2026-09-18 15:54:58,LUM-101,27.08,78.59,141.8,1.462,48.02,70.23,97.5
2026-09-18 15:55:08,LUM-101,26.93,78.53,130.5,1.202,48.03,57.75,80.2
2026-09-18 15:55:18,LUM-101,26.99,78.33,125.81,1.095,48.19,52.75,73.0
2026-09-18 15:55:28,LUM-101,26.92,78.44,136.38,1.345,47.85,64.38,89.7
2026-09-18 15:55:38,LUM-101,27.03,78.71,140.64,1.438,47.87,68.82,95.8
2026-09-18 15:55:48,LUM-101,26.94,78.76,135.5,1.312,48.04,63.05,87.5
2026-09-18 15:55:58,LUM-101,26.98,78.97,140.92,1.438,47.87,68.83,95.9
2026-09-18 15:56:08,LUM-101,26.94,78.85,129.67,1.176,48.02,56.47,78.4
2026-09-18 15:56:18,LUM-101,26.95,78.9,135.22,1.302,48.07,62.58,86.8
2026-09-18 15:56:28,LUM-101,27.11,79.11,140.45,1.419,48.02,68.16,94.6
2026-09-18 15:56:38,LUM-101,27.01,79.36,142.53,1.461,48.04,70.19,97.4
2026-09-18 15:56:48,LUM-101,27.0,79.6,141.6,1.436,47.98,68.89,95.7
2026-09-18 15:56:58,LUM-101,26.95,79.79,142.05,1.436,48.17,69.18,95.7
2026-09-18 15:57:08,LUM-101,27.06,79.77,134.94,1.276,48.05,61.3,85.0
2026-09-18 15:57:18,LUM-101,26.93,79.57,129.47,1.158,47.9,55.44,77.2
2026-09-18 15:57:28,LUM-101,27.05,79.76,139.92,1.392,48.01,66.85,92.8
2026-09-18 15:57:38,LUM-101,27.04,79.85,140.18,1.399,47.9,67.03,93.3
2026-09-18 15:57:48,LUM-101,26.93,79.67,130.32,1.173,47.98,56.28,78.2
2026-09-18 15:57:58,LUM-101,27.02,79.62,132.57,1.222,48.16,58.84,81.5
2026-09-18 15:58:08,LUM-101,27.13,79.69,138.02,1.351,47.96,64.81,90.1
2026-09-18 15:58:18,LUM-101,27.01,79.88,143.32,1.468,48.01,70.49,97.9
2026-09-18 15:58:28,LUM-101,26.96,79.88,135.6,1.29,47.99,61.91,86.0
2026-09-18 15:58:38,LUM-101,26.94,79.77,131.98,1.212,47.87,58.02,80.8
2026-09-18 15:58:48,LUM-101,27.05,79.86,139.73,1.389,47.9,66.53,92.6
2026-09-18 15:58:58,LUM-101,27.0,80.11,142.61,1.452,47.84,69.45,96.8
2026-09-18 15:59:08,LUM-101,27.01,79.94,130.28,1.166,47.96,55.93,77.7
2026-09-18 15:59:18,LUM-101,27.12,79.74,129.99,1.166,47.87,55.84,77.8
2026-09-18 15:59:28,LUM-101,27.13,79.6,132.28,1.224,47.81,58.53,81.6
2026-09-18 15:59:38,LUM-101,27.09,79.89,144.15,1.492,47.85,71.4,99.5
2026-09-18 15:59:48,LUM-101,27.05,79.73,131.68,1.205,47.91,57.72,80.3
2026-09-18 15:59:58,LUM-101,27.07,79.6,131.74,1.211,47.83,57.93,80.7
2026-09-18 16:00:08,LUM-101,27.04,79.72,138.98,1.372,47.98,65.85,91.5
2026-09-18 16:00:18,LUM-101,26.99,79.82,140.09,1.393,48.06,66.96,92.9
2026-09-18 16:00:28,LUM-101,26.96,79.8,135.35,1.281,48.19,61.73,85.4
2026-09-18 16:00:38,LUM-101,27.08,79.52,125.78,1.07,48.03,51.4,71.4
2026-09-18 16:00:48,LUM-101,26.96,79.61,138.45,1.362,48.0,65.37,90.8
2026-09-18 16:00:58,LUM-101,27.12,79.72,138.45,1.362,47.92,65.25,90.8
2026-09-18 16:01:08,LUM-101,27.01,79.45,126.39,1.086,48.01,52.16,72.4
2026-09-18 16:01:18,LUM-101,27.04,79.12,124.77,1.056,48.02,50.72,70.4
2026-09-18 16:01:28,LUM-101,27.1,79.24,137.17,1.345,47.87,64.37,89.6
2026-09-18 16:01:38,LUM-101,27.12,79.44,141.58,1.434,48.16,69.05,95.6
2026-09-18 16:01:48,LUM-101,27.15,79.68,142.72,1.465,47.82,70.04,97.6
2026-09-18 16:01:58,LUM-101,27.05,79.73,136.11,1.307,47.94,62.65,87.1
2026-09-18 16:02:08,LUM-101,27.0,79.62,133.24,1.243,47.91,59.57,82.9
2026-09-18 16:02:18,LUM-101,27.03,79.86,143.18,1.463,48.08,70.36,97.6
2026-09-18 16:02:28,LUM-101,27.1,79.77,132.3,1.212,48.16,58.37,80.8
2026-09-18 16:02:38,LUM-101,27.11,79.94,141.8,1.436,47.88,68.74,95.7
2026-09-18 16:02:48,LUM-101,27.07,80.08,140.01,1.39,47.9,66.59,92.7
2026-09-18 16:02:58,LUM-101,27.16,80.25,140.42,1.393,48.0,66.85,92.8
2026-09-18 16:03:08,LUM-101,27.07,80.47,143.08,1.455,47.83,69.57,97.0
2026-09-18 16:03:18,LUM-101,27.14,80.27,131.22,1.177,48.11,56.61,78.4
2026-09-18 16:03:28,LUM-101,27.0,80.03,129.63,1.151,47.88,55.11,76.7
2026-09-18 16:03:38,LUM-101,27.14,80.18,141.41,1.419,47.94,68.04,94.6
2026-09-18 16:03:48,LUM-101,27.05,80.1,134.41,1.26,47.9,60.35,84.0
2026-09-18 16:03:58,LUM-101,27.07,79.84,128.32,1.123,47.96,53.87,74.9
2026-09-18 16:04:08,LUM-101,27.09,80.08,142.66,1.454,47.81,69.53,96.9
2026-09-18 16:04:18,LUM-101,27.1,79.95,133.14,1.229,48.08,59.1,82.0
2026-09-18 16:04:28,LUM-101,27.04,79.66,125.54,1.058,48.16,50.98,70.6
2026-09-18 16:04:38,LUM-101,27.04,79.66,136.09,1.308,47.92,62.7,87.2
2026-09-18 16:04:48,LUM-101,27.15,79.69,136.63,1.318,48.02,63.27,87.8
2026-09-18 16:04:58,LUM-101,27.02,79.75,137.08,1.329,47.92,63.7,88.6
2026-09-18 16:05:08,LUM-101,27.03,79.92,139.56,1.377,48.12,66.27,91.8
2026-09-18 16:05:18,LUM-101,27.01,79.62,125.1,1.055,47.92,50.53,70.3
2026-09-18 16:05:28,LUM-101,27.07,79.68,136.4,1.312,48.03,63.02,87.5
2026-09-18 16:05:38,LUM-101,27.17,79.45,126.55,1.091,47.96,52.33,72.7
2026-09-18 16:05:48,LUM-101,27.19,79.23,129.0,1.155,47.9,55.31,77.0
2026-09-18 16:05:58,LUM-101,27.08,79.06,129.68,1.175,47.88,56.25,78.3
2026-09-18 16:06:08,LUM-101,27.09,79.33,143.38,1.477,48.19,71.17,98.5
2026-09-18 16:06:18,LUM-101,27.04,79.44,136.67,1.32,48.17,63.59,88.0
2026-09-18 16:06:28,LUM-101,27.18,79.18,127.76,1.121,48.14,53.98,74.8
2026-09-18 16:06:38,LUM-101,27.17,79.03,129.11,1.16,47.98,55.65,77.3
2026-09-18 16:06:48,LUM-101,27.13,78.76,124.95,1.069,47.98,51.32,71.3
2026-09-18 16:06:58,LUM-101,27.11,78.69,131.77,1.229,47.98,58.98,81.9
2026-09-18 16:07:08,LUM-101,27.12,78.75,135.09,1.303,48.03,62.6,86.9
2026-09-18 16:07:18,LUM-101,27.14,79.01,142.29,1.465,48.0,70.31,97.7
2026-09-18 16:07:28,LUM-101,27.16,78.73,125.61,1.084,48.06,52.09,72.3
2026-09-18 16:07:38,LUM-101,27.1,78.42,124.02,1.055,48.01,50.66,70.3
2026-09-18 16:07:48,LUM-101,27.02,78.55,136.22,1.337,47.95,64.08,89.1
2026-09-18 16:07:58,LUM-101,27.14,78.64,135.53,1.318,47.97,63.2,87.8
2026-09-18 16:08:08,LUM-101,27.14,78.45,127.7,1.14,48.02,54.73,76.0
2026-09-18 16:08:18,LUM-101,27.17,78.49,133.2,1.263,48.12,60.79,84.2
2026-09-18 16:08:28,LUM-101,27.21,78.39,128.65,1.159,48.18,55.84,77.3
2026-09-18 16:08:38,LUM-101,27.15,78.51,136.83,1.347,48.11,64.79,89.8
2026-09-18 16:08:48,LUM-101,27.03,78.66,137.22,1.354,48.04,65.07,90.3
2026-09-18 16:08:58,LUM-101,27.08,78.63,131.18,1.214,48.11,58.38,80.9
2026-09-18 16:09:08,LUM-101,27.19,78.65,134.58,1.297,47.91,62.14,86.5
2026-09-18 16:09:18,LUM-101,27.04,78.85,141.03,1.438,48.03,69.09,95.9
2026-09-18 16:09:28,LUM-101,27.14,78.98,138.45,1.373,48.12,66.07,91.5
2026-09-18 16:09:38,LUM-101,27.18,78.83,129.61,1.173,48.1,56.42,78.2
2026-09-18 16:09:48,LUM-101,27.23,78.72,131.24,1.212,48.15,58.35,80.8
2026-09-18 16:09:58,LUM-101,27.07,78.64,129.32,1.175,47.93,56.32,78.3
2026-09-18 16:10:08,LUM-101,27.1,78.47,129.08,1.175,47.84,56.23,78.3
2026-09-18 16:10:18,LUM-101,27.07,78.4,131.41,1.232,47.81,58.89,82.1
2026-09-18 16:10:28,LUM-101,27.21,78.66,142.51,1.474,48.13,70.94,98.3
2026-09-18 16:10:38,LUM-101,27.16,78.4,126.13,1.104,48.06,53.04,73.6
2026-09-18 16:10:48,LUM-101,27.08,78.34,130.0,1.191,48.2,57.41,79.4
2026-09-18 16:10:58,LUM-101,27.14,78.56,138.98,1.4,47.94,67.14,93.4
2026-09-18 16:11:08,LUM-101,27.2,78.34,124.47,1.067,48.05,51.25,71.1
2026-09-18 16:11:18,LUM-101,27.09,78.67,143.34,1.492,48.15,71.85,99.5
2026-09-18 16:11:28,LUM-101,27.12,78.39,124.17,1.055,48.19,50.86,70.4
2026-09-18 16:11:38,LUM-101,27.18,78.13,124.8,1.083,47.87,51.86,72.2
2026-09-18 16:11:48,LUM-101,27.12,78.3,137.46,1.371,47.96,65.73,91.4
2026-09-18 16:11:58,LUM-101,27.14,78.48,137.26,1.358,48.09,65.31,90.5
2026-09-18 16:12:08,LUM-101,27.16,78.59,134.92,1.301,48.1,62.59,86.7
2026-09-18 16:12:18,LUM-101,27.25,78.51,128.96,1.164,48.17,56.06,77.6
2026-09-18 16:12:28,LUM-101,27.2,78.68,137.14,1.356,47.9,64.95,90.4
2026-09-18 16:12:38,LUM-101,27.1,78.95,142.65,1.478,47.9,70.78,98.5
2026-09-18 16:12:48,LUM-101,27.23,78.73,127.41,1.127,47.98,54.09,75.1
2026-09-18 16:12:58,LUM-101,27.15,78.89,137.87,1.367,47.96,65.53,91.1
2026-09-18 16:13:08,LUM-101,27.22,78.91,134.39,1.279,48.2,61.64,85.3
2026-09-18 16:13:18,LUM-101,27.16,78.86,133.4,1.261,48.06,60.61,84.1
2026-09-18 16:13:28,LUM-101,27.17,78.89,133.3,1.26,47.99,60.46,84.0
2026-09-18 16:13:38,LUM-101,27.15,78.75,130.1,1.193,47.8,57.05,79.6
2026-09-18 16:13:48,LUM-101,27.2,78.74,134.27,1.283,48.1,61.7,85.5
2026-09-18 16:13:58,LUM-101,27.16,78.6,129.87,1.191,47.82,56.97,79.4
2026-09-18 16:14:08,LUM-101,27.19,78.48,127.82,1.143,47.98,54.82,76.2
2026-09-18 16:14:18,LUM-101,27.26,78.83,143.14,1.486,48.09,71.45,99.1
2026-09-18 16:14:28,LUM-101,27.14,78.55,125.71,1.093,47.94,52.39,72.9
2026-09-18 16:14:38,LUM-101,27.28,78.47,130.48,1.201,48.1,57.79,80.1
2026-09-18 16:14:48,LUM-101,27.13,78.6,135.82,1.328,47.88,63.58,88.5
2026-09-18 16:14:58,LUM-101,27.09,78.38,124.67,1.069,48.12,51.43,71.3
2026-09-18 16:15:08,LUM-101,27.24,78.19,127.86,1.151,47.96,55.19,76.7
2026-09-18 16:15:18,LUM-101,27.23,78.12,129.1,1.179,48.04,56.65,78.6
2026-09-18 16:15:28,LUM-101,27.27,77.93,124.85,1.084,48.1,52.14,72.3
2026-09-18 16:15:38,LUM-101,27.14,77.67,124.77,1.092,47.9,52.33,72.8
2026-09-18 16:15:48,LUM-101,27.18,77.77,135.25,1.331,48.0,63.87,88.7
2026-09-18 16:15:58,LUM-101,27.19,77.7,127.91,1.166,47.85,55.8,77.7
2026-09-18 16:16:08,LUM-101,27.24,77.91,138.55,1.399,48.15,67.38,93.3
2026-09-18 16:16:18,LUM-101,27.27,78.22,141.83,1.473,48.0,70.68,98.2
2026-09-18 16:16:28,LUM-101,27.21,78.11,127.72,1.144,48.17,55.12,76.3
2026-09-18 16:16:38,LUM-101,27.17,78.33,139.25,1.416,47.81,67.69,94.4
2026-09-18 16:16:48,LUM-101,27.11,78.16,127.1,1.137,47.82,54.38,75.8
2026-09-18 16:16:58,LUM-101,27.16,78.26,134.63,1.3,48.17,62.64,86.7
2026-09-18 16:17:08,LUM-101,27.15,78.4,137.02,1.36,47.89,65.14,90.7
2026-09-18 16:17:18,LUM-101,27.19,78.36,131.13,1.22,48.07,58.64,81.3
2026-09-18 16:17:28,LUM-101,27.27,78.12,126.16,1.112,48.02,53.38,74.1
2026-09-18 16:17:38,LUM-101,27.19,78.45,142.02,1.472,47.98,70.64,98.2
2026-09-18 16:17:48,LUM-101,27.29,78.78,143.4,1.497,47.97,71.81,99.8
2026-09-18 16:17:58,LUM-101,27.28,78.63,128.44,1.154,47.98,55.35,76.9
2026-09-18 16:18:08,LUM-101,27.29,78.7,135.52,1.318,47.9,63.13,87.9
2026-09-18 16:18:18,LUM-101,27.12,78.73,132.86,1.254,47.97,60.14,83.6
2026-09-18 16:18:28,LUM-101,27.18,78.89,137.21,1.354,47.85,64.8,90.3
2026-09-18 16:18:38,LUM-101,27.25,79.19,142.54,1.467,47.96,70.38,97.8
2026-09-18 16:18:48,LUM-101,27.24,79.11,130.64,1.196,47.89,57.26,79.7
2026-09-18 16:18:58,LUM-101,27.23,78.86,127.18,1.119,47.96,53.68,74.6
2026-09-18 16:19:08,LUM-101,27.18,78.78,131.79,1.229,47.93,58.91,81.9
2026-09-18 16:19:18,LUM-101,27.25,78.61,128.63,1.161,47.87,55.57,77.4
2026-09-18 16:19:28,LUM-101,27.19,78.87,142.88,1.481,48.01,71.12,98.8
2026-09-18 16:19:38,LUM-101,27.23,79.02,139.57,1.407,47.83,67.28,93.8
2026-09-18 16:19:48,LUM-101,27.14,79.2,141.42,1.438,48.07,69.13,95.9
2026-09-18 16:19:58,LUM-101,27.31,79.13,132.46,1.24,47.8,59.26,82.6
2026-09-18 16:20:08,LUM-101,27.2,79.42,143.83,1.492,47.96,71.57,99.5
2026-09-18 16:20:18,LUM-101,27.21,79.6,139.87,1.392,48.11,66.96,92.8
2026-09-18 16:20:28,LUM-101,27.23,79.39,128.52,1.142,47.81,54.59,76.1
2026-09-18 16:20:38,LUM-101,27.31,79.24,130.79,1.191,48.07,57.27,79.4
2026-09-18 16:20:48,LUM-101,27.3,79.2,133.42,1.25,48.19,60.25,83.3
2026-09-18 16:20:58,LUM-101,27.26,79.11,131.25,1.207,48.0,57.92,80.5
2026-09-18 16:21:08,LUM-101,27.26,79.3,141.32,1.432,48.12,68.91,95.5
2026-09-18 16:21:18,LUM-101,27.32,79.24,131.64,1.212,48.04,58.22,80.8
2026-09-18 16:21:28,LUM-101,27.18,79.19,131.58,1.211,48.05,58.21,80.8
2026-09-18 16:21:38,LUM-101,27.23,79.38,141.34,1.434,48.01,68.84,95.6
2026-09-18 16:21:48,LUM-101,27.2,79.31,133.58,1.26,47.86,60.29,84.0
2026-09-18 16:21:58,LUM-101,27.2,79.53,140.81,1.418,48.02,68.09,94.5
2026-09-18 16:22:08,LUM-101,27.31,79.39,130.69,1.186,48.06,57.01,79.1
2026-09-18 16:22:18,LUM-101,27.33,79.55,138.63,1.367,48.01,65.65,91.2
2026-09-18 16:22:28,LUM-101,27.15,79.45,132.83,1.241,47.81,59.31,82.7
2026-09-18 16:22:38,LUM-101,27.28,79.41,134.89,1.28,48.15,61.64,85.3
2026-09-18 16:22:48,LUM-101,27.18,79.33,133.35,1.246,48.16,60.03,83.1
2026-09-18 16:22:58,LUM-101,27.26,79.4,136.66,1.328,47.9,63.62,88.5
2026-09-18 16:23:08,LUM-101,27.2,79.44,135.1,1.293,47.81,61.84,86.2
2026-09-18 16:23:18,LUM-101,27.24,79.45,136.41,1.322,47.89,63.29,88.1
2026-09-18 16:23:28,LUM-101,27.34,79.21,126.63,1.095,48.13,52.68,73.0
2026-09-18 16:23:38,LUM-101,27.24,78.96,126.18,1.091,48.1,52.46,72.7
2026-09-18 16:23:48,LUM-101,27.32,79.03,136.65,1.335,47.95,64.02,89.0
2026-09-18 16:23:58,LUM-101,27.27,79.27,140.81,1.423,48.07,68.39,94.8
2026-09-18 16:24:08,LUM-101,27.33,78.97,124.68,1.062,47.82,50.79,70.8
2026-09-18 16:24:18,LUM-101,27.34,79.17,138.87,1.384,47.95,66.34,92.2
2026-09-18 16:24:28,LUM-101,27.33,79.28,137.75,1.353,48.01,64.97,90.2
2026-09-18 16:24:38,LUM-101,27.18,79.38,137.15,1.335,48.07,64.19,89.0
2026-09-18 16:24:48,LUM-101,27.23,79.28,130.33,1.182,47.99,56.72,78.8
2026-09-18 16:24:58,LUM-101,27.3,79.56,143.65,1.486,47.91,71.22,99.1
2026-09-18 16:25:08,LUM-101,27.33,79.62,135.43,1.295,47.87,62.02,86.4
2026-09-18 16:25:18,LUM-101,27.36,79.34,125.35,1.061,48.17,51.13,70.8
2026-09-18 16:25:28,LUM-101,27.36,79.46,139.13,1.382,47.98,66.3,92.1
2026-09-18 16:25:38,LUM-101,27.31,79.79,143.98,1.487,47.96,71.33,99.2
2026-09-18 16:25:48,LUM-101,27.23,79.68,131.36,1.198,47.92,57.43,79.9
2026-09-18 16:25:58,LUM-101,27.27,79.43,127.74,1.114,48.19,53.68,74.3
2026-09-18 16:26:08,LUM-101,27.37,79.71,143.42,1.475,47.98,70.79,98.4
2026-09-18 16:26:18,LUM-101,27.37,79.4,126.43,1.089,47.99,52.25,72.6
2026-09-18 16:26:28,LUM-101,27.21,79.59,140.35,1.409,47.93,67.52,93.9
2026-09-18 16:26:38,LUM-101,27.33,79.63,135.51,1.297,47.88,62.09,86.5
2026-09-18 16:26:48,LUM-101,27.2,79.58,134.78,1.273,48.19,61.33,84.8
2026-09-18 16:26:58,LUM-101,27.3,79.31,127.45,1.117,47.91,53.5,74.4
2026-09-18 16:27:08,LUM-101,27.21,79.55,143.84,1.488,48.0,71.43,99.2
2026-09-18 16:27:18,LUM-101,27.32,79.45,132.69,1.236,47.84,59.15,82.4
2026-09-18 16:27:28,LUM-101,27.32,79.63,139.23,1.374,48.2,66.23,91.6
2026-09-18 16:27:38,LUM-101,27.29,79.68,136.52,1.315,48.03,63.16,87.7
2026-09-18 16:27:48,LUM-101,27.32,79.62,132.11,1.213,48.09,58.33,80.9
2026-09-18 16:27:58,LUM-101,27.37,79.81,142.2,1.444,48.01,69.32,96.3
2026-09-18 16:28:08,LUM-101,27.26,79.78,134.28,1.26,48.06,60.55,84.0
2026-09-18 16:28:18,LUM-101,27.23,79.77,134.77,1.272,48.06,61.11,84.8
2026-09-18 16:28:28,LUM-101,27.27,79.92,141.31,1.419,48.07,68.21,94.6
2026-09-18 16:28:38,LUM-101,27.27,80.13,141.26,1.412,48.12,67.92,94.1
2026-09-18 16:28:48,LUM-101,27.21,79.97,129.63,1.147,48.11,55.18,76.5
2026-09-18 16:28:58,LUM-101,27.22,79.82,130.75,1.181,47.9,56.59,78.8
2026-09-18 16:29:08,LUM-101,27.32,79.8,133.54,1.248,47.84,59.71,83.2
2026-09-18 16:29:18,LUM-101,27.39,79.59,128.53,1.133,47.99,54.38,75.5
2026-09-18 16:29:28,LUM-101,27.38,79.87,142.99,1.457,48.13,70.14,97.1
2026-09-18 16:29:38,LUM-101,27.41,79.87,136.24,1.305,47.99,62.63,87.0
2026-09-18 16:29:48,LUM-101,27.32,79.64,126.58,1.082,48.18,52.16,72.2
2026-09-18 16:29:58,LUM-101,27.24,79.65,134.71,1.275,47.99,61.18,85.0
2026-09-18 16:30:08,LUM-101,27.38,79.59,132.21,1.214,48.17,58.47,80.9
2026-09-18 16:30:18,LUM-101,27.32,79.44,129.61,1.157,48.19,55.75,77.1
2026-09-18 16:30:28,LUM-101,27.39,79.39,133.14,1.244,48.03,59.73,82.9
2026-09-18 16:30:38,LUM-101,27.24,79.33,132.85,1.236,48.09,59.46,82.4
2026-09-18 16:30:48,LUM-101,27.37,79.26,132.29,1.23,47.92,58.92,82.0
2026-09-18 16:30:58,LUM-101,27.41,79.35,136.96,1.328,48.2,64.02,88.6
2026-09-18 16:31:08,LUM-101,27.23,79.58,143.76,1.489,47.88,71.31,99.3
2026-09-18 16:31:18,LUM-101,27.25,79.86,143.3,1.469,47.97,70.49,98.0
2026-09-18 16:31:28,LUM-101,27.27,79.85,135.06,1.278,47.99,61.34,85.2
2026-09-18 16:31:38,LUM-101,27.35,79.86,135.64,1.29,48.04,61.98,86.0
2026-09-18 16:31:48,LUM-101,27.26,80.0,140.86,1.412,47.9,67.62,94.1
2026-09-18 16:31:58,LUM-101,27.43,80.15,141.12,1.416,47.84,67.75,94.4
2026-09-18 16:32:08,LUM-101,27.3,80.38,144.36,1.483,47.92,71.08,98.9
2026-09-18 16:32:18,LUM-101,27.43,80.49,138.28,1.337,48.03,64.21,89.1
2026-09-18 16:32:28,LUM-101,27.24,80.38,132.69,1.209,48.09,58.12,80.6
2026-09-18 16:32:38,LUM-101,27.4,80.33,133.72,1.241,47.81,59.32,82.7
2026-09-18 16:32:48,LUM-101,27.29,80.34,137.84,1.327,48.16,63.9,88.4
2026-09-18 16:32:58,LUM-101,27.4,80.59,145.24,1.495,48.05,71.84,99.7
2026-09-18 16:33:08,LUM-101,27.33,80.69,139.65,1.364,48.02,65.5,90.9
2026-09-18 16:33:18,LUM-101,27.25,80.39,126.0,1.057,47.96,50.68,70.5
2026-09-18 16:33:28,LUM-101,27.39,80.36,136.12,1.289,48.06,61.96,85.9
2026-09-18 16:33:38,LUM-101,27.44,80.43,137.34,1.316,48.05,63.24,87.7
2026-09-18 16:33:48,LUM-101,27.28,80.6,143.61,1.458,48.0,70.01,97.2
2026-09-18 16:33:58,LUM-101,27.33,80.32,127.55,1.092,48.06,52.48,72.8
2026-09-18 16:34:08,LUM-101,27.26,80.34,137.14,1.313,48.08,63.12,87.5
2026-09-18 16:34:18,LUM-101,27.43,80.17,131.73,1.19,48.15,57.29,79.3
2026-09-18 16:34:28,LUM-101,27.43,80.08,132.04,1.198,48.19,57.74,79.9
2026-09-18 16:34:38,LUM-101,27.27,79.9,130.54,1.168,48.19,56.26,77.8
2026-09-18 16:34:48,LUM-101,27.32,79.81,133.24,1.239,47.92,59.37,82.6
2026-09-18 16:34:58,LUM-101,27.42,79.75,134.2,1.262,47.92,60.5,84.2
2026-09-18 16:35:08,LUM-101,27.41,80.05,144.42,1.493,47.91,71.51,99.5
2026-09-18 16:35:18,LUM-101,27.4,79.75,127.29,1.103,47.9,52.82,73.5
2026-09-18 16:35:28,LUM-101,27.45,79.63,132.17,1.213,48.14,58.38,80.9
2026-09-18 16:35:38,LUM-101,27.29,79.72,136.72,1.324,47.85,63.34,88.2
2026-09-18 16:35:48,LUM-101,27.44,79.49,126.42,1.086,48.03,52.15,72.4
2026-09-18 16:35:58,LUM-101,27.33,79.25,128.49,1.138,48.07,54.71,75.9
2026-09-18 16:36:08,LUM-101,27.4,79.41,138.86,1.373,48.12,66.06,91.5
2026-09-18 16:36:18,LUM-101,27.38,79.44,135.24,1.291,48.03,61.99,86.1
2026-09-18 16:36:28,LUM-101,27.41,79.27,129.3,1.163,47.81,55.58,77.5
2026-09-18 16:36:38,LUM-101,27.42,79.5,141.37,1.431,48.03,68.75,95.4
2026-09-18 16:36:48,LUM-101,27.36,79.6,139.1,1.379,47.94,66.12,91.9
2026-09-18 16:36:58,LUM-101,27.32,79.69,137.41,1.333,48.12,64.13,88.8
2026-09-18 16:37:08,LUM-101,27.33,79.59,131.48,1.203,47.92,57.66,80.2
2026-09-18 16:37:18,LUM-101,27.36,79.47,131.35,1.206,47.82,57.64,80.4
2026-09-18 16:37:28,LUM-101,27.38,79.71,142.88,1.468,47.8,70.19,97.9
2026-09-18 16:37:38,LUM-101,27.41,79.75,134.81,1.277,47.9,61.18,85.2
2026-09-18 16:37:48,LUM-101,27.29,79.64,131.16,1.192,48.04,57.24,79.4
2026-09-18 16:37:58,LUM-101,27.43,79.67,136.43,1.31,48.13,63.07,87.4
2026-09-18 16:38:08,LUM-101,27.45,79.44,127.78,1.121,47.92,53.71,74.7
2026-09-18 16:38:18,LUM-101,27.36,79.44,133.96,1.265,47.87,60.58,84.4
2026-09-18 16:38:28,LUM-101,27.48,79.22,128.4,1.141,47.89,54.65,76.1
2026-09-18 16:38:38,LUM-101,27.48,79.35,140.01,1.406,47.94,67.4,93.7
2026-09-18 16:38:48,LUM-101,27.35,79.6,142.9,1.468,47.91,70.33,97.9
2026-09-18 16:38:58,LUM-101,27.45,79.58,134.81,1.277,48.03,61.36,85.2
2026-09-18 16:39:08,LUM-101,27.32,79.8,143.23,1.469,47.97,70.48,97.9
2026-09-18 16:39:18,LUM-101,27.38,79.74,133.3,1.243,47.89,59.51,82.8
2026-09-18 16:39:28,LUM-101,27.35,80.01,143.6,1.476,47.87,70.66,98.4
2026-09-18 16:39:38,LUM-101,27.38,79.98,136.33,1.301,48.12,62.6,86.7
2026-09-18 16:39:48,LUM-101,27.4,80.12,140.51,1.4,47.92,67.1,93.4
2026-09-18 16:39:58,LUM-101,27.49,79.82,127.09,1.095,47.97,52.53,73.0
2026-09-18 16:40:08,LUM-101,27.49,79.77,134.31,1.263,47.98,60.6,84.2
2026-09-18 16:40:18,LUM-101,27.34,79.7,132.12,1.217,47.86,58.24,81.1
2026-09-18 16:40:28,LUM-101,27.42,79.85,139.54,1.383,47.96,66.32,92.2
2026-09-18 16:40:38,LUM-101,27.43,79.88,136.87,1.314,48.2,63.32,87.6
2026-09-18 16:40:48,LUM-101,27.41,79.76,130.59,1.176,48.04,56.48,78.4
2026-09-18 16:40:58,LUM-101,27.49,79.71,133.17,1.236,48.06,59.4,82.4
2026-09-18 16:41:08,LUM-101,27.43,79.47,125.78,1.068,48.15,51.45,71.2
2026-09-18 16:41:18,LUM-101,27.42,79.2,125.16,1.068,47.8,51.07,71.2
2026-09-18 16:41:28,LUM-101,27.35,79.28,137.72,1.357,47.86,64.94,90.5
2026-09-18 16:41:38,LUM-101,27.46,79.48,141.29,1.427,48.14,68.68,95.1
2026-09-18 16:41:48,LUM-101,27.32,79.7,141.48,1.431,47.96,68.65,95.4
2026-09-18 16:41:58,LUM-101,27.34,79.67,134.26,1.259,48.17,60.66,83.9
2026-09-18 16:42:08,LUM-101,27.45,79.94,144.29,1.49,47.98,71.5,99.3
2026-09-18 16:42:18,LUM-101,27.32,79.97,137.51,1.332,48.01,63.94,88.8
2026-09-18 16:42:28,LUM-101,27.37,79.86,132.39,1.214,48.08,58.37,80.9
2026-09-18 16:42:38,LUM-101,27.38,79.65,129.03,1.145,47.93,54.87,76.3
2026-09-18 16:42:48,LUM-101,27.33,79.8,138.98,1.371,47.97,65.75,91.4
2026-09-18 16:42:58,LUM-101,27.47,79.7,131.66,1.207,47.83,57.74,80.5
2026-09-18 16:43:08,LUM-101,27.51,79.77,137.12,1.327,48.02,63.72,88.5
2026-09-18 16:43:18,LUM-101,27.42,79.52,126.1,1.08,47.9,51.75,72.0
2026-09-18 16:43:28,LUM-101,27.44,79.69,140.59,1.409,48.02,67.67,94.0
2026-09-18 16:43:38,LUM-101,27.34,79.82,137.78,1.342,48.0,64.4,89.5
2026-09-18 16:43:48,LUM-101,27.36,79.74,131.86,1.209,47.9,57.91,80.6
2026-09-18 16:43:58,LUM-101,27.42,79.51,127.28,1.107,47.94,53.08,73.8
2026-09-18 16:44:08,LUM-101,27.4,79.63,139.78,1.393,47.98,66.84,92.9
2026-09-18 16:44:18,LUM-101,27.47,79.51,131.59,1.209,47.86,57.87,80.6
2026-09-18 16:44:28,LUM-101,27.53,79.58,137.0,1.327,48.07,63.81,88.5
2026-09-18 16:44:38,LUM-101,27.51,79.77,141.55,1.429,48.05,68.65,95.2
2026-09-18 16:44:48,LUM-101,27.5,79.7,134.47,1.267,48.03,60.85,84.5
2026-09-18 16:44:58,LUM-101,27.39,79.99,143.18,1.462,48.03,70.21,97.4
2026-09-18 16:45:08,LUM-101,27.51,79.88,132.89,1.232,47.8,58.9,82.1
2026-09-18 16:45:18,LUM-101,27.39,80.16,143.68,1.469,48.04,70.58,97.9
2026-09-18 16:45:28,LUM-101,27.46,80.39,143.14,1.455,47.91,69.71,97.0
2026-09-18 16:45:38,LUM-101,27.44,80.47,139.39,1.368,47.86,65.46,91.2
2026-09-18 16:45:48,LUM-101,27.4,80.27,130.09,1.152,48.06,55.36,76.8
2026-09-18 16:45:58,LUM-101,27.52,80.02,128.64,1.124,48.04,54.02,75.0
2026-09-18 16:46:08,LUM-101,27.4,80.18,140.57,1.397,48.03,67.1,93.1
2026-09-18 16:46:18,LUM-101,27.43,80.05,132.68,1.216,48.08,58.47,81.1
2026-09-18 16:46:28,LUM-101,27.51,80.08,137.25,1.328,47.82,63.52,88.6
2026-09-18 16:46:38,LUM-101,27.52,79.89,128.37,1.126,47.85,53.87,75.1
2026-09-18 16:46:48,LUM-101,27.41,79.72,130.15,1.167,48.01,56.04,77.8
2026-09-18 16:46:58,LUM-101,27.38,79.76,137.37,1.33,48.11,64.01,88.7
2026-09-18 16:47:08,LUM-101,27.44,79.86,139.27,1.373,48.09,66.02,91.5
2026-09-18 16:47:18,LUM-101,27.48,79.94,139.17,1.373,47.94,65.81,91.5
2026-09-18 16:47:28,LUM-101,27.54,80.15,141.87,1.432,47.89,68.58,95.5
2026-09-18 16:47:38,LUM-101,27.37,80.41,144.07,1.47,48.11,70.73,98.0
2026-09-18 16:47:48,LUM-101,27.43,80.3,134.03,1.242,48.06,59.7,82.8
2026-09-18 16:47:58,LUM-101,27.48,80.08,129.82,1.15,48.06,55.26,76.6
2026-09-18 16:48:08,LUM-101,27.37,80.03,135.25,1.28,47.92,61.36,85.4
2026-09-18 16:48:18,LUM-101,27.37,79.81,127.34,1.103,47.9,52.81,73.5
2026-09-18 16:48:28,LUM-101,27.48,79.89,136.4,1.303,48.17,62.79,86.9
2026-09-18 16:48:38,LUM-101,27.54,80.1,141.75,1.423,48.13,68.51,94.9
2026-09-18 16:48:48,LUM-101,27.54,80.22,138.72,1.355,47.98,65.0,90.3
2026-09-18 16:48:58,LUM-101,27.5,80.28,139.11,1.361,48.02,65.36,90.7
2026-09-18 16:49:08,LUM-101,27.37,79.96,127.04,1.09,47.99,52.31,72.7
2026-09-18 16:49:18,LUM-101,27.45,79.67,126.35,1.082,47.93,51.88,72.2
2026-09-18 16:49:28,LUM-101,27.51,79.89,141.77,1.43,48.09,68.75,95.3
2026-09-18 16:49:38,LUM-101,27.46,80.01,138.26,1.352,47.88,64.73,90.1
2026-09-18 16:49:48,LUM-101,27.55,79.87,130.06,1.16,48.1,55.77,77.3
2026-09-18 16:49:58,LUM-101,27.44,79.72,129.72,1.158,47.96,55.56,77.2
2026-09-18 16:50:08,LUM-101,27.52,79.95,143.21,1.469,47.84,70.29,98.0
2026-09-18 16:50:18,LUM-101,27.4,80.13,142.51,1.446,47.92,69.31,96.4
2026-09-18 16:50:28,LUM-101,27.49,80.29,139.39,1.366,48.06,65.67,91.1
2026-09-18 16:50:38,LUM-101,27.48,80.5,141.93,1.426,47.85,68.25,95.1
2026-09-18 16:50:48,LUM-101,27.46,80.69,143.69,1.456,48.07,70.0,97.1
2026-09-18 16:50:58,LUM-101,27.58,80.67,135.47,1.266,48.07,60.88,84.4
2026-09-18 16:51:08,LUM-101,27.47,80.58,135.24,1.262,48.12,60.74,84.1
2026-09-18 16:51:18,LUM-101,27.42,80.68,140.76,1.392,47.96,66.75,92.8
2026-09-18 16:51:28,LUM-101,27.55,80.41,128.25,1.107,48.01,53.16,73.8
2026-09-18 16:51:38,LUM-101,27.53,80.1,127.58,1.098,48.04,52.75,73.2
2026-09-18 16:51:48,LUM-101,27.54,80.12,137.72,1.333,48.02,63.99,88.8
2026-09-18 16:51:58,LUM-101,27.51,80.25,139.31,1.366,48.05,65.62,91.0
2026-09-18 16:52:08,LUM-101,27.48,80.08,131.92,1.204,47.86,57.61,80.3
2026-09-18 16:52:18,LUM-101,27.41,80.31,142.37,1.44,47.9,68.95,96.0
2026-09-18 16:52:28,LUM-101,27.43,80.12,130.13,1.157,48.04,55.57,77.1
2026-09-18 16:52:38,LUM-101,27.43,80.35,142.1,1.426,48.12,68.61,95.0
2026-09-18 16:52:48,LUM-101,27.44,80.16,129.47,1.142,47.99,54.79,76.1
2026-09-18 16:52:58,LUM-101,27.48,80.41,143.47,1.454,48.17,70.07,97.0
2026-09-18 16:53:08,LUM-101,27.52,80.16,128.52,1.119,48.03,53.73,74.6
2026-09-18 16:53:18,LUM-101,27.49,80.03,130.52,1.17,47.96,56.1,78.0
2026-09-18 16:53:28,LUM-101,27.42,80.3,144.37,1.485,47.93,71.19,99.0
2026-09-18 16:53:38,LUM-101,27.56,80.52,142.89,1.439,48.15,69.3,96.0
2026-09-18 16:53:48,LUM-101,27.46,80.73,144.85,1.489,47.86,71.25,99.3
2026-09-18 16:53:58,LUM-101,27.47,80.97,144.05,1.458,48.07,70.09,97.2
2026-09-18 16:54:08,LUM-101,27.42,80.72,129.53,1.129,48.05,54.24,75.3
2026-09-18 16:54:18,LUM-101,27.5,80.47,129.43,1.137,47.85,54.41,75.8
2026-09-18 16:54:28,LUM-101,27.54,80.41,134.03,1.242,47.97,59.58,82.8
2026-09-18 16:54:38,LUM-101,27.45,80.31,131.83,1.189,48.16,57.24,79.2
2026-09-18 16:54:48,LUM-101,27.49,80.19,132.13,1.202,48.01,57.71,80.1
2026-09-18 16:54:58,LUM-101,27.43,80.02,130.81,1.172,48.14,56.43,78.2
2026-09-18 16:55:08,LUM-101,27.55,80.28,143.11,1.46,47.81,69.81,97.3
2026-09-18 16:55:18,LUM-101,27.45,80.04,128.09,1.111,48.07,53.39,74.0
2026-09-18 16:55:28,LUM-101,27.58,80.1,139.08,1.367,47.95,65.53,91.1
2026-09-18 16:55:38,LUM-101,27.51,80.16,136.09,1.293,48.08,62.14,86.2
2026-09-18 16:55:48,LUM-101,27.5,80.1,134.05,1.252,47.86,59.94,83.5
2026-09-18 16:55:58,LUM-101,27.48,80.33,143.14,1.454,47.99,69.79,97.0
2026-09-18 16:56:08,LUM-101,27.55,80.55,142.46,1.43,48.11,68.79,95.3
2026-09-18 16:56:18,LUM-101,27.54,80.34,129.67,1.142,48.0,54.82,76.1
2026-09-18 16:56:28,LUM-101,27.56,80.08,128.72,1.129,47.85,54.04,75.3
2026-09-18 16:56:38,LUM-101,27.44,80.3,142.31,1.437,47.94,68.9,95.8
2026-09-18 16:56:48,LUM-101,27.58,80.53,144.89,1.496,47.82,71.51,99.7
2026-09-18 16:56:58,LUM-101,27.52,80.31,128.77,1.119,48.13,53.84,74.6
2026-09-18 16:57:08,LUM-101,27.48,80.29,135.89,1.286,48.05,61.78,85.7
2026-09-18 16:57:18,LUM-101,27.6,80.38,138.35,1.341,48.02,64.41,89.4
2026-09-18 16:57:28,LUM-101,27.59,80.39,137.25,1.319,47.89,63.18,88.0
2026-09-18 16:57:38,LUM-101,27.52,80.4,135.9,1.289,47.82,61.66,86.0
2026-09-18 16:57:48,LUM-101,27.63,80.19,130.8,1.167,48.19,56.23,77.8
2026-09-18 16:57:58,LUM-101,27.61,80.45,142.8,1.446,47.9,69.28,96.4
2026-09-18 16:58:08,LUM-101,27.56,80.3,131.8,1.192,48.01,57.23,79.5
2026-09-18 16:58:18,LUM-101,27.44,80.08,128.67,1.128,47.84,53.99,75.2
2026-09-18 16:58:28,LUM-101,27.49,80.04,134.64,1.268,47.86,60.67,84.5
2026-09-18 16:58:38,LUM-101,27.45,79.7,125.86,1.069,47.99,51.29,71.3
2026-09-18 16:58:48,LUM-101,27.51,79.77,138.61,1.367,47.81,65.37,91.2
2026-09-18 16:58:58,LUM-101,27.5,79.64,131.59,1.207,47.84,57.73,80.4
2026-09-18 16:59:08,LUM-101,27.48,79.61,133.45,1.242,48.15,59.82,82.8
2026-09-18 16:59:18,LUM-101,27.54,79.63,136.37,1.31,48.11,63.04,87.4
2026-09-18 16:59:28,LUM-101,27.63,79.48,129.65,1.166,47.83,55.75,77.7
2026-09-18 16:59:38,LUM-101,27.51,79.77,143.41,1.473,48.0,70.71,98.2
2026-09-18 16:59:48,LUM-101,27.52,79.66,131.5,1.199,48.01,57.59,80.0
2026-09-18 16:59:58,LUM-101,27.51,79.93,144.16,1.492,47.83,71.37,99.5
2026-09-18 17:00:08,LUM-101,27.57,79.75,129.12,1.141,48.05,54.85,76.1
2026-09-18 17:00:18,LUM-101,27.45,79.93,140.02,1.394,47.91,66.76,92.9
2026-09-18 17:00:28,LUM-101,27.6,79.93,136.42,1.313,47.81,62.77,87.5
2026-09-18 17:00:38,LUM-101,27.59,80.17,143.0,1.456,47.94,69.81,97.1
2026-09-18 17:00:48,LUM-101,27.58,80.15,135.62,1.281,48.11,61.63,85.4
2026-09-18 17:00:58,LUM-101,27.54,80.45,144.14,1.469,48.16,70.77,98.0
2026-09-18 17:01:08,LUM-101,27.55,80.43,134.47,1.252,47.96,60.05,83.5
2026-09-18 17:01:18,LUM-101,27.49,80.42,136.83,1.307,47.97,62.69,87.1
2026-09-18 17:01:28,LUM-101,27.54,80.25,132.37,1.202,48.18,57.92,80.1
2026-09-18 17:01:38,LUM-101,27.54,80.43,143.09,1.449,48.06,69.63,96.6
2026-09-18 17:01:48,LUM-101,27.53,80.32,131.55,1.184,48.06,56.93,79.0
2026-09-18 17:01:58,LUM-101,27.49,80.14,130.97,1.175,48.08,56.47,78.3
2026-09-18 17:02:08,LUM-101,27.63,80.39,145.18,1.497,48.08,71.99,99.8
2026-09-18 17:02:18,LUM-101,27.54,80.57,143.27,1.448,48.13,69.67,96.5
2026-09-18 17:02:28,LUM-101,27.56,80.54,135.28,1.263,48.14,60.82,84.2
2026-09-18 17:02:38,LUM-101,27.54,80.68,142.57,1.438,47.82,68.76,95.9
2026-09-18 17:02:48,LUM-101,27.65,80.76,138.76,1.338,48.18,64.44,89.2
2026-09-18 17:02:58,LUM-101,27.52,80.58,131.97,1.189,48.04,57.1,79.2
2026-09-18 17:03:08,LUM-101,27.64,80.88,145.43,1.498,47.89,71.72,99.8
2026-09-18 17:03:18,LUM-101,27.5,80.71,132.21,1.193,47.95,57.22,79.6
2026-09-18 17:03:28,LUM-101,27.64,80.91,142.38,1.418,48.18,68.3,94.5
2026-09-18 17:03:38,LUM-101,27.61,81.11,145.24,1.484,48.0,71.26,99.0
2026-09-18 17:03:48,LUM-101,27.65,81.31,143.19,1.433,47.97,68.76,95.6
2026-09-18 17:03:58,LUM-101,27.48,81.3,137.08,1.288,48.11,61.97,85.9
2026-09-18 17:04:08,LUM-101,27.54,80.96,127.36,1.075,47.94,51.55,71.7
2026-09-18 17:04:18,LUM-101,27.53,80.91,136.61,1.293,47.85,61.89,86.2
2026-09-18 17:04:28,LUM-101,27.54,80.64,128.63,1.116,47.8,53.33,74.4
2026-09-18 17:04:38,LUM-101,27.5,80.71,138.04,1.324,48.11,63.69,88.3
2026-09-18 17:04:48,LUM-101,27.54,80.66,136.37,1.288,48.07,61.9,85.8
2026-09-18 17:04:58,LUM-101,27.65,80.5,132.23,1.197,48.03,57.48,79.8
2026-09-18 17:05:08,LUM-101,27.58,80.43,135.24,1.271,47.9,60.9,84.8
2026-09-18 17:05:18,LUM-101,27.53,80.74,145.56,1.498,48.08,72.02,99.9
2026-09-18 17:05:28,LUM-101,27.61,80.69,135.67,1.276,47.87,61.09,85.1
2026-09-18 17:05:38,LUM-101,27.53,80.36,126.7,1.074,47.93,51.49,71.6
2026-09-18 17:05:48,LUM-101,27.59,80.63,144.8,1.483,48.07,71.3,98.9
2026-09-18 17:05:58,LUM-101,27.68,80.5,131.94,1.187,48.16,57.15,79.1
2026-09-18 17:06:08,LUM-101,27.62,80.28,129.32,1.14,47.81,54.49,76.0
2026-09-18 17:06:18,LUM-101,27.63,80.3,138.18,1.336,48.12,64.31,89.1
2026-09-18 17:06:28,LUM-101,27.5,80.31,136.27,1.296,47.98,62.17,86.4
2026-09-18 17:06:38,LUM-101,27.66,80.17,131.77,1.193,48.04,57.34,79.6
2026-09-18 17:06:48,LUM-101,27.56,79.9,126.94,1.092,47.87,52.27,72.8
2026-09-18 17:06:58,LUM-101,27.65,80.12,141.85,1.426,48.09,68.59,95.1
2026-09-18 17:07:08,LUM-101,27.64,79.99,130.19,1.16,48.07,55.77,77.3
2026-09-18 17:07:18,LUM-101,27.51,79.84,131.62,1.203,47.81,57.52,80.2
2026-09-18 17:07:28,LUM-101,27.51,79.78,133.14,1.239,47.85,59.29,82.6
2026-09-18 17:07:38,LUM-101,27.58,79.69,132.58,1.22,48.15,58.76,81.4
2026-09-18 17:07:48,LUM-101,27.51,79.78,136.97,1.329,47.83,63.55,88.6
2026-09-18 17:07:58,LUM-101,27.69,79.9,139.81,1.387,47.98,66.56,92.5
2026-09-18 17:08:08,LUM-101,27.56,79.84,131.94,1.209,47.87,57.9,80.6
2026-09-18 17:08:18,LUM-101,27.64,79.65,128.47,1.131,47.98,54.24,75.4
2026-09-18 17:08:28,LUM-101,27.6,79.65,134.09,1.264,47.84,60.49,84.3
2026-09-18 17:08:38,LUM-101,27.53,79.91,142.39,1.446,48.0,69.42,96.4
2026-09-18 17:08:48,LUM-101,27.56,79.78,131.96,1.206,48.08,57.97,80.4
2026-09-18 17:08:58,LUM-101,27.53,79.54,128.14,1.125,47.99,54.0,75.0
2026-09-18 17:09:08,LUM-101,27.58,79.77,141.5,1.431,47.95,68.6,95.4
2026-09-18 17:09:18,LUM-101,27.65,79.54,127.41,1.108,48.02,53.18,73.8
2026-09-18 17:09:28,LUM-101,27.66,79.45,131.84,1.217,47.83,58.21,81.1
2026-09-18 17:09:38,LUM-101,27.69,79.38,130.37,1.176,48.16,56.66,78.4
2026-09-18 17:09:48,LUM-101,27.56,79.27,129.58,1.165,47.96,55.89,77.7
2026-09-18 17:09:58,LUM-101,27.55,79.52,141.22,1.426,48.07,68.55,95.1
2026-09-18 17:10:08,LUM-101,27.54,79.69,141.35,1.425,48.07,68.52,95.0
2026-09-18 17:10:18,LUM-101,27.6,79.92,141.58,1.423,48.16,68.52,94.8
2026-09-18 17:10:28,LUM-101,27.65,79.75,130.29,1.172,47.94,56.16,78.1
2026-09-18 17:10:38,LUM-101,27.62,79.83,136.85,1.324,47.85,63.36,88.3
2026-09-18 17:10:48,LUM-101,27.69,79.78,132.02,1.211,47.93,58.04,80.7
2026-09-18 17:10:58,LUM-101,27.69,79.9,140.25,1.398,47.96,67.06,93.2
2026-09-18 17:11:08,LUM-101,27.6,79.99,138.29,1.351,47.95,64.79,90.1
2026-09-18 17:11:18,LUM-101,27.67,80.25,142.79,1.442,48.18,69.48,96.2
2026-09-18 17:11:28,LUM-101,27.71,80.14,131.47,1.193,47.82,57.03,79.5
2026-09-18 17:11:38,LUM-101,27.67,80.16,135.29,1.277,47.97,61.26,85.1
2026-09-18 17:11:48,LUM-101,27.71,80.06,133.15,1.229,48.01,58.99,81.9
2026-09-18 17:11:58,LUM-101,27.64,80.28,142.42,1.433,48.19,69.05,95.5
2026-09-18 17:12:08,LUM-101,27.61,80.14,132.49,1.216,47.85,58.17,81.0
2026-09-18 17:12:18,LUM-101,27.71,80.27,141.54,1.42,47.93,68.07,94.7
2026-09-18 17:12:28,LUM-101,27.65,80.11,130.0,1.152,48.1,55.42,76.8
2026-09-18 17:12:38,LUM-101,27.72,79.95,131.16,1.185,48.01,56.9,79.0
2026-09-18 17:12:48,LUM-101,27.69,79.89,133.36,1.24,47.9,59.41,82.7
2026-09-18 17:12:58,LUM-101,27.65,80.09,142.71,1.454,47.84,69.58,97.0
2026-09-18 17:13:08,LUM-101,27.69,79.88,127.74,1.111,47.85,53.18,74.1
2026-09-18 17:13:18,LUM-101,27.6,79.66,127.13,1.1,47.93,52.74,73.4
2026-09-18 17:13:28,LUM-101,27.63,79.41,125.59,1.065,48.19,51.31,71.0
2026-09-18 17:13:38,LUM-101,27.65,79.52,137.65,1.347,47.97,64.6,89.8
2026-09-18 17:13:48,LUM-101,27.61,79.46,132.97,1.235,48.13,59.46,82.4
2026-09-18 17:13:58,LUM-101,27.74,79.14,125.46,1.076,47.82,51.46,71.7
2026-09-18 17:14:08,LUM-101,27.65,79.43,142.48,1.465,47.84,70.06,97.6
2026-09-18 17:14:18,LUM-101,27.72,79.49,135.99,1.306,48.07,62.77,87.1
2026-09-18 17:14:28,LUM-101,27.58,79.38,130.58,1.186,47.96,56.89,79.1
2026-09-18 17:14:38,LUM-101,27.71,79.23,128.38,1.134,48.16,54.62,75.6
2026-09-18 17:14:48,LUM-101,27.56,79.26,133.54,1.252,48.17,60.32,83.5
2026-09-18 17:14:58,LUM-101,27.61,79.58,142.93,1.462,48.14,70.39,97.5
2026-09-18 17:15:08,LUM-101,27.62,79.87,144.57,1.495,48.1,71.89,99.6
2026-09-18 17:15:18,LUM-101,27.74,79.7,129.19,1.147,47.94,54.99,76.5
2026-09-18 17:15:28,LUM-101,27.62,79.73,137.54,1.34,47.94,64.23,89.3
2026-09-18 17:15:38,LUM-101,27.65,79.62,129.72,1.164,47.84,55.67,77.6
2026-09-18 17:15:48,LUM-101,27.66,79.42,128.95,1.148,47.94,55.03,76.5
2026-09-18 17:15:58,LUM-101,27.61,79.1,125.24,1.07,47.91,51.26,71.3
2026-09-18 17:16:08,LUM-101,27.58,78.92,129.33,1.17,47.85,56.01,78.0
2026-09-18 17:16:18,LUM-101,27.63,78.88,133.09,1.253,48.05,60.23,83.6
2026-09-18 17:16:28,LUM-101,27.71,78.69,125.36,1.083,47.88,51.85,72.2
2026-09-18 17:16:38,LUM-101,27.62,78.88,138.85,1.384,48.17,66.64,92.2
2026-09-18 17:16:48,LUM-101,27.72,78.65,126.9,1.117,48.02,53.62,74.4
2026-09-18 17:16:58,LUM-101,27.66,78.86,139.89,1.409,48.11,67.81,94.0
2026-09-18 17:17:08,LUM-101,27.63,78.82,132.15,1.232,48.11,59.25,82.1
2026-09-18 17:17:18,LUM-101,27.67,78.68,127.07,1.117,48.13,53.77,74.5
2026-09-18 17:17:28,LUM-101,27.69,78.74,134.03,1.281,47.95,61.44,85.4
2026-09-18 17:17:38,LUM-101,27.75,78.81,133.81,1.274,47.95,61.11,85.0
2026-09-18 17:17:48,LUM-101,27.65,79.01,139.78,1.402,48.18,67.52,93.4
2026-09-18 17:17:58,LUM-101,27.58,79.13,136.11,1.322,47.89,63.31,88.1
2026-09-18 17:18:08,LUM-101,27.59,79.34,139.93,1.399,48.13,67.33,93.2
2026-09-18 17:18:18,LUM-101,27.7,79.42,135.94,1.309,47.96,62.8,87.3
2026-09-18 17:18:28,LUM-101,27.68,79.28,129.92,1.168,48.19,56.27,77.8
2026-09-18 17:18:38,LUM-101,27.66,79.54,143.97,1.496,47.84,71.59,99.8
2026-09-18 17:18:48,LUM-101,27.7,79.72,140.55,1.406,48.08,67.6,93.7
2026-09-18 17:18:58,LUM-101,27.74,79.93,142.16,1.443,47.9,69.15,96.2
2026-09-18 17:19:08,LUM-101,27.6,80.07,139.44,1.373,48.03,65.96,91.6
2026-09-18 17:19:18,LUM-101,27.58,80.33,144.05,1.469,48.19,70.8,97.9
2026-09-18 17:19:28,LUM-101,27.57,80.04,126.18,1.064,48.16,51.26,71.0
2026-09-18 17:19:38,LUM-101,27.6,80.28,142.08,1.436,47.82,68.67,95.7
2026-09-18 17:19:48,LUM-101,27.67,80.16,130.95,1.178,47.88,56.42,78.6
2026-09-18 17:19:58,LUM-101,27.76,80.11,134.18,1.254,47.92,60.07,83.6
2026-09-18 17:20:08,LUM-101,27.62,80.1,135.29,1.272,48.19,61.32,84.8
2026-09-18 17:20:18,LUM-101,27.73,79.89,127.68,1.11,47.83,53.1,74.0
2026-09-18 17:20:28,LUM-101,27.76,79.74,128.73,1.132,48.08,54.43,75.5
2026-09-18 17:20:38,LUM-101,27.67,79.85,138.75,1.358,48.18,65.45,90.6
2026-09-18 17:20:48,LUM-101,27.63,79.99,138.32,1.351,47.96,64.81,90.1
2026-09-18 17:20:58,LUM-101,27.66,79.76,129.48,1.154,47.88,55.24,76.9
2026-09-18 17:21:08,LUM-101,27.61,79.97,142.64,1.452,47.95,69.63,96.8
2026-09-18 17:21:18,LUM-101,27.78,79.77,127.51,1.109,47.83,53.05,73.9
2026-09-18 17:21:28,LUM-101,27.67,79.68,131.57,1.203,47.95,57.66,80.2
2026-09-18 17:21:38,LUM-101,27.7,79.84,140.6,1.403,48.13,67.51,93.5
2026-09-18 17:21:48,LUM-101,27.62,79.93,137.5,1.337,47.86,63.97,89.1
2026-09-18 17:21:58,LUM-101,27.65,79.64,125.27,1.06,47.85,50.7,70.6
2026-09-18 17:22:08,LUM-101,27.6,79.46,128.19,1.124,48.15,54.14,75.0
2026-09-18 17:22:18,LUM-101,27.63,79.23,125.61,1.072,48.06,51.53,71.5
2026-09-18 17:22:28,LUM-101,27.75,79.37,137.41,1.344,47.99,64.49,89.6
2026-09-18 17:22:38,LUM-101,27.61,79.42,134.51,1.277,47.95,61.21,85.1
2026-09-18 17:22:48,LUM-101,27.62,79.57,137.76,1.35,47.91,64.65,90.0
2026-09-18 17:22:58,LUM-101,27.61,79.47,130.03,1.166,48.2,56.18,77.7
2026-09-18 17:23:08,LUM-101,27.7,79.29,130.03,1.177,47.91,56.38,78.4
2026-09-18 17:23:18,LUM-101,27.65,79.1,129.05,1.155,48.05,55.5,77.0
2026-09-18 17:23:28,LUM-101,27.68,79.11,132.66,1.244,47.83,59.51,83.0
2026-09-18 17:23:38,LUM-101,27.64,79.29,138.87,1.374,48.18,66.2,91.6
2026-09-18 17:23:48,LUM-101,27.6,79.39,136.91,1.333,47.93,63.91,88.9
2026-09-18 17:23:58,LUM-101,27.76,79.16,125.52,1.073,48.03,51.51,71.5
2026-09-18 17:24:08,LUM-101,27.61,78.99,128.41,1.142,48.1,54.92,76.1
2026-09-18 17:24:18,LUM-101,27.71,79.07,135.12,1.295,48.1,62.28,86.3
2026-09-18 17:24:28,LUM-101,27.66,78.9,128.42,1.15,47.84,55.02,76.7
2026-09-18 17:24:38,LUM-101,27.78,78.96,133.48,1.263,47.97,60.58,84.2
2026-09-18 17:24:48,LUM-101,27.69,79.28,144.14,1.498,48.1,72.08,99.9
2026-09-18 17:24:58,LUM-101,27.7,79.16,129.49,1.162,48.12,55.91,77.5
2026-09-18 17:25:08,LUM-101,27.66,79.06,129.76,1.171,48.12,56.34,78.0
2026-09-18 17:25:18,LUM-101,27.7,78.99,130.76,1.197,48.06,57.53,79.8
2026-09-18 17:25:28,LUM-101,27.61,79.17,138.32,1.372,47.91,65.72,91.5
2026-09-18 17:25:38,LUM-101,27.79,78.86,124.77,1.065,47.91,51.01,71.0
2026-09-18 17:25:48,LUM-101,27.77,79.19,143.64,1.487,48.16,71.61,99.1
2026-09-18 17:25:58,LUM-101,27.69,79.48,143.63,1.481,48.12,71.27,98.7
2026-09-18 17:26:08,LUM-101,27.71,79.41,131.99,1.221,47.85,58.43,81.4
2026-09-18 17:26:18,LUM-101,27.69,79.32,131.0,1.192,48.19,57.43,79.4
2026-09-18 17:26:28,LUM-101,27.79,79.47,137.93,1.357,47.88,64.96,90.5
2026-09-18 17:26:38,LUM-101,27.72,79.62,139.34,1.381,48.07,66.36,92.0
2026-09-18 17:26:48,LUM-101,27.79,79.7,137.55,1.342,47.9,64.28,89.5
2026-09-18 17:26:58,LUM-101,27.75,79.48,127.36,1.112,47.83,53.19,74.1
2026-09-18 17:27:08,LUM-101,27.66,79.59,138.68,1.364,48.14,65.66,90.9
2026-09-18 17:27:18,LUM-101,27.65,79.46,130.23,1.178,47.91,56.41,78.5
2026-09-18 17:27:28,LUM-101,27.74,79.24,126.37,1.093,47.89,52.37,72.9
2026-09-18 17:27:38,LUM-101,27.64,79.41,140.62,1.415,48.07,68.0,94.3
2026-09-18 17:27:48,LUM-101,27.67,79.39,133.35,1.251,47.91,59.96,83.4
2026-09-18 17:27:58,LUM-101,27.77,79.16,125.86,1.084,47.87,51.88,72.3
2026-09-18 17:28:08,LUM-101,27.65,78.94,127.26,1.121,47.9,53.68,74.7
2026-09-18 17:28:18,LUM-101,27.8,79.22,140.81,1.429,47.9,68.44,95.3
2026-09-18 17:28:28,LUM-101,27.66,78.96,124.47,1.053,48.02,50.57,70.2
2026-09-18 17:28:38,LUM-101,27.62,78.8,126.95,1.111,48.17,53.5,74.0
2026-09-18 17:28:48,LUM-101,27.77,78.58,125.55,1.085,48.08,52.19,72.4
2026-09-18 17:28:58,LUM-101,27.67,78.84,141.63,1.457,47.89,69.77,97.1
2026-09-18 17:29:08,LUM-101,27.77,78.71,130.47,1.196,48.07,57.51,79.8
2026-09-18 17:29:18,LUM-101,27.65,79.01,143.19,1.489,47.9,71.31,99.3
2026-09-18 17:29:28,LUM-101,27.65,78.7,124.26,1.054,48.02,50.62,70.3
2026-09-18 17:29:38,LUM-101,27.74,78.99,140.67,1.428,48.0,68.53,95.2
2026-09-18 17:29:48,LUM-101,27.8,78.71,125.48,1.079,48.13,51.96,72.0
2026-09-18 17:29:58,LUM-101,27.78,78.48,126.04,1.098,48.13,52.84,73.2
2026-09-18 17:30:08,LUM-101,27.78,78.38,129.59,1.184,48.06,56.91,78.9
2026-09-18 17:30:18,LUM-101,27.74,78.5,136.22,1.341,47.83,64.14,89.4
2026-09-18 17:30:28,LUM-101,27.74,78.4,130.3,1.201,48.0,57.67,80.1
2026-09-18 17:30:38,LUM-101,27.7,78.41,133.99,1.283,48.14,61.76,85.5
2026-09-18 17:30:48,LUM-101,27.69,78.37,129.39,1.181,48.0,56.68,78.7
2026-09-18 17:30:58,LUM-101,27.71,78.2,125.24,1.089,47.98,52.27,72.6
2026-09-18 17:31:08,LUM-101,27.72,78.0,125.81,1.108,47.94,53.12,73.9
2026-09-18 17:31:18,LUM-101,27.8,78.05,132.7,1.269,47.84,60.72,84.6
2026-09-18 17:31:28,LUM-101,27.77,78.05,132.23,1.25,48.17,60.19,83.3
2026-09-18 17:31:38,LUM-101,27.82,78.34,140.9,1.445,48.09,69.5,96.4
2026-09-18 17:31:48,LUM-101,27.74,78.17,125.75,1.099,48.1,52.87,73.3
2026-09-18 17:31:58,LUM-101,27.73,78.35,136.02,1.337,47.93,64.07,89.1
2026-09-18 17:32:08,LUM-101,27.83,78.27,128.91,1.171,48.04,56.27,78.1
2026-09-18 17:32:18,LUM-101,27.77,78.02,123.59,1.054,48.06,50.63,70.2
2026-09-18 17:32:28,LUM-101,27.78,77.99,130.06,1.209,47.87,57.86,80.6
2026-09-18 17:32:38,LUM-101,27.79,77.97,130.27,1.212,47.94,58.11,80.8
2026-09-18 17:32:48,LUM-101,27.74,77.78,125.09,1.096,47.95,52.57,73.1
2026-09-18 17:32:58,LUM-101,27.84,77.78,132.13,1.259,47.97,60.39,83.9
2026-09-18 17:33:08,LUM-101,27.7,77.63,125.53,1.112,47.88,53.22,74.1
2026-09-18 17:33:18,LUM-101,27.85,77.87,136.45,1.354,48.09,65.1,90.2
2026-09-18 17:33:28,LUM-101,27.7,78.12,139.75,1.431,47.84,68.47,95.4
2026-09-18 17:33:38,LUM-101,27.81,77.97,126.24,1.116,48.07,53.64,74.4
2026-09-18 17:33:48,LUM-101,27.8,78.22,138.2,1.389,47.97,66.64,92.6
2026-09-18 17:33:58,LUM-101,27.7,78.26,133.97,1.287,48.08,61.9,85.8
2026-09-18 17:34:08,LUM-101,27.74,78.45,136.76,1.345,48.16,64.79,89.7
2026-09-18 17:34:18,LUM-101,27.66,78.21,123.45,1.051,47.83,50.26,70.1
2026-09-18 17:34:28,LUM-101,27.85,78.07,127.53,1.144,48.04,54.95,76.3
2026-09-18 17:34:38,LUM-101,27.7,78.04,131.46,1.236,48.04,59.36,82.4
2026-09-18 17:34:48,LUM-101,27.84,78.01,131.66,1.245,47.9,59.61,83.0
2026-09-18 17:34:58,LUM-101,27.83,78.08,133.94,1.296,47.89,62.06,86.4
2026-09-18 17:35:08,LUM-101,27.8,77.86,124.51,1.079,48.04,51.84,71.9
2026-09-18 17:35:18,LUM-101,27.68,77.63,124.48,1.081,48.14,52.05,72.1
2026-09-18 17:35:28,LUM-101,27.83,77.72,134.39,1.311,48.02,62.96,87.4
2026-09-18 17:35:38,LUM-101,27.86,77.68,129.73,1.2,48.18,57.84,80.0
2026-09-18 17:35:48,LUM-101,27.76,77.5,124.47,1.085,48.1,52.2,72.3
2026-09-18 17:35:58,LUM-101,27.79,77.67,135.71,1.349,47.82,64.5,89.9
2026-09-18 17:36:08,LUM-101,27.86,78.06,142.07,1.48,48.05,71.13,98.7
2026-09-18 17:36:18,LUM-101,27.74,77.83,125.03,1.096,47.83,52.44,73.1
2026-09-18 17:36:28,LUM-101,27.8,77.88,132.55,1.264,48.08,60.75,84.2
2026-09-18 17:36:38,LUM-101,27.83,78.09,139.41,1.423,47.87,68.13,94.9
2026-09-18 17:36:48,LUM-101,27.75,78.17,132.72,1.265,47.92,60.62,84.3
2026-09-18 17:36:58,LUM-101,27.84,78.11,130.48,1.209,48.14,58.19,80.6
2026-09-18 17:37:08,LUM-101,27.79,78.07,130.37,1.213,47.89,58.11,80.9
2026-09-18 17:37:18,LUM-101,27.74,78.4,140.6,1.437,48.11,69.12,95.8
2026-09-18 17:37:28,LUM-101,27.72,78.64,139.68,1.417,47.85,67.82,94.5
2026-09-18 17:37:38,LUM-101,27.77,78.47,125.68,1.097,47.82,52.46,73.1
2026-09-18 17:37:48,LUM-101,27.78,78.83,143.22,1.486,48.14,71.55,99.1
2026-09-18 17:37:58,LUM-101,27.83,78.92,136.19,1.327,47.94,63.63,88.5
2026-09-18 17:38:08,LUM-101,27.74,78.78,127.93,1.139,47.93,54.61,76.0
2026-09-18 17:38:18,LUM-101,27.85,78.99,139.35,1.402,47.84,67.07,93.5
2026-09-18 17:38:28,LUM-101,27.7,79.34,143.88,1.497,47.9,71.72,99.8
2026-09-18 17:38:38,LUM-101,27.83,79.35,133.47,1.252,48.05,60.13,83.4
2026-09-18 17:38:48,LUM-101,27.74,79.21,128.46,1.144,47.84,54.73,76.3
2026-09-18 17:38:58,LUM-101,27.83,78.95,124.81,1.061,48.03,50.96,70.7
2026-09-18 17:39:08,LUM-101,27.79,78.8,128.9,1.16,47.97,55.67,77.4
2026-09-18 17:39:18,LUM-101,27.84,78.76,132.64,1.251,47.87,59.88,83.4
2026-09-18 17:39:28,LUM-101,27.76,78.54,126.45,1.105,48.17,53.24,73.7
2026-09-18 17:39:38,LUM-101,27.76,78.31,124.16,1.066,47.81,50.95,71.0
2026-09-18 17:39:48,LUM-101,27.8,78.25,130.12,1.196,48.18,57.63,79.7
2026-09-18 17:39:58,LUM-101,27.86,78.1,127.98,1.155,47.99,55.42,77.0
2026-09-18 17:40:08,LUM-101,27.81,78.26,137.71,1.38,47.87,66.06,92.0
2026-09-18 17:40:18,LUM-101,27.85,78.12,126.77,1.129,47.87,54.06,75.3
2026-09-18 17:40:28,LUM-101,27.71,78.22,135.9,1.333,48.07,64.09,88.9
2026-09-18 17:40:38,LUM-101,27.7,78.07,128.08,1.158,47.99,55.57,77.2
2026-09-18 17:40:48,LUM-101,27.71,77.82,124.31,1.072,48.19,51.66,71.5
2026-09-18 17:40:58,LUM-101,27.88,77.96,135.39,1.331,47.93,63.81,88.8
2026-09-18 17:41:08,LUM-101,27.76,78.17,138.08,1.392,47.83,66.57,92.8
2026-09-18 17:41:18,LUM-101,27.85,78.19,131.53,1.235,47.98,59.27,82.4
2026-09-18 17:41:28,LUM-101,27.73,78.27,134.85,1.31,47.98,62.87,87.3
2026-09-18 17:41:38,LUM-101,27.77,78.19,130.43,1.208,48.07,58.05,80.5
2026-09-18 17:41:48,LUM-101,27.73,78.17,132.64,1.258,48.12,60.52,83.8
2026-09-18 17:41:58,LUM-101,27.81,78.08,129.42,1.19,47.92,57.03,79.3
2026-09-18 17:42:08,LUM-101,27.79,78.08,130.63,1.219,47.91,58.39,81.2
2026-09-18 17:42:18,LUM-101,27.77,77.81,123.57,1.061,47.91,50.84,70.7
2026-09-18 17:42:28,LUM-101,27.87,77.96,134.51,1.313,47.84,62.83,87.6
2026-09-18 17:42:38,LUM-101,27.78,78.23,140.96,1.449,48.11,69.7,96.6
2026-09-18 17:42:48,LUM-101,27.7,78.14,129.11,1.182,47.93,56.63,78.8
2026-09-18 17:42:58,LUM-101,27.82,78.42,141.11,1.451,48.01,69.66,96.7
2026-09-18 17:43:08,LUM-101,27.85,78.24,125.86,1.104,47.91,52.91,73.6
2026-09-18 17:43:18,LUM-101,27.83,78.18,128.94,1.178,47.87,56.4,78.6
2026-09-18 17:43:28,LUM-101,27.85,78.2,133.69,1.28,48.16,61.66,85.3
2026-09-18 17:43:38,LUM-101,27.83,77.97,123.96,1.066,47.94,51.1,71.1
2026-09-18 17:43:48,LUM-101,27.75,77.97,130.19,1.205,48.17,58.02,80.3
2026-09-18 17:43:58,LUM-101,27.72,77.84,126.55,1.129,47.94,54.11,75.3
2026-09-18 17:44:08,LUM-101,27.79,77.9,131.94,1.247,48.17,60.05,83.1
2026-09-18 17:44:18,LUM-101,27.79,77.82,129.32,1.189,48.15,57.23,79.2
2026-09-18 17:44:28,LUM-101,27.7,77.53,123.0,1.053,47.98,50.52,70.2
2026-09-18 17:44:38,LUM-101,27.83,77.42,125.58,1.113,48.07,53.51,74.2
2026-09-18 17:44:48,LUM-101,27.87,77.66,137.92,1.396,47.97,66.96,93.1
2026-09-18 17:44:58,LUM-101,27.8,77.8,135.16,1.327,48.03,63.73,88.5
2026-09-18 17:45:08,LUM-101,27.79,77.95,137.25,1.373,47.99,65.88,91.5
2026-09-18 17:45:18,LUM-101,27.75,77.77,126.34,1.121,48.14,53.96,74.7
2026-09-18 17:45:28,LUM-101,27.79,77.75,131.17,1.241,47.83,59.36,82.7
2026-09-18 17:45:38,LUM-101,27.9,77.6,124.29,1.079,48.06,51.88,72.0
2026-09-18 17:45:48,LUM-101,27.77,77.55,129.2,1.201,47.8,57.39,80.0
2026-09-18 17:45:58,LUM-101,27.85,77.67,134.53,1.311,48.18,63.17,87.4
2026-09-18 17:46:08,LUM-101,27.71,77.43,123.93,1.072,48.2,51.67,71.5
2026-09-18 17:46:18,LUM-101,27.76,77.7,139.29,1.428,47.93,68.44,95.2
2026-09-18 17:46:28,LUM-101,27.8,77.93,138.92,1.417,47.84,67.77,94.4
2026-09-18 17:46:38,LUM-101,27.79,77.73,124.2,1.077,47.96,51.64,71.8
2026-09-18 17:46:48,LUM-101,27.73,77.54,124.76,1.093,48.0,52.46,72.9
2026-09-18 17:46:58,LUM-101,27.91,77.92,141.63,1.471,48.12,70.79,98.1
2026-09-18 17:47:08,LUM-101,27.89,78.15,138.63,1.4,48.0,67.21,93.3
2026-09-18 17:47:18,LUM-101,27.89,78.04,128.62,1.171,47.98,56.2,78.1
2026-09-18 17:47:28,LUM-101,27.89,77.9,125.95,1.113,47.98,53.4,74.2
2026-09-18 17:47:38,LUM-101,27.81,78.08,136.66,1.352,48.16,65.09,90.1
2026-09-18 17:47:48,LUM-101,27.79,78.43,142.14,1.47,48.15,70.79,98.0
2026-09-18 17:47:58,LUM-101,27.88,78.22,126.29,1.111,48.08,53.42,74.1
2026-09-18 17:48:08,LUM-101,27.74,78.2,130.71,1.214,48.06,58.35,80.9
2026-09-18 17:48:18,LUM-101,27.77,77.97,123.2,1.051,47.82,50.25,70.1
2026-09-18 17:48:28,LUM-101,27.74,77.92,129.0,1.184,47.93,56.76,78.9
2026-09-18 17:48:38,LUM-101,27.73,77.9,130.6,1.222,47.94,58.56,81.4
2026-09-18 17:48:48,LUM-101,27.82,78.06,137.48,1.374,48.05,66.02,91.6
2026-09-18 17:48:58,LUM-101,27.83,78.08,132.44,1.256,48.09,60.41,83.7
2026-09-18 17:49:08,LUM-101,27.91,78.14,133.65,1.282,48.13,61.68,85.4
2026-09-18 17:49:18,LUM-101,27.75,78.32,137.98,1.38,48.04,66.29,92.0
2026-09-18 17:49:28,LUM-101,27.74,78.57,139.29,1.41,47.85,67.46,94.0
2026-09-18 17:49:38,LUM-101,27.9,78.51,129.04,1.171,47.94,56.15,78.1
2026-09-18 17:49:48,LUM-101,27.91,78.3,126.77,1.122,47.99,53.85,74.8
2026-09-18 17:49:58,LUM-101,27.76,78.44,136.47,1.341,48.07,64.48,89.4
2026-09-18 17:50:08,LUM-101,27.83,78.68,139.31,1.4,48.13,67.37,93.3
2026-09-18 17:50:18,LUM-101,27.92,78.99,142.98,1.48,48.04,71.11,98.7
2026-09-18 17:50:28,LUM-101,27.86,79.3,142.47,1.463,47.98,70.19,97.5
2026-09-18 17:50:38,LUM-101,27.9,79.55,143.5,1.479,48.05,71.05,98.6
2026-09-18 17:50:48,LUM-101,27.91,79.28,125.03,1.056,48.14,50.83,70.4
2026-09-18 17:50:58,LUM-101,27.92,79.32,135.31,1.298,47.92,62.21,86.5
2026-09-18 17:51:08,LUM-101,27.88,79.57,140.53,1.415,47.88,67.74,94.3
2026-09-18 17:51:18,LUM-101,27.75,79.75,141.99,1.438,48.08,69.15,95.9
2026-09-18 17:51:28,LUM-101,27.93,79.86,139.78,1.385,48.06,66.57,92.4
2026-09-18 17:51:38,LUM-101,27.74,79.88,136.58,1.307,48.19,63.0,87.2
2026-09-18 17:51:48,LUM-101,27.76,79.92,135.37,1.287,47.87,61.61,85.8
2026-09-18 17:51:58,LUM-101,27.78,79.67,127.56,1.111,47.9,53.21,74.1
2026-09-18 17:52:08,LUM-101,27.75,79.36,125.5,1.064,48.17,51.26,70.9
2026-09-18 17:52:18,LUM-101,27.83,79.19,129.0,1.158,47.8,55.34,77.2
2026-09-18 17:52:28,LUM-101,27.77,79.11,132.28,1.227,48.16,59.08,81.8
2026-09-18 17:52:38,LUM-101,27.8,79.18,137.05,1.338,48.07,64.3,89.2
2026-09-18 17:52:48,LUM-101,27.9,79.13,131.82,1.222,47.92,58.54,81.4
2026-09-18 17:52:58,LUM-101,27.78,79.09,131.78,1.219,48.02,58.55,81.3
2026-09-18 17:53:08,LUM-101,27.82,79.43,144.0,1.489,48.18,71.74,99.3
2026-09-18 17:53:18,LUM-101,27.78,79.45,133.79,1.253,48.19,60.38,83.5
2026-09-18 17:53:28,LUM-101,27.92,79.21,124.95,1.055,48.15,50.82,70.4
2026-09-18 17:53:38,LUM-101,27.81,79.46,141.44,1.429,48.2,68.86,95.3
2026-09-18 17:53:48,LUM-101,27.87,79.3,127.69,1.123,47.88,53.77,74.9
2026-09-18 17:53:58,LUM-101,27.89,79.08,125.45,1.072,48.07,51.53,71.5
2026-09-18 17:54:08,LUM-101,27.79,79.11,135.87,1.308,48.2,63.06,87.2
2026-09-18 17:54:18,LUM-101,27.89,79.01,129.99,1.182,47.91,56.64,78.8
2026-09-18 17:54:28,LUM-101,27.75,78.78,126.09,1.091,48.19,52.57,72.7
2026-09-18 17:54:38,LUM-101,27.81,78.88,136.8,1.335,48.2,64.35,89.0
2026-09-18 17:54:48,LUM-101,27.8,79.08,138.22,1.369,48.01,65.71,91.2
2026-09-18 17:54:58,LUM-101,27.85,79.09,134.81,1.286,48.15,61.91,85.7
2026-09-18 17:55:08,LUM-101,27.88,79.33,140.17,1.414,47.8,67.59,94.3
2026-09-18 17:55:18,LUM-101,27.76,79.53,140.07,1.402,47.97,67.26,93.5
2026-09-18 17:55:28,LUM-101,27.9,79.62,138.45,1.36,48.04,65.36,90.7
2026-09-18 17:55:38,LUM-101,27.8,79.42,127.9,1.121,48.05,53.86,74.7
2026-09-18 17:55:48,LUM-101,27.82,79.29,128.16,1.132,47.99,54.31,75.4
2026-09-18 17:55:58,LUM-101,27.89,79.37,136.18,1.311,48.16,63.13,87.4
2026-09-18 17:56:08,LUM-101,27.92,79.69,143.18,1.465,48.14,70.55,97.7
2026-09-18 17:56:18,LUM-101,27.86,79.67,135.32,1.288,47.99,61.83,85.9
2026-09-18 17:56:28,LUM-101,27.91,79.48,129.42,1.159,47.89,55.49,77.2
2026-09-18 17:56:38,LUM-101,27.88,79.78,142.58,1.46,47.81,69.78,97.3
2026-09-18 17:56:48,LUM-101,27.84,79.72,133.71,1.247,48.1,59.98,83.1
2026-09-18 17:56:58,LUM-101,27.81,79.81,138.75,1.369,47.84,65.49,91.3
2026-09-18 17:57:08,LUM-101,27.78,79.55,126.7,1.092,47.97,52.39,72.8
2026-09-18 17:57:18,LUM-101,27.9,79.27,125.75,1.078,47.91,51.64,71.9
2026-09-18 17:57:28,LUM-101,27.9,79.07,126.5,1.101,47.84,52.69,73.4
2026-09-18 17:57:38,LUM-101,27.84,79.09,135.11,1.302,47.8,62.24,86.8
2026-09-18 17:57:48,LUM-101,27.89,78.91,125.88,1.083,48.19,52.19,72.2
2026-09-18 17:57:58,LUM-101,27.96,78.95,135.48,1.314,47.82,62.81,87.6
2026-09-18 17:58:08,LUM-101,27.93,79.17,141.25,1.438,47.95,68.97,95.9
2026-09-18 17:58:18,LUM-101,27.91,79.24,136.37,1.317,48.19,63.47,87.8
2026-09-18 17:58:28,LUM-101,27.85,79.04,128.21,1.142,47.86,54.63,76.1
2026-09-18 17:58:38,LUM-101,27.91,79.04,133.16,1.252,48.03,60.13,83.5
2026-09-18 17:58:48,LUM-101,27.88,79.02,131.34,1.215,47.84,58.13,81.0
2026-09-18 17:58:58,LUM-101,27.86,79.05,134.09,1.277,47.88,61.15,85.2
2026-09-18 17:59:08,LUM-101,27.83,78.94,130.22,1.187,48.01,56.97,79.1
2026-09-18 17:59:18,LUM-101,27.92,79.03,134.9,1.291,48.08,62.08,86.1
2026-09-18 17:59:28,LUM-101,27.9,78.95,131.0,1.2,48.18,57.83,80.0
2026-09-18 17:59:38,LUM-101,27.93,79.12,137.02,1.343,47.89,64.33,89.5
2026-09-18 17:59:48,LUM-101,27.9,79.18,136.85,1.336,47.95,64.08,89.1
2026-09-18 17:59:58,LUM-101,27.8,79.09,131.26,1.209,47.93,57.96,80.6
2026-09-18 18:00:08,LUM-101,27.78,79.12,133.75,1.262,48.1,60.7,84.1
2026-09-18 18:00:18,LUM-101,27.96,79.03,129.18,1.158,48.11,55.72,77.2
2026-09-18 18:00:28,LUM-101,27.83,79.21,138.6,1.374,48.03,65.99,91.6
2026-09-18 18:00:38,LUM-101,27.83,79.24,136.02,1.312,48.09,63.09,87.5
2026-09-18 18:00:48,LUM-101,27.9,78.98,124.86,1.065,47.87,50.98,71.0
2026-09-18 18:00:58,LUM-101,27.91,79.12,136.67,1.334,47.92,63.94,89.0
2026-09-18 18:01:08,LUM-101,27.83,79.03,129.13,1.163,47.86,55.66,77.5
2026-09-18 18:01:18,LUM-101,27.78,78.91,130.11,1.182,48.11,56.89,78.8
2026-09-18 18:01:28,LUM-101,27.96,79.19,142.8,1.469,48.12,70.69,97.9
2026-09-18 18:01:38,LUM-101,27.92,78.98,125.52,1.08,47.9,51.71,72.0
2026-09-18 18:01:48,LUM-101,27.96,79.23,140.65,1.424,47.94,68.24,94.9
2026-09-18 18:01:58,LUM-101,27.86,79.43,139.94,1.395,48.19,67.24,93.0
2026-09-18 18:02:08,LUM-101,27.83,79.22,126.24,1.086,48.11,52.25,72.4
2026-09-18 18:02:18,LUM-101,27.89,79.32,136.99,1.331,48.13,64.07,88.8
2026-09-18 18:02:28,LUM-101,27.93,79.54,139.77,1.392,48.08,66.92,92.8
2026-09-18 18:02:38,LUM-101,27.88,79.71,141.12,1.421,48.02,68.23,94.7
2026-09-18 18:02:48,LUM-101,27.86,79.91,140.1,1.398,47.83,66.87,93.2
2026-09-18 18:02:58,LUM-101,27.81,79.78,131.99,1.207,48.04,58.0,80.5
2026-09-18 18:03:08,LUM-101,27.79,79.61,128.39,1.125,48.16,54.19,75.0
2026-09-18 18:03:18,LUM-101,27.9,79.48,130.79,1.184,48.17,57.01,78.9
2026-09-18 18:03:28,LUM-101,27.97,79.38,132.11,1.225,47.83,58.58,81.6
2026-09-18 18:03:38,LUM-101,27.89,79.34,132.84,1.234,48.15,59.45,82.3
2026-09-18 18:03:48,LUM-101,27.84,79.56,140.81,1.412,48.19,68.06,94.2
2026-09-18 18:03:58,LUM-101,27.85,79.65,136.89,1.329,47.86,63.6,88.6
2026-09-18 18:04:08,LUM-101,27.89,79.7,135.66,1.298,47.91,62.18,86.5
2026-09-18 18:04:18,LUM-101,27.83,79.35,124.67,1.053,47.82,50.35,70.2
2026-09-18 18:04:28,LUM-101,27.84,79.27,131.77,1.22,47.83,58.33,81.3
2026-09-18 18:04:38,LUM-101,27.85,79.54,141.22,1.431,47.9,68.53,95.4
2026-09-18 18:04:48,LUM-101,27.82,79.52,132.7,1.233,47.92,59.09,82.2
2026-09-18 18:04:58,LUM-101,27.79,79.76,143.53,1.473,48.09,70.86,98.2
2026-09-18 18:05:08,LUM-101,27.81,79.67,132.05,1.209,48.13,58.2,80.6
2026-09-18 18:05:18,LUM-101,27.9,79.63,132.8,1.233,47.91,59.07,82.2
2026-09-18 18:05:28,LUM-101,27.88,79.49,128.08,1.124,48.05,53.99,74.9
2026-09-18 18:05:38,LUM-101,27.96,79.55,137.02,1.329,48.04,63.86,88.6
2026-09-18 18:05:48,LUM-101,27.8,79.39,129.95,1.167,48.16,56.18,77.8
2026-09-18 18:05:58,LUM-101,27.89,79.36,133.88,1.259,48.1,60.57,84.0
2026-09-18 18:06:08,LUM-101,27.98,79.31,132.86,1.242,47.91,59.51,82.8
2026-09-18 18:06:18,LUM-101,27.83,79.53,142.43,1.458,47.92,69.88,97.2
2026-09-18 18:06:28,LUM-101,27.99,79.4,128.55,1.136,48.08,54.61,75.7
2026-09-18 18:06:38,LUM-101,27.8,79.71,143.63,1.476,48.13,71.02,98.4
2026-09-18 18:06:48,LUM-101,27.84,79.93,141.02,1.414,47.99,67.88,94.3
2026-09-18 18:06:58,LUM-101,27.9,80.06,139.04,1.365,48.03,65.53,91.0
2026-09-18 18:07:08,LUM-101,27.83,80.15,138.29,1.344,48.07,64.61,89.6
2026-09-18 18:07:18,LUM-101,27.91,79.88,125.79,1.061,48.08,51.02,70.7
2026-09-18 18:07:28,LUM-101,27.92,80.02,140.6,1.404,47.95,67.32,93.6
2026-09-18 18:07:38,LUM-101,27.8,79.89,129.55,1.145,48.19,55.18,76.4
2026-09-18 18:07:48,LUM-101,27.97,80.19,144.64,1.488,48.13,71.61,99.2
2026-09-18 18:07:58,LUM-101,27.89,80.41,141.61,1.417,47.98,68.0,94.5
2026-09-18 18:08:08,LUM-101,27.92,80.5,139.84,1.376,47.91,65.93,91.7
2026-09-18 18:08:18,LUM-101,27.8,80.33,131.36,1.185,47.84,56.69,79.0
2026-09-18 18:08:28,LUM-101,27.86,80.6,144.47,1.477,48.04,70.97,98.5
2026-09-18 18:08:38,LUM-101,27.88,80.76,140.95,1.391,48.09,66.88,92.7
2026-09-18 18:08:48,LUM-101,27.89,80.57,130.36,1.154,47.94,55.32,76.9
2026-09-18 18:08:58,LUM-101,27.84,80.59,137.91,1.328,47.97,63.69,88.5
2026-09-18 18:09:08,LUM-101,27.83,80.77,143.69,1.462,47.82,69.91,97.5
2026-09-18 18:09:18,LUM-101,27.84,80.77,137.37,1.315,47.84,62.89,87.6
2026-09-18 18:09:28,LUM-101,27.97,80.75,136.79,1.3,47.9,62.26,86.7
2026-09-18 18:09:38,LUM-101,27.85,80.78,137.01,1.305,47.87,62.47,87.0
2026-09-18 18:09:48,LUM-101,27.83,81.03,145.48,1.488,48.12,71.61,99.2
2026-09-18 18:09:58,LUM-101,27.87,81.07,138.43,1.327,48.04,63.73,88.4
2026-09-18 18:10:08,LUM-101,27.94,81.05,135.32,1.261,47.82,60.3,84.1
2026-09-18 18:10:18,LUM-101,27.93,81.07,138.58,1.335,47.89,63.91,89.0
2026-09-18 18:10:28,LUM-101,27.9,81.26,144.56,1.46,48.17,70.34,97.3
2026-09-18 18:10:38,LUM-101,27.9,81.0,127.97,1.091,47.83,52.19,72.7
2026-09-18 18:10:48,LUM-101,27.95,81.09,140.44,1.376,47.95,65.95,91.7
2026-09-18 18:10:58,LUM-101,27.97,81.27,143.44,1.436,48.12,69.08,95.7
2026-09-18 18:11:08,LUM-101,27.84,81.13,132.3,1.184,48.01,56.86,78.9
2026-09-18 18:11:18,LUM-101,27.96,80.98,131.86,1.181,47.89,56.54,78.7
2026-09-18 18:11:28,LUM-101,27.9,80.92,135.53,1.269,47.82,60.67,84.6
2026-09-18 18:11:38,LUM-101,27.84,80.77,131.16,1.165,48.07,55.99,77.7
2026-09-18 18:11:48,LUM-101,27.94,80.71,135.86,1.276,48.04,61.28,85.0
2026-09-18 18:11:58,LUM-101,27.83,80.93,143.06,1.442,47.88,69.04,96.1
2026-09-18 18:12:08,LUM-101,27.89,81.05,139.98,1.364,47.99,65.48,91.0
2026-09-18 18:12:18,LUM-101,27.93,81.13,139.83,1.361,47.93,65.22,90.7
2026-09-18 18:12:28,LUM-101,27.87,80.82,127.6,1.081,48.06,51.97,72.1
2026-09-18 18:12:38,LUM-101,27.99,80.72,133.84,1.225,48.17,59.03,81.7
2026-09-18 18:12:48,LUM-101,27.95,80.97,145.68,1.495,48.1,71.9,99.7
2026-09-18 18:12:58,LUM-101,27.94,81.21,145.88,1.499,47.94,71.86,99.9
2026-09-18 18:13:08,LUM-101,28.01,81.3,140.05,1.357,48.11,65.28,90.5
2026-09-18 18:13:18,LUM-101,28.01,81.46,143.39,1.439,47.8,68.8,96.0
2026-09-18 18:13:28,LUM-101,27.84,81.47,139.11,1.331,48.13,64.05,88.7
2026-09-18 18:13:38,LUM-101,27.84,81.3,134.05,1.225,47.83,58.61,81.7
2026-09-18 18:13:48,LUM-101,27.83,81.48,143.4,1.436,47.91,68.8,95.7
2026-09-18 18:13:58,LUM-101,27.88,81.42,135.91,1.258,48.11,60.54,83.9
2026-09-18 18:14:08,LUM-101,28.0,81.37,135.79,1.256,48.14,60.47,83.7
2026-09-18 18:14:18,LUM-101,27.96,81.49,141.07,1.374,48.18,66.2,91.6
2026-09-18 18:14:28,LUM-101,28.01,81.62,142.6,1.417,47.82,67.76,94.5
2026-09-18 18:14:38,LUM-101,27.84,81.9,146.24,1.484,48.17,71.49,98.9
2026-09-18 18:14:48,LUM-101,27.89,82.02,142.08,1.39,47.99,66.73,92.7
2026-09-18 18:14:58,LUM-101,27.97,82.26,146.26,1.479,48.08,71.11,98.6
2026-09-18 18:15:08,LUM-101,27.96,82.0,131.88,1.154,48.02,55.43,77.0
2026-09-18 18:15:18,LUM-101,27.95,82.26,146.26,1.48,48.05,71.11,98.7
2026-09-18 18:15:28,LUM-101,28.01,82.37,145.07,1.454,47.93,69.66,96.9
2026-09-18 18:15:38,LUM-101,27.99,82.1,131.03,1.132,48.03,54.37,75.5
2026-09-18 18:15:48,LUM-101,27.91,82.03,136.84,1.27,47.94,60.9,84.7
2026-09-18 18:15:58,LUM-101,28.02,81.93,137.51,1.285,48.04,61.75,85.7
2026-09-18 18:16:08,LUM-101,27.99,81.92,137.7,1.29,48.05,61.98,86.0
2026-09-18 18:16:18,LUM-101,27.98,81.76,132.9,1.188,47.83,56.82,79.2
2026-09-18 18:16:28,LUM-101,27.84,81.88,142.48,1.397,48.2,67.34,93.1
2026-09-18 18:16:38,LUM-101,27.86,81.99,141.92,1.388,47.99,66.59,92.5
2026-09-18 18:16:48,LUM-101,28.01,81.83,133.72,1.202,47.98,57.66,80.1
2026-09-18 18:16:58,LUM-101,27.99,81.51,127.1,1.053,48.09,50.66,70.2
2026-09-18 18:17:08,LUM-101,27.92,81.27,131.43,1.158,48.13,55.73,77.2
2026-09-18 18:17:18,LUM-101,27.98,80.92,127.85,1.084,48.13,52.15,72.2
2026-09-18 18:17:28,LUM-101,27.92,80.89,135.41,1.259,48.09,60.57,84.0
2026-09-18 18:17:38,LUM-101,27.96,80.87,134.97,1.252,48.0,60.11,83.5
2026-09-18 18:17:48,LUM-101,27.93,80.91,137.15,1.306,47.86,62.49,87.0
2026-09-18 18:17:58,LUM-101,27.88,80.59,126.18,1.053,48.11,50.66,70.2
2026-09-18 18:18:08,LUM-101,27.98,80.7,139.62,1.361,48.12,65.47,90.7
2026-09-18 18:18:18,LUM-101,27.92,80.49,129.18,1.131,47.82,54.1,75.4
2026-09-18 18:18:28,LUM-101,28.01,80.78,144.75,1.475,48.18,71.08,98.3
2026-09-18 18:18:38,LUM-101,27.85,80.59,131.93,1.184,48.18,57.05,78.9
2026-09-18 18:18:48,LUM-101,28.02,80.59,136.82,1.302,47.99,62.48,86.8
2026-09-18 18:18:58,LUM-101,27.89,80.57,134.48,1.249,47.95,59.89,83.3
2026-09-18 18:19:08,LUM-101,28.01,80.68,139.46,1.366,47.82,65.31,91.1
2026-09-18 18:19:18,LUM-101,27.92,80.92,144.25,1.468,47.95,70.37,97.8
2026-09-18 18:19:28,LUM-101,27.99,81.03,141.48,1.397,48.08,67.17,93.1
2026-09-18 18:19:38,LUM-101,28.01,81.02,136.05,1.269,48.19,61.15,84.6
2026-09-18 18:19:48,LUM-101,27.96,81.1,141.56,1.395,48.15,67.17,93.0
2026-09-18 18:19:58,LUM-101,28.03,80.77,127.97,1.094,47.92,52.43,73.0
2026-09-18 18:20:08,LUM-101,27.89,80.46,126.99,1.081,47.84,51.69,72.0
2026-09-18 18:20:18,LUM-101,28.03,80.72,144.62,1.473,48.19,71.0,98.2
2026-09-18 18:20:28,LUM-101,27.85,80.42,126.85,1.072,48.12,51.6,71.5
2026-09-18 18:20:38,LUM-101,27.86,80.12,126.47,1.075,47.91,51.5,71.7
2026-09-18 18:20:48,LUM-101,27.88,79.97,130.73,1.173,48.08,56.39,78.2
2026-09-18 18:20:58,LUM-101,27.95,80.19,141.98,1.432,47.94,68.65,95.5
2026-09-18 18:21:08,LUM-101,27.91,80.29,137.39,1.327,47.8,63.44,88.5
2026-09-18 18:21:18,LUM-101,27.96,80.11,129.34,1.135,48.18,54.7,75.7
2026-09-18 18:21:28,LUM-101,28.01,80.23,138.62,1.351,48.01,64.88,90.1
2026-09-18 18:21:38,LUM-101,27.87,80.14,131.21,1.184,47.95,56.75,78.9
2026-09-18 18:21:48,LUM-101,27.85,80.33,142.78,1.443,48.08,69.38,96.2
2026-09-18 18:21:58,LUM-101,27.84,80.47,139.35,1.365,47.92,65.42,91.0
2026-09-18 18:22:08,LUM-101,28.02,80.72,144.05,1.471,47.82,70.37,98.1
2026-09-18 18:22:18,LUM-101,27.99,80.87,140.02,1.368,48.02,65.72,91.2
2026-09-18 18:22:28,LUM-101,27.93,80.89,138.37,1.33,48.03,63.86,88.6
2026-09-18 18:22:38,LUM-101,27.87,80.7,130.2,1.15,47.83,55.0,76.7
2026-09-18 18:22:48,LUM-101,27.87,80.69,134.93,1.252,48.14,60.27,83.5
2026-09-18 18:22:58,LUM-101,27.85,80.85,143.17,1.438,48.17,69.25,95.8
2026-09-18 18:23:08,LUM-101,27.91,80.79,133.66,1.227,47.86,58.75,81.8
2026-09-18 18:23:18,LUM-101,27.85,80.65,131.39,1.173,48.08,56.38,78.2
2026-09-18 18:23:28,LUM-101,28.03,80.41,128.16,1.103,48.08,53.05,73.6
2026-09-18 18:23:38,LUM-101,27.94,80.13,126.29,1.072,47.85,51.29,71.5
2026-09-18 18:23:48,LUM-101,28.0,80.06,132.42,1.208,48.17,58.18,80.5
2026-09-18 18:23:58,LUM-101,27.86,79.91,131.69,1.199,48.0,57.54,79.9
2026-09-18 18:24:08,LUM-101,27.98,79.91,134.85,1.272,48.01,61.05,84.8
2026-09-18 18:24:18,LUM-101,27.92,80.2,144.98,1.498,48.03,71.97,99.9
2026-09-18 18:24:28,LUM-101,28.03,80.06,130.39,1.161,48.17,55.92,77.4
2026-09-18 18:24:38,LUM-101,27.89,79.75,125.7,1.062,48.1,51.06,70.8
2026-09-18 18:24:48,LUM-101,27.93,79.81,135.34,1.281,48.18,61.7,85.4
2026-09-18 18:24:58,LUM-101,27.94,79.74,133.58,1.248,47.94,59.82,83.2
2026-09-18 18:25:08,LUM-101,27.97,79.63,130.99,1.187,48.07,57.07,79.1
2026-09-18 18:25:18,LUM-101,27.95,79.57,132.98,1.234,48.11,59.35,82.2
2026-09-18 18:25:28,LUM-101,28.04,79.39,127.2,1.108,47.97,53.13,73.8
2026-09-18 18:25:38,LUM-101,28.01,79.36,134.13,1.272,47.86,60.86,84.8
2026-09-18 18:25:48,LUM-101,27.87,79.4,135.74,1.309,47.81,62.59,87.3
2026-09-18 18:25:58,LUM-101,28.03,79.15,126.33,1.089,48.15,52.41,72.6
2026-09-18 18:26:08,LUM-101,28.03,79.04,128.58,1.145,48.06,55.05,76.4
2026-09-18 18:26:18,LUM-101,27.98,78.81,127.42,1.128,47.86,54.01,75.2
2026-09-18 18:26:28,LUM-101,27.94,79.02,138.04,1.366,48.02,65.58,91.0
2026-09-18 18:26:38,LUM-101,27.86,79.18,138.7,1.377,48.02,66.14,91.8
2026-09-18 18:26:48,LUM-101,28.01,79.28,135.15,1.295,47.95,62.08,86.3
2026-09-18 18:26:58,LUM-101,28.04,79.11,128.2,1.132,48.17,54.54,75.5
2026-09-18 18:27:08,LUM-101,27.97,78.89,126.23,1.099,47.87,52.6,73.2
2026-09-18 18:27:18,LUM-101,28.02,78.98,134.83,1.291,48.06,62.06,86.1
2026-09-18 18:27:28,LUM-101,27.99,78.74,124.37,1.054,48.12,50.7,70.3
2026-09-18 18:27:38,LUM-101,27.88,78.83,136.41,1.329,48.12,63.98,88.6
2026-09-18 18:27:48,LUM-101,27.86,78.67,126.35,1.105,47.94,52.97,73.7
2026-09-18 18:27:58,LUM-101,27.96,78.77,135.48,1.315,47.9,63.01,87.7
2026-09-18 18:28:08,LUM-101,28.02,78.91,137.07,1.344,48.07,64.62,89.6
2026-09-18 18:28:18,LUM-101,27.9,78.78,128.88,1.155,48.18,55.67,77.0
2026-09-18 18:28:28,LUM-101,27.98,78.87,134.59,1.289,48.04,61.91,85.9
2026-09-18 18:28:38,LUM-101,27.86,79.15,140.81,1.421,48.2,68.51,94.8
2026-09-18 18:28:48,LUM-101,27.91,79.39,140.75,1.421,47.97,68.18,94.7
2026-09-18 18:28:58,LUM-101,27.98,79.46,137.57,1.348,47.9,64.56,89.9
2026-09-18 18:29:08,LUM-101,27.96,79.35,130.65,1.185,48.1,57.01,79.0
2026-09-18 18:29:18,LUM-101,27.92,79.53,139.47,1.388,48.0,66.6,92.5
2026-09-18 18:29:28,LUM-101,28.05,79.57,135.23,1.29,47.96,61.84,86.0
2026-09-18 18:29:38,LUM-101,27.94,79.51,131.67,1.204,48.13,57.95,80.3
2026-09-18 18:29:48,LUM-101,28.02,79.43,132.98,1.244,47.83,59.5,82.9
2026-09-18 18:29:58,LUM-101,27.98,79.55,137.95,1.354,47.92,64.89,90.3
2026-09-18 18:30:08,LUM-101,27.87,79.34,126.97,1.098,48.17,52.91,73.2
2026-09-18 18:30:18,LUM-101,28.05,79.27,129.65,1.164,48.1,55.98,77.6
2026-09-18 18:30:28,LUM-101,27.97,79.34,137.62,1.353,47.88,64.76,90.2
2026-09-18 18:30:38,LUM-101,27.87,79.53,140.86,1.423,47.91,68.15,94.8
2026-09-18 18:30:48,LUM-101,27.94,79.86,143.84,1.478,48.1,71.09,98.5
2026-09-18 18:30:58,LUM-101,27.88,79.84,135.13,1.277,48.12,61.43,85.1
2026-09-18 18:31:08,LUM-101,27.89,79.87,135.16,1.276,48.16,61.43,85.0
2026-09-18 18:31:18,LUM-101,28.0,79.76,130.69,1.178,48.02,56.59,78.6
2026-09-18 18:31:28,LUM-101,28.05,80.1,144.16,1.489,47.8,71.18,99.3
2026-09-18 18:31:38,LUM-101,28.03,80.24,140.69,1.397,48.09,67.16,93.1
2026-09-18 18:31:48,LUM-101,28.0,80.17,131.65,1.193,47.96,57.2,79.5
2026-09-18 18:31:58,LUM-101,27.94,79.98,129.18,1.135,48.16,54.66,75.7
2026-09-18 18:32:08,LUM-101,28.01,80.23,143.08,1.46,47.82,69.83,97.3
2026-09-18 18:32:18,LUM-101,27.98,80.37,140.51,1.39,48.08,66.82,92.7
2026-09-18 18:32:28,LUM-101,28.01,80.18,128.52,1.117,48.1,53.71,74.4
2026-09-18 18:32:38,LUM-101,27.99,80.31,138.81,1.351,48.1,65.0,90.1
2026-09-18 18:32:48,LUM-101,27.97,80.37,136.5,1.3,47.99,62.37,86.6
2026-09-18 18:32:58,LUM-101,27.93,80.47,140.35,1.387,47.97,66.54,92.5
2026-09-18 18:33:08,LUM-101,28.05,80.12,125.4,1.051,47.86,50.31,70.1
2026-09-18 18:33:18,LUM-101,27.9,80.22,140.17,1.385,48.1,66.6,92.3
2026-09-18 18:33:28,LUM-101,27.98,80.25,134.91,1.267,47.94,60.73,84.5
2026-09-18 18:33:38,LUM-101,28.06,80.28,135.15,1.265,48.19,60.97,84.3
2026-09-18 18:33:48,LUM-101,27.97,80.12,130.09,1.159,47.92,55.53,77.3
2026-09-18 18:33:58,LUM-101,27.87,80.31,141.83,1.425,47.98,68.36,95.0
2026-09-18 18:34:08,LUM-101,27.98,80.37,139.19,1.358,48.14,65.35,90.5
2026-09-18 18:34:18,LUM-101,27.96,80.28,132.82,1.22,47.86,58.38,81.3
2026-09-18 18:34:28,LUM-101,27.93,80.51,144.76,1.493,47.82,71.39,99.5
2026-09-18 18:34:38,LUM-101,28.02,80.38,133.15,1.222,47.99,58.63,81.4
2026-09-18 18:34:48,LUM-101,27.91,80.55,142.26,1.429,47.97,68.57,95.3
2026-09-18 18:34:58,LUM-101,28.0,80.66,138.93,1.35,47.96,64.74,90.0
2026-09-18 18:35:08,LUM-101,27.9,80.79,140.78,1.394,47.82,66.66,92.9
2026-09-18 18:35:18,LUM-101,27.92,80.84,140.02,1.367,48.11,65.76,91.1
2026-09-18 18:35:28,LUM-101,27.88,81.02,142.89,1.436,47.88,68.74,95.7
2026-09-18 18:35:38,LUM-101,27.94,81.04,137.71,1.312,47.98,62.97,87.5
2026-09-18 18:35:48,LUM-101,27.88,81.1,139.54,1.353,47.99,64.93,90.2
2026-09-18 18:35:58,LUM-101,27.98,81.32,145.81,1.494,47.96,71.65,99.6
2026-09-18 18:36:08,LUM-101,27.9,81.0,128.23,1.091,48.12,52.48,72.7
2026-09-18 18:36:18,LUM-101,27.91,81.17,143.22,1.439,47.92,68.95,95.9
2026-09-18 18:36:28,LUM-101,27.98,81.13,137.24,1.297,48.08,62.34,86.4
2026-09-18 18:36:38,LUM-101,27.97,80.97,132.35,1.19,47.96,57.09,79.4
2026-09-18 18:36:48,LUM-101,27.95,80.79,132.6,1.199,48.02,57.57,79.9
2026-09-18 18:36:58,LUM-101,28.06,80.97,142.38,1.419,48.09,68.23,94.6
2026-09-18 18:37:08,LUM-101,27.98,80.68,128.35,1.105,47.91,52.96,73.7
2026-09-18 18:37:18,LUM-101,27.96,80.63,133.63,1.225,48.07,58.88,81.7
2026-09-18 18:37:28,LUM-101,27.9,80.51,133.65,1.226,48.17,59.05,81.7
2026-09-18 18:37:38,LUM-101,27.88,80.61,140.9,1.398,47.94,67.0,93.2
2026-09-18 18:37:48,LUM-101,28.04,80.78,141.33,1.398,48.12,67.27,93.2
2026-09-18 18:37:58,LUM-101,27.94,80.66,132.89,1.206,48.12,58.03,80.4
2026-09-18 18:38:08,LUM-101,27.94,80.71,136.85,1.296,48.12,62.37,86.4
2026-09-18 18:38:18,LUM-101,28.04,80.41,127.23,1.081,48.12,52.02,72.1
2026-09-18 18:38:28,LUM-101,27.94,80.32,131.33,1.184,47.86,56.68,79.0
2026-09-18 18:38:38,LUM-101,28.02,80.13,128.11,1.111,47.99,53.31,74.1
2026-09-18 18:38:48,LUM-101,27.93,80.28,141.01,1.406,48.0,67.48,93.7
2026-09-18 18:38:58,LUM-101,28.03,79.95,125.78,1.057,48.19,50.92,70.4
2026-09-18 18:39:08,LUM-101,28.06,79.82,132.02,1.211,47.89,58.0,80.7
2026-09-18 18:39:18,LUM-101,27.88,79.76,132.23,1.21,48.2,58.3,80.6
2026-09-18 18:39:28,LUM-101,28.06,79.56,128.72,1.137,48.03,54.62,75.8
2026-09-18 18:39:38,LUM-101,28.07,79.78,140.94,1.412,48.14,67.96,94.1
2026-09-18 18:39:48,LUM-101,28.08,80.03,141.55,1.422,48.07,68.35,94.8
2026-09-18 18:39:58,LUM-101,27.96,79.9,131.83,1.204,47.94,57.71,80.3
2026-09-18 18:40:08,LUM-101,27.96,79.95,136.14,1.296,48.19,62.43,86.4
2026-09-18 18:40:18,LUM-101,28.06,79.74,129.22,1.145,48.03,54.98,76.3
2026-09-18 18:40:28,LUM-101,28.07,79.91,139.74,1.381,48.15,66.48,92.1
2026-09-18 18:40:38,LUM-101,28.07,79.99,138.56,1.357,47.96,65.08,90.5
2026-09-18 18:40:48,LUM-101,28.06,79.76,126.2,1.074,48.03,51.59,71.6
2026-09-18 18:40:58,LUM-101,28.01,79.82,137.86,1.344,47.99,64.49,89.6
2026-09-18 18:41:08,LUM-101,28.06,79.99,141.22,1.423,47.82,68.03,94.8
2026-09-18 18:41:18,LUM-101,27.93,80.2,143.11,1.457,47.98,69.89,97.1
2026-09-18 18:41:28,LUM-101,27.91,80.47,143.03,1.45,47.93,69.51,96.7
2026-09-18 18:41:38,LUM-101,28.03,80.34,133.12,1.222,47.99,58.64,81.5
2026-09-18 18:41:48,LUM-101,28.05,80.34,135.63,1.278,48.09,61.43,85.2
2026-09-18 18:41:58,LUM-101,27.95,80.11,127.91,1.104,48.12,53.11,73.6
2026-09-18 18:42:08,LUM-101,28.03,80.16,136.09,1.296,47.97,62.15,86.4
2026-09-18 18:42:18,LUM-101,27.95,80.43,145.41,1.498,48.19,72.21,99.9
2026-09-18 18:42:28,LUM-101,28.06,80.38,134.09,1.247,47.85,59.68,83.1
2026-09-18 18:42:38,LUM-101,27.98,80.64,143.2,1.453,47.85,69.51,96.9
2026-09-18 18:42:48,LUM-101,27.96,80.44,129.05,1.126,47.98,54.02,75.1
2026-09-18 18:42:58,LUM-101,28.04,80.24,130.09,1.153,48.02,55.38,76.9
2026-09-18 18:43:08,LUM-101,28.03,80.15,131.3,1.183,48.05,56.84,78.9
2026-09-18 18:43:18,LUM-101,27.94,80.19,137.66,1.327,48.1,63.85,88.5
2026-09-18 18:43:28,LUM-101,28.01,80.11,131.9,1.197,48.09,57.55,79.8
2026-09-18 18:43:38,LUM-101,28.02,79.89,129.64,1.155,47.86,55.28,77.0
2026-09-18 18:43:48,LUM-101,28.02,79.97,137.82,1.344,47.83,64.28,89.6
2026-09-18 18:43:58,LUM-101,28.04,79.8,128.1,1.12,47.92,53.67,74.7
2026-09-18 18:44:08,LUM-101,27.93,79.97,138.81,1.359,48.12,65.38,90.6
2026-09-18 18:44:18,LUM-101,28.07,80.01,135.02,1.275,47.94,61.12,85.0
2026-09-18 18:44:28,LUM-101,27.91,80.01,136.39,1.301,48.15,62.64,86.7
2026-09-18 18:44:38,LUM-101,27.98,80.1,136.89,1.312,48.11,63.1,87.4
2026-09-18 18:44:48,LUM-101,27.89,79.84,127.57,1.104,48.05,53.03,73.6
2026-09-18 18:44:58,LUM-101,27.98,80.09,144.0,1.483,47.87,71.02,98.9
2026-09-18 18:45:08,LUM-101,27.92,79.91,130.67,1.171,48.15,56.4,78.1
2026-09-18 18:45:18,LUM-101,27.99,79.64,126.41,1.079,48.14,51.96,72.0
2026-09-18 18:45:28,LUM-101,28.0,79.8,140.09,1.396,47.97,66.99,93.1
2026-09-18 18:45:38,LUM-101,28.05,79.73,133.7,1.251,47.94,59.98,83.4
2026-09-18 18:45:48,LUM-101,27.89,79.98,141.54,1.425,48.01,68.4,95.0
2026-09-18 18:45:58,LUM-101,27.98,80.01,135.24,1.284,47.81,61.37,85.6
2026-09-18 18:46:08,LUM-101,27.89,80.22,143.15,1.452,48.15,69.92,96.8
2026-09-18 18:46:18,LUM-101,28.08,80.33,140.28,1.393,47.82,66.61,92.9
2026-09-18 18:46:28,LUM-101,28.02,80.43,140.5,1.393,47.91,66.75,92.9
2026-09-18 18:46:38,LUM-101,28.0,80.63,143.22,1.449,47.98,69.54,96.6
2026-09-18 18:46:48,LUM-101,27.9,80.59,134.73,1.25,48.11,60.15,83.4
2026-09-18 18:46:58,LUM-101,28.01,80.51,132.07,1.198,47.83,57.29,79.9
2026-09-18 18:47:08,LUM-101,28.08,80.19,126.98,1.082,48.06,51.99,72.1
2026-09-18 18:47:18,LUM-101,28.07,80.08,133.27,1.227,48.17,59.1,81.8
2026-09-18 18:47:28,LUM-101,28.02,79.86,128.86,1.134,48.03,54.44,75.6
2026-09-18 18:47:38,LUM-101,28.0,80.2,144.71,1.489,48.15,71.68,99.2
2026-09-18 18:47:48,LUM-101,28.01,80.48,143.43,1.46,47.92,69.95,97.3
2026-09-18 18:47:58,LUM-101,28.06,80.67,141.35,1.408,47.87,67.42,93.9
2026-09-18 18:48:08,LUM-101,28.0,80.8,141.22,1.403,47.85,67.14,93.5
2026-09-18 18:48:18,LUM-101,27.9,80.88,141.13,1.398,47.9,66.95,93.2
2026-09-18 18:48:28,LUM-101,27.95,80.7,130.64,1.152,48.16,55.48,76.8
2026-09-18 18:48:38,LUM-101,27.91,80.68,137.37,1.307,48.18,62.98,87.2
2026-09-18 18:48:48,LUM-101,27.89,80.38,127.43,1.091,47.93,52.28,72.7
2026-09-18 18:48:58,LUM-101,27.93,80.28,132.99,1.219,48.07,58.57,81.2
2026-09-18 18:49:08,LUM-101,27.96,80.51,143.04,1.448,47.97,69.48,96.6
2026-09-18 18:49:18,LUM-101,27.9,80.56,136.72,1.297,48.11,62.4,86.5
2026-09-18 18:49:28,LUM-101,27.89,80.64,139.85,1.37,48.01,65.79,91.4
2026-09-18 18:49:38,LUM-101,27.9,80.47,131.75,1.186,48.03,56.97,79.1
2026-09-18 18:49:48,LUM-101,28.06,80.33,130.67,1.166,47.95,55.93,77.8
2026-09-18 18:49:58,LUM-101,27.98,80.03,126.46,1.076,47.95,51.58,71.7
2026-09-18 18:50:08,LUM-101,28.05,80.33,144.22,1.477,48.05,70.99,98.5
2026-09-18 18:50:18,LUM-101,28.06,80.27,133.03,1.222,47.99,58.63,81.4
2026-09-18 18:50:28,LUM-101,28.0,80.59,144.9,1.493,47.85,71.46,99.6
2026-09-18 18:50:38,LUM-101,27.92,80.68,140.53,1.381,48.16,66.5,92.1
2026-09-18 18:50:48,LUM-101,27.94,80.72,136.58,1.295,47.92,62.07,86.3
2026-09-18 18:50:58,LUM-101,28.09,80.4,126.07,1.053,48.18,50.74,70.2
2026-09-18 18:51:08,LUM-101,27.91,80.23,130.18,1.159,47.88,55.49,77.3
2026-09-18 18:51:18,LUM-101,27.96,80.08,131.05,1.179,48.05,56.64,78.6
2026-09-18 18:51:28,LUM-101,27.93,79.92,130.79,1.177,48.01,56.53,78.5
2026-09-18 18:51:38,LUM-101,27.98,80.14,140.87,1.408,47.91,67.48,93.9
2026-09-18 18:51:48,LUM-101,28.06,80.07,134.29,1.251,48.15,60.24,83.4
2026-09-18 18:51:58,LUM-101,28.04,79.85,127.98,1.111,48.14,53.47,74.1
2026-09-18 18:52:08,LUM-101,27.95,79.63,127.73,1.11,48.15,53.45,74.0
2026-09-18 18:52:18,LUM-101,28.02,79.78,137.99,1.352,47.83,64.68,90.1
2026-09-18 18:52:28,LUM-101,27.95,79.79,133.58,1.246,47.97,59.77,83.1
2026-09-18 18:52:38,LUM-101,28.02,80.02,141.48,1.427,47.85,68.29,95.1
2026-09-18 18:52:48,LUM-101,27.9,79.7,126.25,1.076,48.06,51.73,71.8
2026-09-18 18:52:58,LUM-101,28.0,79.46,127.11,1.101,48.1,52.94,73.4
2026-09-18 18:53:08,LUM-101,27.9,79.57,137.98,1.355,47.92,64.91,90.3
2026-09-18 18:53:18,LUM-101,27.94,79.71,138.68,1.359,48.2,65.52,90.6
2026-09-18 18:53:28,LUM-101,28.02,79.48,127.41,1.11,47.97,53.26,74.0
2026-09-18 18:53:38,LUM-101,28.08,79.37,131.29,1.206,47.85,57.7,80.4
2026-09-18 18:53:48,LUM-101,27.91,79.28,131.41,1.202,48.18,57.92,80.1
2026-09-18 18:53:58,LUM-101,27.95,79.42,139.48,1.388,48.07,66.74,92.5
2026-09-18 18:54:08,LUM-101,28.09,79.44,132.96,1.243,47.86,59.47,82.8
2026-09-18 18:54:18,LUM-101,28.0,79.52,137.54,1.345,47.94,64.46,89.6
2026-09-18 18:54:28,LUM-101,28.02,79.51,133.7,1.25,48.16,60.21,83.3
2026-09-18 18:54:38,LUM-101,28.03,79.62,136.34,1.31,48.1,63.02,87.4
2026-09-18 18:54:48,LUM-101,28.01,79.31,125.15,1.065,47.83,50.94,71.0
2026-09-18 18:54:58,LUM-101,27.97,79.35,135.59,1.305,47.87,62.49,87.0
2026-09-18 18:55:08,LUM-101,27.92,79.62,144.36,1.493,48.17,71.93,99.6
2026-09-18 18:55:18,LUM-101,28.0,79.57,133.14,1.242,47.93,59.52,82.8
2026-09-18 18:55:28,LUM-101,27.93,79.5,133.45,1.251,47.93,59.94,83.4
2026-09-18 18:55:38,LUM-101,28.03,79.77,141.54,1.429,48.01,68.62,95.3
2026-09-18 18:55:48,LUM-101,27.9,80.04,143.69,1.475,47.96,70.72,98.3
2026-09-18 18:55:58,LUM-101,28.03,80.02,134.31,1.253,48.16,60.32,83.5
2026-09-18 18:56:08,LUM-101,27.92,79.85,129.26,1.145,47.96,54.89,76.3
2026-09-18 18:56:18,LUM-101,27.92,79.64,127.04,1.097,48.03,52.67,73.1
2026-09-18 18:56:28,LUM-101,28.08,79.54,130.57,1.184,47.89,56.7,78.9
2026-09-18 18:56:38,LUM-101,28.0,79.56,136.21,1.315,47.86,62.94,87.7
2026-09-18 18:56:48,LUM-101,27.99,79.35,127.72,1.124,47.83,53.74,74.9
2026-09-18 18:56:58,LUM-101,28.02,79.5,138.78,1.368,48.14,65.87,91.2
2026-09-18 18:57:08,LUM-101,28.03,79.64,138.98,1.372,48.05,65.94,91.5
2026-09-18 18:57:18,LUM-101,27.97,79.85,139.72,1.384,48.05,66.53,92.3
2026-09-18 18:57:28,LUM-101,28.06,80.08,143.78,1.476,47.97,70.78,98.4
2026-09-18 18:57:38,LUM-101,28.05,80.24,141.3,1.416,47.92,67.85,94.4
2026-09-18 18:57:48,LUM-101,28.01,80.03,128.81,1.133,47.84,54.2,75.5
2026-09-18 18:57:58,LUM-101,27.92,79.98,133.36,1.24,47.82,59.31,82.7
2026-09-18 18:58:08,LUM-101,27.94,80.01,136.81,1.318,47.88,63.1,87.9
2026-09-18 18:58:18,LUM-101,28.07,79.71,125.27,1.054,48.05,50.63,70.2
2026-09-18 18:58:28,LUM-101,28.04,79.61,130.58,1.177,48.13,56.64,78.5
2026-09-18 18:58:38,LUM-101,27.93,79.75,139.07,1.374,47.96,65.91,91.6
2026-09-18 18:58:48,LUM-101,28.07,79.78,135.47,1.287,48.06,61.87,85.8
2026-09-18 18:58:58,LUM-101,27.99,79.64,128.65,1.135,47.96,54.46,75.7
2026-09-18 18:59:08,LUM-101,28.09,79.95,142.97,1.456,48.09,70.02,97.1
2026-09-18 18:59:18,LUM-101,27.98,79.73,129.12,1.141,48.1,54.87,76.1
2026-09-18 18:59:28,LUM-101,28.07,79.5,127.55,1.115,47.88,53.39,74.3
2026-09-18 18:59:38,LUM-101,27.9,79.75,142.07,1.448,47.84,69.25,96.5
2026-09-18 18:59:48,LUM-101,27.99,79.58,129.2,1.144,48.2,55.14,76.3
2026-09-18 18:59:58,LUM-101,28.04,79.85,142.65,1.45,48.13,69.78,96.6
2026-09-18 19:00:08,LUM-101,27.94,79.62,126.85,1.093,48.02,52.48,72.9
2026-09-18 19:00:18,LUM-101,27.91,79.62,132.98,1.24,47.81,59.29,82.7
2026-09-18 19:00:28,LUM-101,27.9,79.52,130.89,1.191,47.92,57.08,79.4
2026-09-18 19:00:38,LUM-101,28.05,79.65,137.73,1.343,48.06,64.54,89.5
2026-09-18 19:00:48,LUM-101,28.09,79.78,139.19,1.377,47.94,66.02,91.8
2026-09-18 19:00:58,LUM-101,28.05,79.69,131.87,1.204,48.16,57.98,80.3
2026-09-18 19:01:08,LUM-101,28.09,79.6,132.84,1.236,47.87,59.17,82.4
2026-09-18 19:01:18,LUM-101,27.97,79.64,136.1,1.307,48.01,62.74,87.1
2026-09-18 19:01:28,LUM-101,28.03,79.73,137.19,1.328,48.07,63.84,88.5
2026-09-18 19:01:38,LUM-101,28.08,79.86,138.91,1.365,48.08,65.61,91.0
2026-09-18 19:01:48,LUM-101,27.98,79.62,128.25,1.122,48.17,54.03,74.8
2026-09-18 19:01:58,LUM-101,27.93,79.37,127.38,1.116,47.82,53.35,74.4
2026-09-18 19:02:08,LUM-101,28.06,79.61,141.67,1.44,47.89,68.96,96.0
2026-09-18 19:02:18,LUM-101,28.03,79.39,128.0,1.127,47.93,54.01,75.1
2026-09-18 19:02:28,LUM-101,28.06,79.55,140.01,1.397,48.07,67.17,93.2
2026-09-18 19:02:38,LUM-101,27.99,79.66,136.05,1.3,48.18,62.65,86.7
2026-09-18 19:02:48,LUM-101,28.05,79.54,131.12,1.199,47.8,57.31,79.9
2026-09-18 19:02:58,LUM-101,27.99,79.62,136.18,1.307,48.09,62.84,87.1
2026-09-18 19:03:08,LUM-101,28.03,79.39,125.77,1.069,48.2,51.53,71.3
2026-09-18 19:03:18,LUM-101,27.92,79.63,140.6,1.412,47.98,67.75,94.1
2026-09-18 19:03:28,LUM-101,27.91,79.75,139.36,1.376,48.13,66.23,91.7
2026-09-18 19:03:38,LUM-101,27.96,79.7,133.99,1.254,48.12,60.33,83.6
2026-09-18 19:03:48,LUM-101,27.98,79.67,134.32,1.264,48.05,60.72,84.2
2026-09-18 19:03:58,LUM-101,27.91,79.9,143.51,1.478,47.81,70.68,98.6
2026-09-18 19:04:08,LUM-101,27.92,80.09,142.3,1.445,47.83,69.13,96.4
2026-09-18 19:04:18,LUM-101,27.96,80.02,134.33,1.261,47.84,60.34,84.1
2026-09-18 19:04:28,LUM-101,28.01,79.81,129.29,1.148,47.91,54.98,76.5
2026-09-18 19:04:38,LUM-101,28.0,79.59,128.59,1.135,47.96,54.45,75.7
2026-09-18 19:04:48,LUM-101,27.96,79.48,130.45,1.185,47.8,56.63,79.0
2026-09-18 19:04:58,LUM-101,28.01,79.26,125.35,1.067,47.98,51.21,71.2
2026-09-18 19:05:08,LUM-101,28.01,79.15,130.32,1.186,47.95,56.85,79.0
2026-09-18 19:05:18,LUM-101,27.96,79.41,140.87,1.427,47.84,68.29,95.2
2026-09-18 19:05:28,LUM-101,28.01,79.32,131.1,1.197,48.07,57.53,79.8
2026-09-18 19:05:38,LUM-101,28.05,79.48,139.52,1.387,48.1,66.71,92.5
2026-09-18 19:05:48,LUM-101,28.0,79.51,133.23,1.245,47.93,59.7,83.0
2026-09-18 19:05:58,LUM-101,27.91,79.67,138.74,1.368,47.99,65.63,91.2
2026-09-18 19:06:08,LUM-101,28.02,79.54,130.5,1.181,47.95,56.62,78.7
2026-09-18 19:06:18,LUM-101,28.04,79.45,130.32,1.174,48.15,56.53,78.3
2026-09-18 19:06:28,LUM-101,28.09,79.22,125.06,1.064,47.87,50.94,70.9
2026-09-18 19:06:38,LUM-101,28.05,79.27,134.85,1.282,48.15,61.75,85.5
2026-09-18 19:06:48,LUM-101,27.98,79.46,139.24,1.381,48.09,66.42,92.1
2026-09-18 19:06:58,LUM-101,27.95,79.75,143.62,1.478,48.0,70.97,98.6
2026-09-18 19:07:08,LUM-101,27.99,79.73,135.33,1.282,48.2,61.78,85.5
2026-09-18 19:07:18,LUM-101,27.92,79.6,130.78,1.187,47.9,56.87,79.2
2026-09-18 19:07:28,LUM-101,27.92,79.65,134.48,1.266,48.13,60.92,84.4
2026-09-18 19:07:38,LUM-101,27.99,79.65,135.01,1.278,48.13,61.51,85.2
2026-09-18 19:07:48,LUM-101,28.03,79.65,134.05,1.26,47.97,60.45,84.0
2026-09-18 19:07:58,LUM-101,28.08,79.94,142.69,1.452,48.02,69.72,96.8
2026-09-18 19:08:08,LUM-101,28.07,80.27,144.3,1.479,48.12,71.15,98.6
2026-09-18 19:08:18,LUM-101,27.97,80.46,142.92,1.441,48.16,69.4,96.1
2026-09-18 19:08:28,LUM-101,27.98,80.53,138.01,1.335,47.83,63.87,89.0
2026-09-18 19:08:38,LUM-101,28.09,80.61,137.39,1.318,47.85,63.08,87.9
2026-09-18 19:08:48,LUM-101,27.95,80.85,145.04,1.491,47.82,71.31,99.4
2026-09-18 19:08:58,LUM-101,27.96,80.97,140.92,1.384,48.11,66.61,92.3
2026-09-18 19:09:08,LUM-101,28.1,80.79,130.34,1.148,47.95,55.05,76.5
2026-09-18 19:09:18,LUM-101,27.99,81.04,143.74,1.454,47.91,69.67,96.9
2026-09-18 19:09:28,LUM-101,27.98,80.98,133.64,1.224,47.82,58.51,81.6
2026-09-18 19:09:38,LUM-101,27.93,81.22,145.01,1.473,48.1,70.88,98.2
2026-09-18 19:09:48,LUM-101,27.99,81.09,133.37,1.21,47.99,58.09,80.7
2026-09-18 19:09:58,LUM-101,28.05,81.28,144.13,1.459,47.85,69.83,97.3
2026-09-18 19:10:08,LUM-101,28.08,81.07,131.59,1.167,48.08,56.14,77.8
2026-09-18 19:10:18,LUM-101,28.03,81.33,144.57,1.469,47.84,70.26,97.9
2026-09-18 19:10:28,LUM-101,28.05,81.51,143.34,1.428,48.11,68.7,95.2
2026-09-18 19:10:38,LUM-101,28.07,81.38,132.94,1.189,48.2,57.29,79.2
2026-09-18 19:10:48,LUM-101,27.92,81.46,141.14,1.383,47.94,66.31,92.2
2026-09-18 19:10:58,LUM-101,28.03,81.47,138.97,1.33,48.04,63.89,88.7
2026-09-18 19:11:08,LUM-101,28.03,81.13,127.7,1.075,48.15,51.74,71.6
2026-09-18 19:11:18,LUM-101,27.94,80.77,126.66,1.062,48.0,50.99,70.8
2026-09-18 19:11:28,LUM-101,28.02,80.87,139.74,1.358,48.16,65.41,90.5
2026-09-18 19:11:38,LUM-101,28.09,80.71,132.35,1.193,48.09,57.37,79.5
2026-09-18 19:11:48,LUM-101,28.02,80.81,139.61,1.357,48.14,65.33,90.5
2026-09-18 19:11:58,LUM-101,27.98,80.97,142.56,1.431,47.83,68.44,95.4
2026-09-18 19:12:08,LUM-101,28.04,80.86,134.4,1.234,48.2,59.49,82.3
2026-09-18 19:12:18,LUM-101,28.07,80.99,141.35,1.396,48.04,67.06,93.1
2026-09-18 19:12:28,LUM-101,27.94,81.13,140.87,1.378,48.16,66.38,91.9
2026-09-18 19:12:38,LUM-101,28.05,80.92,132.02,1.183,47.99,56.78,78.9
2026-09-18 19:12:48,LUM-101,27.95,81.0,139.35,1.346,48.17,64.84,89.7
2026-09-18 19:12:58,LUM-101,28.08,80.78,129.89,1.135,48.07,54.56,75.7
2026-09-18 19:13:08,LUM-101,27.92,80.85,140.33,1.373,48.13,66.09,91.6
2026-09-18 19:13:18,LUM-101,28.08,80.7,133.14,1.215,47.94,58.27,81.0
2026-09-18 19:13:28,LUM-101,28.06,80.47,127.5,1.093,47.81,52.25,72.9
2026-09-18 19:13:38,LUM-101,28.09,80.44,135.05,1.263,48.03,60.67,84.2
2026-09-18 19:13:48,LUM-101,28.07,80.57,140.35,1.384,47.99,66.42,92.3
2026-09-18 19:13:58,LUM-101,28.01,80.83,144.91,1.485,47.95,71.19,99.0
2026-09-18 19:14:08,LUM-101,28.02,80.68,132.1,1.192,47.93,57.14,79.5
2026-09-18 19:14:18,LUM-101,28.05,80.6,134.95,1.26,47.93,60.4,84.0
2026-09-18 19:14:28,LUM-101,27.93,80.3,127.38,1.093,47.85,52.32,72.9
2026-09-18 19:14:38,LUM-101,28.09,80.01,126.06,1.067,47.97,51.17,71.1
2026-09-18 19:14:48,LUM-101,27.99,80.03,134.34,1.26,47.89,60.34,84.0
2026-09-18 19:14:58,LUM-101,27.96,80.12,138.1,1.338,48.16,64.42,89.2
2026-09-18 19:15:08,LUM-101,27.94,80.13,135.43,1.283,47.87,61.44,85.6
2026-09-18 19:15:18,LUM-101,27.98,80.25,138.86,1.351,48.18,65.11,90.1
2026-09-18 19:15:28,LUM-101,28.0,80.46,143.56,1.463,47.92,70.11,97.5
2026-09-18 19:15:38,LUM-101,27.93,80.17,126.55,1.07,48.16,51.53,71.3
2026-09-18 19:15:48,LUM-101,28.06,80.35,142.33,1.44,47.84,68.87,96.0
2026-09-18 19:15:58,LUM-101,27.93,80.54,142.87,1.445,47.91,69.25,96.4
2026-09-18 19:16:08,LUM-101,27.99,80.44,132.46,1.202,48.1,57.8,80.1
2026-09-18 19:16:18,LUM-101,28.03,80.49,137.04,1.312,47.87,62.83,87.5
2026-09-18 19:16:28,LUM-101,28.08,80.32,131.29,1.184,47.85,56.64,78.9
2026-09-18 19:16:38,LUM-101,28.06,80.55,142.31,1.428,48.06,68.62,95.2
2026-09-18 19:16:48,LUM-101,28.0,80.35,128.62,1.115,48.09,53.64,74.4
2026-09-18 19:16:58,LUM-101,28.09,80.39,138.05,1.334,48.01,64.07,89.0
2026-09-18 19:17:08,LUM-101,27.93,80.32,133.63,1.231,48.11,59.23,82.1
2026-09-18 19:17:18,LUM-101,27.95,80.28,133.24,1.221,48.18,58.85,81.4
2026-09-18 19:17:28,LUM-101,27.95,80.43,141.4,1.416,47.85,67.75,94.4
2026-09-18 19:17:38,LUM-101,28.06,80.25,129.9,1.153,47.84,55.17,76.9
2026-09-18 19:17:48,LUM-101,28.01,80.38,141.02,1.402,48.07,67.38,93.4
2026-09-18 19:17:58,LUM-101,28.0,80.56,142.38,1.436,47.82,68.69,95.8
2026-09-18 19:18:08,LUM-101,28.05,80.7,141.64,1.41,48.03,67.72,94.0
2026-09-18 19:18:18,LUM-101,27.92,80.7,137.47,1.317,47.89,63.08,87.8
2026-09-18 19:18:28,LUM-101,27.92,80.59,133.69,1.233,47.85,58.99,82.2
2026-09-18 19:18:38,LUM-101,27.9,80.53,133.53,1.227,48.01,58.88,81.8
2026-09-18 19:18:48,LUM-101,27.99,80.68,141.67,1.415,47.89,67.77,94.3
2026-09-18 19:18:58,LUM-101,28.09,80.69,137.03,1.304,47.99,62.6,87.0
2026-09-18 19:19:08,LUM-101,27.93,80.38,127.52,1.088,48.13,52.38,72.6
2026-09-18 19:19:18,LUM-101,28.05,80.48,137.53,1.316,48.18,63.39,87.7
2026-09-18 19:19:28,LUM-101,28.07,80.6,141.35,1.408,47.94,67.5,93.9
2026-09-18 19:19:38,LUM-101,27.9,80.35,128.85,1.122,48.04,53.89,74.8
2026-09-18 19:19:48,LUM-101,28.03,80.42,136.68,1.305,47.91,62.51,87.0
2026-09-18 19:19:58,LUM-101,27.99,80.38,133.99,1.241,47.99,59.57,82.8
2026-09-18 19:20:08,LUM-101,28.01,80.45,137.84,1.332,47.88,63.76,88.8
2026-09-18 19:20:18,LUM-101,27.94,80.27,130.19,1.159,47.86,55.47,77.3
2026-09-18 19:20:28,LUM-101,27.98,80.36,138.21,1.338,48.05,64.28,89.2
2026-09-18 19:20:38,LUM-101,28.05,80.21,129.87,1.145,48.18,55.18,76.4
2026-09-18 19:20:48,LUM-101,28.04,80.12,132.13,1.199,48.19,57.78,79.9
2026-09-18 19:20:58,LUM-101,27.94,80.14,136.0,1.292,48.01,62.06,86.2
2026-09-18 19:21:08,LUM-101,28.04,79.87,125.59,1.056,48.12,50.8,70.4
2026-09-18 19:21:18,LUM-101,27.91,79.74,129.77,1.157,48.03,55.59,77.2
2026-09-18 19:21:28,LUM-101,28.03,79.88,138.2,1.354,47.85,64.79,90.3
2026-09-18 19:21:38,LUM-101,27.99,79.64,126.74,1.089,48.07,52.33,72.6
2026-09-18 19:21:48,LUM-101,28.04,79.44,126.4,1.086,48.06,52.18,72.4
2026-09-18 19:21:58,LUM-101,27.99,79.3,129.26,1.154,48.08,55.51,77.0
2026-09-18 19:22:08,LUM-101,27.9,79.47,137.85,1.356,47.85,64.88,90.4
2026-09-18 19:22:18,LUM-101,27.95,79.51,134.28,1.267,48.03,60.86,84.5
2026-09-18 19:22:28,LUM-101,27.95,79.3,126.24,1.09,47.83,52.15,72.7
2026-09-18 19:22:38,LUM-101,28.04,79.04,125.37,1.068,48.18,51.47,71.2
2026-09-18 19:22:48,LUM-101,28.03,78.87,127.19,1.121,47.89,53.69,74.7
2026-09-18 19:22:58,LUM-101,28.08,79.06,139.7,1.404,48.01,67.38,93.6
2026-09-18 19:23:08,LUM-101,28.01,79.0,130.77,1.201,47.89,57.52,80.1
2026-09-18 19:23:18,LUM-101,28.07,78.88,127.49,1.129,47.85,54.01,75.2
2026-09-18 19:23:28,LUM-101,27.91,78.83,132.33,1.238,48.03,59.44,82.5
2026-09-18 19:23:38,LUM-101,27.95,78.77,130.31,1.19,48.13,57.27,79.3
2026-09-18 19:23:48,LUM-101,28.02,79.08,142.25,1.46,48.08,70.18,97.3
2026-09-18 19:23:58,LUM-101,27.93,79.1,135.15,1.302,47.85,62.28,86.8
2026-09-18 19:24:08,LUM-101,27.96,79.07,133.08,1.254,47.83,60.0,83.6
2026-09-18 19:24:18,LUM-101,28.05,79.04,130.54,1.196,47.84,57.23,79.7
2026-09-18 19:24:28,LUM-101,28.04,79.18,136.45,1.328,47.9,63.63,88.6
2026-09-18 19:24:38,LUM-101,27.91,78.99,125.79,1.081,48.13,52.01,72.0
2026-09-18 19:24:48,LUM-101,28.01,78.77,126.15,1.093,48.17,52.65,72.9
2026-09-18 19:24:58,LUM-101,27.94,78.95,138.8,1.387,47.95,66.5,92.5
2026-09-18 19:25:08,LUM-101,27.96,78.72,124.2,1.057,47.82,50.54,70.5
2026-09-18 19:25:18,LUM-101,27.98,78.74,132.66,1.251,47.91,59.91,83.4
2026-09-18 19:25:28,LUM-101,27.98,78.6,129.26,1.172,48.05,56.29,78.1
2026-09-18 19:25:38,LUM-101,28.07,78.75,137.15,1.347,48.16,64.89,89.8
2026-09-18 19:25:48,LUM-101,28.08,79.1,142.66,1.472,47.97,70.62,98.1
2026-09-18 19:25:58,LUM-101,27.9,79.02,131.54,1.218,47.91,58.36,81.2
2026-09-18 19:26:08,LUM-101,27.99,78.82,126.66,1.111,47.85,53.15,74.0
2026-09-18 19:26:18,LUM-101,28.0,78.81,131.82,1.229,47.92,58.89,81.9
2026-09-18 19:26:28,LUM-101,27.95,78.98,139.26,1.4,47.84,66.98,93.3
2026-09-18 19:26:38,LUM-101,28.04,79.03,134.89,1.297,47.86,62.06,86.5
2026-09-18 19:26:48,LUM-101,27.92,79.23,141.02,1.426,48.13,68.65,95.1
2026-09-18 19:26:58,LUM-101,28.07,79.19,131.08,1.198,48.14,57.66,79.9
2026-09-18 19:27:08,LUM-101,28.05,79.2,132.34,1.228,48.09,59.04,81.8
2026-09-18 19:27:18,LUM-101,27.91,79.18,133.93,1.264,48.12,60.84,84.3
2026-09-18 19:27:28,LUM-101,28.01,79.35,137.97,1.353,48.14,65.13,90.2
2026-09-18 19:27:38,LUM-101,28.02,79.29,132.59,1.233,48.04,59.22,82.2
2026-09-18 19:27:48,LUM-101,28.02,79.29,134.06,1.272,47.83,60.86,84.8
2026-09-18 19:27:58,LUM-101,27.97,79.2,129.59,1.171,47.81,55.99,78.1
2026-09-18 19:28:08,LUM-101,27.93,79.28,137.5,1.35,47.92,64.69,90.0
2026-09-18 19:28:18,LUM-101,27.94,79.37,134.94,1.289,47.9,61.75,85.9
2026-09-18 19:28:28,LUM-101,27.96,79.63,141.48,1.434,47.94,68.72,95.6
2026-09-18 19:28:38,LUM-101,28.06,79.45,129.57,1.163,47.88,55.69,77.5
2026-09-18 19:28:48,LUM-101,27.97,79.7,142.35,1.45,48.0,69.6,96.7
2026-09-18 19:28:58,LUM-101,27.89,79.68,133.13,1.237,48.01,59.38,82.5
2026-09-18 19:29:08,LUM-101,28.03,79.94,141.45,1.424,48.0,68.35,94.9
2026-09-18 19:29:18,LUM-101,28.06,80.05,139.44,1.379,47.85,65.99,91.9
2026-09-18 19:29:28,LUM-101,27.95,80.08,137.02,1.315,48.11,63.27,87.7
2026-09-18 19:29:38,LUM-101,27.99,80.0,132.89,1.22,48.18,58.76,81.3
2026-09-18 19:29:48,LUM-101,27.89,80.08,136.64,1.308,48.03,62.84,87.2
2026-09-18 19:29:58,LUM-101,27.97,79.99,130.96,1.182,47.93,56.63,78.8
2026-09-18 19:30:08,LUM-101,28.01,79.74,128.13,1.12,48.02,53.77,74.6
2026-09-18 19:30:18,LUM-101,28.08,79.73,135.16,1.284,47.95,61.58,85.6
2026-09-18 19:30:28,LUM-101,27.93,79.52,127.86,1.121,47.91,53.71,74.7
2026-09-18 19:30:38,LUM-101,27.99,79.73,142.34,1.451,47.95,69.57,96.7
2026-09-18 19:30:48,LUM-101,27.94,80.06,144.05,1.479,48.07,71.1,98.6
2026-09-18 19:30:58,LUM-101,27.92,80.21,141.21,1.412,47.98,67.77,94.2
2026-09-18 19:31:08,LUM-101,28.02,80.49,143.7,1.469,47.82,70.23,97.9
2026-09-18 19:31:18,LUM-101,27.92,80.62,140.24,1.383,47.88,66.24,92.2
2026-09-18 19:31:28,LUM-101,28.04,80.51,133.98,1.235,48.1,59.41,82.3
2026-09-18 19:31:38,LUM-101,28.08,80.52,134.85,1.259,47.93,60.37,84.0
2026-09-18 19:31:48,LUM-101,27.9,80.37,132.75,1.211,48.08,58.2,80.7
2026-09-18 19:31:58,LUM-101,28.07,80.66,145.32,1.496,48.03,71.84,99.7
2026-09-18 19:32:08,LUM-101,27.91,80.42,129.03,1.121,48.16,54.0,74.8
2026-09-18 19:32:18,LUM-101,27.91,80.61,142.45,1.426,48.18,68.72,95.1
2026-09-18 19:32:28,LUM-101,27.92,80.58,135.0,1.26,47.99,60.47,84.0
2026-09-18 19:32:38,LUM-101,28.02,80.38,128.73,1.116,48.16,53.72,74.4
2026-09-18 19:32:48,LUM-101,28.06,80.08,126.98,1.082,48.16,52.12,72.1
2026-09-18 19:32:58,LUM-101,28.0,80.29,142.79,1.444,48.1,69.44,96.2
2026-09-18 19:33:08,LUM-101,27.99,80.56,144.3,1.474,48.03,70.82,98.3
2026-09-18 19:33:18,LUM-101,27.91,80.65,138.14,1.336,47.8,63.88,89.1
2026-09-18 19:33:28,LUM-101,28.08,80.76,141.69,1.413,47.91,67.7,94.2
2026-09-18 19:33:38,LUM-101,28.0,80.76,138.02,1.325,48.02,63.63,88.3
2026-09-18 19:33:48,LUM-101,28.01,80.57,129.8,1.135,48.19,54.7,75.7
2026-09-18 19:33:58,LUM-101,28.01,80.71,142.01,1.419,47.99,68.12,94.6
2026-09-18 19:34:08,LUM-101,28.05,80.42,128.05,1.1,48.1,52.92,73.3
2026-09-18 19:34:18,LUM-101,27.98,80.13,126.32,1.073,47.85,51.33,71.5
2026-09-18 19:34:28,LUM-101,27.93,80.27,139.26,1.361,48.16,65.54,90.7
2026-09-18 19:34:38,LUM-101,28.03,80.34,139.2,1.368,47.82,65.41,91.2
2026-09-18 19:34:48,LUM-101,28.06,80.39,138.67,1.354,47.81,64.75,90.3
2026-09-18 19:34:58,LUM-101,28.04,80.36,135.08,1.272,47.8,60.8,84.8
2026-09-18 19:35:08,LUM-101,28.04,80.23,130.31,1.162,47.9,55.65,77.5
2026-09-18 19:35:18,LUM-101,28.06,80.1,132.48,1.211,48.05,58.21,80.8
2026-09-18 19:35:28,LUM-101,28.05,79.81,126.43,1.079,47.99,51.8,72.0
2026-09-18 19:35:38,LUM-101,27.91,80.09,143.34,1.47,47.81,70.28,98.0
2026-09-18 19:35:48,LUM-101,27.99,80.15,138.69,1.352,48.1,65.04,90.1
2026-09-18 19:35:58,LUM-101,27.88,80.17,135.94,1.291,47.99,61.96,86.1
2026-09-18 19:36:08,LUM-101,28.05,80.35,140.49,1.392,48.01,66.82,92.8
2026-09-18 19:36:18,LUM-101,27.89,80.18,130.74,1.173,47.91,56.17,78.2
2026-09-18 19:36:28,LUM-101,28.03,80.17,134.74,1.264,47.97,60.63,84.3
2026-09-18 19:36:38,LUM-101,27.94,80.26,138.25,1.347,47.83,64.43,89.8
2026-09-18 19:36:48,LUM-101,27.88,80.16,134.17,1.252,47.93,60.0,83.5
2026-09-18 19:36:58,LUM-101,28.04,79.84,125.23,1.055,47.81,50.43,70.3
2026-09-18 19:37:08,LUM-101,28.03,79.97,138.32,1.348,48.11,64.83,89.8
2026-09-18 19:37:18,LUM-101,28.02,79.88,131.42,1.191,48.09,57.26,79.4
2026-09-18 19:37:28,LUM-101,28.06,79.76,132.33,1.213,48.17,58.41,80.8
2026-09-18 19:37:38,LUM-101,28.02,79.71,133.98,1.257,47.97,60.3,83.8
2026-09-18 19:37:48,LUM-101,27.89,79.74,136.49,1.317,47.87,63.05,87.8
2026-09-18 19:37:58,LUM-101,27.98,79.84,137.9,1.342,48.06,64.51,89.5
2026-09-18 19:38:08,LUM-101,27.87,79.68,128.77,1.138,47.93,54.55,75.9
2026-09-18 19:38:18,LUM-101,27.92,79.74,136.3,1.307,48.1,62.84,87.1
2026-09-18 19:38:28,LUM-101,28.04,79.65,130.48,1.178,47.94,56.48,78.5
2026-09-18 19:38:38,LUM-101,27.92,79.61,133.94,1.256,48.05,60.37,83.8
2026-09-18 19:38:48,LUM-101,27.96,79.7,137.77,1.346,47.95,64.52,89.7
2026-09-18 19:38:58,LUM-101,27.93,79.48,127.53,1.11,48.1,53.39,74.0
2026-09-18 19:39:08,LUM-101,27.95,79.3,129.01,1.151,47.98,55.23,76.7
2026-09-18 19:39:18,LUM-101,27.99,79.46,139.34,1.385,48.03,66.54,92.4
2026-09-18 19:39:28,LUM-101,28.02,79.5,136.67,1.327,47.87,63.52,88.5
2026-09-18 19:39:38,LUM-101,27.87,79.59,136.24,1.315,47.84,62.93,87.7
2026-09-18 19:39:48,LUM-101,27.91,79.45,130.13,1.175,47.95,56.32,78.3
2026-09-18 19:39:58,LUM-101,27.91,79.41,131.33,1.201,48.05,57.68,80.0
2026-09-18 19:40:08,LUM-101,28.05,79.72,144.62,1.499,48.11,72.11,99.9
2026-09-18 19:40:18,LUM-101,27.94,79.89,139.28,1.375,47.99,65.98,91.7
2026-09-18 19:40:28,LUM-101,28.0,79.76,130.56,1.177,47.97,56.44,78.4
2026-09-18 19:40:38,LUM-101,28.03,79.71,133.56,1.242,48.19,59.84,82.8
2026-09-18 19:40:48,LUM-101,27.93,79.91,140.45,1.401,48.02,67.27,93.4
2026-09-18 19:40:58,LUM-101,27.96,79.83,132.64,1.22,48.12,58.68,81.3
2026-09-18 19:41:08,LUM-101,28.01,79.7,130.05,1.161,48.2,55.94,77.4
2026-09-18 19:41:18,LUM-101,27.95,79.42,125.3,1.06,48.07,50.97,70.7
2026-09-18 19:41:28,LUM-101,27.88,79.44,134.27,1.274,47.81,60.92,84.9
2026-09-18 19:41:38,LUM-101,27.91,79.65,142.35,1.456,47.84,69.67,97.1
2026-09-18 19:41:48,LUM-101,27.96,79.42,127.53,1.116,47.92,53.45,74.4
2026-09-18 19:41:58,LUM-101,28.01,79.53,137.82,1.351,47.93,64.76,90.1
2026-09-18 19:42:08,LUM-101,27.88,79.41,131.79,1.217,47.81,58.19,81.1
2026-09-18 19:42:18,LUM-101,27.92,79.18,126.59,1.093,48.2,52.68,72.9
2026-09-18 19:42:28,LUM-101,27.93,79.22,135.32,1.298,48.01,62.33,86.6
2026-09-18 19:42:38,LUM-101,27.9,79.38,139.37,1.389,47.98,66.65,92.6
2026-09-18 19:42:48,LUM-101,27.92,79.4,135.28,1.295,47.95,62.09,86.3
2026-09-18 19:42:58,LUM-101,27.98,79.14,125.86,1.084,47.89,51.91,72.3
2026-09-18 19:43:08,LUM-101,27.95,79.11,131.75,1.222,47.84,58.49,81.5
2026-09-18 19:43:18,LUM-101,28.0,78.88,126.24,1.098,47.92,52.62,73.2
2026-09-18 19:43:28,LUM-101,28.03,78.69,125.08,1.071,48.11,51.54,71.4
2026-09-18 19:43:38,LUM-101,27.92,78.44,124.64,1.07,47.97,51.34,71.3
2026-09-18 19:43:48,LUM-101,27.88,78.46,132.39,1.244,48.16,59.92,82.9
2026-09-18 19:43:58,LUM-101,28.03,78.6,135.54,1.321,47.9,63.27,88.1
2026-09-18 19:44:08,LUM-101,27.93,78.52,129.28,1.178,47.86,56.4,78.6
2026-09-18 19:44:18,LUM-101,28.04,78.34,126.32,1.112,47.94,53.31,74.1
2026-09-18 19:44:28,LUM-101,27.93,78.57,139.98,1.422,47.97,68.24,94.8
2026-09-18 19:44:38,LUM-101,27.95,78.66,134.16,1.285,47.99,61.67,85.7
2026-09-18 19:44:48,LUM-101,27.99,78.59,128.94,1.162,48.16,55.95,77.5
2026-09-18 19:44:58,LUM-101,27.91,78.44,125.83,1.099,47.9,52.66,73.3
2026-09-18 19:45:08,LUM-101,27.93,78.4,129.52,1.179,48.17,56.81,78.6
2026-09-18 19:45:18,LUM-101,28.03,78.26,127.55,1.145,47.84,54.77,76.3
2026-09-18 19:45:28,LUM-101,27.92,78.51,138.46,1.387,48.03,66.61,92.5
2026-09-18 19:45:38,LUM-101,27.99,78.59,133.89,1.28,48.01,61.45,85.3
2026-09-18 19:45:48,LUM-101,27.9,78.85,140.64,1.436,47.82,68.65,95.7
2026-09-18 19:45:58,LUM-101,27.95,78.7,126.13,1.098,48.0,52.71,73.2
2026-09-18 19:46:08,LUM-101,27.93,78.75,135.46,1.316,47.88,63.01,87.7
2026-09-18 19:46:18,LUM-101,27.96,78.77,133.46,1.268,47.91,60.77,84.6
2026-09-18 19:46:28,LUM-101,27.91,78.83,133.25,1.261,47.95,60.47,84.1
2026-09-18 19:46:38,LUM-101,27.86,78.74,130.13,1.193,47.86,57.1,79.5
2026-09-18 19:46:48,LUM-101,27.94,78.55,126.58,1.11,48.08,53.37,74.0
2026-09-18 19:46:58,LUM-101,27.95,78.76,139.59,1.404,48.13,67.6,93.6
2026-09-18 19:47:08,LUM-101,28.03,78.6,126.57,1.115,47.81,53.3,74.3
2026-09-18 19:47:18,LUM-101,27.93,78.85,139.92,1.417,47.87,67.85,94.5
2026-09-18 19:47:28,LUM-101,28.01,78.93,134.51,1.283,48.12,61.75,85.6
2026-09-18 19:47:38,LUM-101,28.03,78.91,130.54,1.2,47.81,57.37,80.0
2026-09-18 19:47:48,LUM-101,27.92,78.8,130.48,1.195,48.07,57.43,79.7
2026-09-18 19:47:58,LUM-101,27.96,78.98,139.75,1.411,47.84,67.52,94.1
2026-09-18 19:48:08,LUM-101,28.02,78.87,128.09,1.143,47.84,54.69,76.2
2026-09-18 19:48:18,LUM-101,28.0,78.79,131.13,1.209,48.1,58.16,80.6
2026-09-18 19:48:28,LUM-101,27.97,78.88,136.88,1.339,48.14,64.44,89.2
2026-09-18 19:48:38,LUM-101,28.0,78.85,132.46,1.24,48.04,59.56,82.7
2026-09-18 19:48:48,LUM-101,27.89,78.86,134.57,1.295,47.81,61.89,86.3
2026-09-18 19:48:58,LUM-101,27.93,78.91,135.06,1.297,48.11,62.39,86.5
2026-09-18 19:49:08,LUM-101,27.97,79.21,143.24,1.477,48.16,71.14,98.5
2026-09-18 19:49:18,LUM-101,28.04,79.08,129.64,1.175,47.81,56.18,78.3
2026-09-18 19:49:28,LUM-101,27.87,79.34,142.99,1.474,47.97,70.72,98.3
2026-09-18 19:49:38,LUM-101,27.89,79.41,136.22,1.315,48.0,63.13,87.7
2026-09-18 19:49:48,LUM-101,27.86,79.54,136.69,1.327,47.84,63.5,88.5
2026-09-18 19:49:58,LUM-101,28.0,79.79,143.69,1.478,48.04,71.0,98.5
2026-09-18 19:50:08,LUM-101,27.86,79.66,131.73,1.203,48.11,57.86,80.2
2026-09-18 19:50:18,LUM-101,27.89,79.81,140.68,1.413,47.85,67.63,94.2
2026-09-18 19:50:28,LUM-101,27.86,80.01,141.26,1.421,47.88,68.06,94.8
2026-09-18 19:50:38,LUM-101,27.99,80.08,138.61,1.35,48.17,65.04,90.0
2026-09-18 19:50:48,LUM-101,28.04,79.94,130.89,1.176,48.16,56.61,78.4
2026-09-18 19:50:58,LUM-101,28.0,79.68,125.36,1.059,47.95,50.76,70.6
2026-09-18 19:51:08,LUM-101,28.05,79.8,137.13,1.326,48.03,63.7,88.4
2026-09-18 19:51:18,LUM-101,27.96,79.54,125.13,1.058,47.88,50.66,70.5
2026-09-18 19:51:28,LUM-101,27.94,79.49,134.08,1.268,47.86,60.66,84.5
2026-09-18 19:51:38,LUM-101,28.01,79.68,141.87,1.44,47.98,69.1,96.0
2026-09-18 19:51:48,LUM-101,27.92,79.41,125.63,1.071,47.97,51.36,71.4
2026-09-18 19:51:58,LUM-101,27.87,79.57,140.43,1.413,47.85,67.63,94.2
2026-09-18 19:52:08,LUM-101,28.02,79.77,139.48,1.377,48.19,66.34,91.8
2026-09-18 19:52:18,LUM-101,28.02,79.96,140.1,1.391,48.04,66.82,92.7
2026-09-18 19:52:28,LUM-101,27.93,79.86,130.04,1.163,47.96,55.76,77.5
2026-09-18 19:52:38,LUM-101,27.93,79.98,138.88,1.364,47.98,65.45,90.9
2026-09-18 19:52:48,LUM-101,27.98,80.09,139.92,1.383,48.05,66.47,92.2
2026-09-18 19:52:58,LUM-101,27.94,80.26,141.74,1.425,47.93,68.31,95.0
2026-09-18 19:53:08,LUM-101,28.02,80.2,132.48,1.212,47.93,58.09,80.8
2026-09-18 19:53:18,LUM-101,27.85,80.24,136.69,1.303,48.13,62.72,86.9
2026-09-18 19:53:28,LUM-101,27.95,80.08,130.58,1.169,48.0,56.11,77.9
2026-09-18 19:53:38,LUM-101,27.86,80.2,138.79,1.355,48.04,65.1,90.3
2026-09-18 19:53:48,LUM-101,27.89,79.9,125.15,1.051,47.86,50.28,70.0
2026-09-18 19:53:58,LUM-101,28.03,79.88,135.21,1.278,48.1,61.48,85.2
2026-09-18 19:54:08,LUM-101,27.88,80.08,140.05,1.393,47.83,66.63,92.9
2026-09-18 19:54:18,LUM-101,27.87,80.4,144.8,1.491,48.0,71.56,99.4
2026-09-18 19:54:28,LUM-101,27.94,80.17,127.99,1.111,47.81,53.13,74.1
2026-09-18 19:54:38,LUM-101,27.87,80.33,139.57,1.372,47.99,65.82,91.4
2026-09-18 19:54:48,LUM-101,27.86,80.11,127.43,1.097,47.94,52.58,73.1
2026-09-18 19:54:58,LUM-101,27.95,79.88,127.9,1.108,48.14,53.35,73.9
2026-09-18 19:55:08,LUM-101,27.86,79.95,136.72,1.31,48.14,63.08,87.4
2026-09-18 19:55:18,LUM-101,27.98,80.16,142.27,1.432,48.18,69.02,95.5
2026-09-18 19:55:28,LUM-101,27.87,80.28,139.93,1.383,47.92,66.28,92.2
2026-09-18 19:55:38,LUM-101,28.01,80.18,134.21,1.254,47.86,60.03,83.6
2026-09-18 19:55:48,LUM-101,27.88,80.24,137.21,1.322,47.87,63.29,88.1
2026-09-18 19:55:58,LUM-101,27.9,80.05,129.81,1.154,47.91,55.28,76.9
2026-09-18 19:56:08,LUM-101,27.84,79.78,126.55,1.081,48.08,51.97,72.1
2026-09-18 19:56:18,LUM-101,27.95,79.5,126.91,1.101,47.86,52.68,73.4
2026-09-18 19:56:28,LUM-101,27.86,79.73,141.85,1.439,47.96,69.02,95.9
2026-09-18 19:56:38,LUM-101,27.95,79.43,124.68,1.051,47.82,50.28,70.1
2026-09-18 19:56:48,LUM-101,27.88,79.32,131.41,1.206,48.0,57.87,80.4
2026-09-18 19:56:58,LUM-101,27.85,79.31,134.67,1.28,48.08,61.52,85.3
2026-09-18 19:57:08,LUM-101,28.01,79.05,125.22,1.067,48.07,51.3,71.1
2026-09-18 19:57:18,LUM-101,27.84,79.01,131.7,1.221,47.96,58.54,81.4
2026-09-18 19:57:28,LUM-101,27.83,79.02,134.89,1.295,47.92,62.07,86.4
2026-09-18 19:57:38,LUM-101,27.88,79.14,136.73,1.334,47.95,63.98,89.0
2026-09-18 19:57:48,LUM-101,27.85,79.2,136.37,1.326,47.91,63.52,88.4
2026-09-18 19:57:58,LUM-101,27.97,79.52,143.34,1.471,48.2,70.92,98.1
2026-09-18 19:58:08,LUM-101,28.02,79.35,129.1,1.155,47.85,55.28,77.0
2026-09-18 19:58:18,LUM-101,28.0,79.14,126.52,1.097,47.99,52.65,73.1
2026-09-18 19:58:28,LUM-101,27.92,79.29,138.53,1.369,48.07,65.83,91.3
2026-09-18 19:58:38,LUM-101,27.85,79.45,139.38,1.384,48.13,66.59,92.2
2026-09-18 19:58:48,LUM-101,27.97,79.72,141.53,1.436,47.84,68.68,95.7
2026-09-18 19:58:58,LUM-101,27.93,79.57,130.0,1.166,48.06,56.03,77.7
2026-09-18 19:59:08,LUM-101,27.95,79.89,143.36,1.471,47.95,70.52,98.1
2026-09-18 19:59:18,LUM-101,27.88,79.74,129.16,1.14,48.18,54.91,76.0
2026-09-18 19:59:28,LUM-101,27.97,79.9,140.94,1.411,48.08,67.83,94.0
2026-09-18 19:59:38,LUM-101,27.89,79.81,131.84,1.207,47.89,57.81,80.5
2026-09-18 19:59:48,LUM-101,27.87,79.76,132.25,1.217,47.94,58.32,81.1
2026-09-18 19:59:58,LUM-101,27.85,79.7,133.8,1.247,48.2,60.11,83.1
2026-09-18 20:00:08,LUM-101,27.96,79.79,138.83,1.368,47.94,65.6,91.2
2026-09-18 20:00:18,LUM-101,27.95,79.54,127.01,1.095,48.19,52.75,73.0
2026-09-18 20:00:28,LUM-101,27.95,79.48,131.31,1.201,47.95,57.59,80.1
2026-09-18 20:00:38,LUM-101,27.89,79.25,125.39,1.068,48.02,51.27,71.2
2026-09-18 20:00:48,LUM-101,27.94,79.13,129.81,1.173,48.0,56.31,78.2
2026-09-18 20:00:58,LUM-101,27.88,79.41,142.2,1.453,48.02,69.76,96.9
2026-09-18 20:01:08,LUM-101,27.99,79.35,131.08,1.193,48.18,57.49,79.5
2026-09-18 20:01:18,LUM-101,27.98,79.18,128.51,1.142,47.99,54.81,76.1
2026-09-18 20:01:28,LUM-101,27.92,79.42,142.66,1.461,48.09,70.26,97.4
2026-09-18 20:01:38,LUM-101,27.88,79.65,141.1,1.42,48.07,68.28,94.7
2026-09-18 20:01:48,LUM-101,28.01,79.34,124.75,1.055,47.81,50.45,70.3
2026-09-18 20:01:58,LUM-101,27.94,79.34,134.17,1.266,48.11,60.92,84.4
2026-09-18 20:02:08,LUM-101,27.91,79.32,132.56,1.232,48.03,59.16,82.1
2026-09-18 20:02:18,LUM-101,27.83,79.01,125.15,1.071,47.87,51.27,71.4
2026-09-18 20:02:28,LUM-101,27.89,78.72,125.2,1.076,48.0,51.64,71.7
2026-09-18 20:02:38,LUM-101,27.97,78.52,125.87,1.093,48.11,52.61,72.9
2026-09-18 20:02:48,LUM-101,27.95,78.74,140.85,1.432,48.19,69.01,95.5
2026-09-18 20:02:58,LUM-101,27.86,78.85,136.99,1.347,47.96,64.6,89.8
2026-09-18 20:03:08,LUM-101,27.83,78.59,125.6,1.09,47.92,52.23,72.7
2026-09-18 20:03:18,LUM-101,27.91,78.91,142.32,1.474,47.81,70.46,98.2
2026-09-18 20:03:28,LUM-101,27.98,79.08,138.08,1.365,48.02,65.56,91.0
2026-09-18 20:03:38,LUM-101,27.83,79.4,143.85,1.488,48.13,71.61,99.2
2026-09-18 20:03:48,LUM-101,28.0,79.68,143.35,1.471,48.11,70.75,98.0
2026-09-18 20:03:58,LUM-101,27.86,79.84,141.4,1.421,48.13,68.4,94.8
2026-09-18 20:04:08,LUM-101,27.9,79.61,128.28,1.126,48.03,54.09,75.1
2026-09-18 20:04:18,LUM-101,27.82,79.78,139.63,1.386,47.99,66.5,92.4
2026-09-18 20:04:28,LUM-101,27.9,79.62,128.9,1.146,47.8,54.76,76.4
2026-09-18 20:04:38,LUM-101,27.91,79.55,132.77,1.231,48.03,59.13,82.1
2026-09-18 20:04:48,LUM-101,28.0,79.43,131.73,1.211,47.98,58.11,80.7
2026-09-18 20:04:58,LUM-101,27.85,79.67,140.14,1.396,48.14,67.19,93.0
2026-09-18 20:05:08,LUM-101,27.91,79.83,139.19,1.374,48.01,65.96,91.6
2026-09-18 20:05:18,LUM-101,27.89,79.81,135.58,1.296,47.81,61.96,86.4
2026-09-18 20:05:28,LUM-101,27.92,80.08,144.05,1.48,48.01,71.07,98.7
2026-09-18 20:05:38,LUM-101,27.83,79.97,132.53,1.219,47.92,58.4,81.2
2026-09-18 20:05:48,LUM-101,28.0,80.16,141.33,1.415,48.05,67.97,94.3
2026-09-18 20:05:58,LUM-101,27.88,80.28,137.88,1.336,47.91,64.0,89.1
2026-09-18 20:06:08,LUM-101,27.96,80.45,139.96,1.376,48.04,66.12,91.8
2026-09-18 20:06:18,LUM-101,27.92,80.66,143.82,1.461,48.03,70.18,97.4
2026-09-18 20:06:28,LUM-101,27.97,80.58,132.63,1.204,48.05,57.84,80.2
2026-09-18 20:06:38,LUM-101,27.81,80.81,143.11,1.445,47.89,69.23,96.4
2026-09-18 20:06:48,LUM-101,27.83,80.47,127.19,1.086,47.8,51.91,72.4
2026-09-18 20:06:58,LUM-101,27.84,80.44,135.45,1.269,48.17,61.11,84.6
2026-09-18 20:07:08,LUM-101,27.98,80.62,142.73,1.436,48.06,69.02,95.7
2026-09-18 20:07:18,LUM-101,27.81,80.84,144.63,1.479,47.91,70.87,98.6
2026-09-18 20:07:28,LUM-101,27.99,81.05,144.85,1.481,47.87,70.88,98.7
2026-09-18 20:07:38,LUM-101,27.89,80.9,131.14,1.166,47.86,55.83,77.8
2026-09-18 20:07:48,LUM-101,27.95,80.92,139.04,1.344,48.06,64.57,89.6
2026-09-18 20:07:58,LUM-101,27.87,80.69,128.63,1.114,47.83,53.27,74.2
2026-09-18 20:08:08,LUM-101,27.97,80.38,127.74,1.096,48.0,52.63,73.1
2026-09-18 20:08:18,LUM-101,27.93,80.51,140.37,1.384,48.05,66.51,92.3
2026-09-18 20:08:28,LUM-101,27.81,80.35,130.83,1.172,47.85,56.09,78.1
2026-09-18 20:08:38,LUM-101,27.8,80.62,143.95,1.467,47.97,70.37,97.8
2026-09-18 20:08:48,LUM-101,27.85,80.5,132.45,1.206,47.85,57.72,80.4
2026-09-18 20:08:58,LUM-101,27.89,80.26,129.25,1.138,47.85,54.44,75.8
2026-09-18 20:09:08,LUM-101,27.88,80.17,133.11,1.221,48.19,58.82,81.4
2026-09-18 20:09:18,LUM-101,27.97,80.01,129.29,1.14,48.01,54.75,76.0
2026-09-18 20:09:28,LUM-101,27.96,79.88,131.61,1.202,47.83,57.47,80.1
2026-09-18 20:09:38,LUM-101,27.79,79.94,138.33,1.355,47.87,64.87,90.3
2026-09-18 20:09:48,LUM-101,27.82,80.11,139.8,1.377,48.15,66.32,91.8
2026-09-18 20:09:58,LUM-101,27.99,80.34,141.86,1.424,48.0,68.36,94.9
2026-09-18 20:10:08,LUM-101,27.86,80.57,145.06,1.496,47.9,71.65,99.7
2026-09-18 20:10:18,LUM-101,27.82,80.81,144.66,1.476,48.06,70.94,98.4
2026-09-18 20:10:28,LUM-101,27.88,81.07,144.95,1.475,48.12,70.97,98.3
2026-09-18 20:10:38,LUM-101,27.91,80.8,129.29,1.12,48.13,53.88,74.6
2026-09-18 20:10:48,LUM-101,27.94,80.55,129.99,1.144,48.01,54.94,76.3
2026-09-18 20:10:58,LUM-101,27.83,80.71,141.74,1.416,47.9,67.81,94.4
2026-09-18 20:11:08,LUM-101,27.82,80.63,133.86,1.228,48.14,59.13,81.9
2026-09-18 20:11:18,LUM-101,27.86,80.82,142.69,1.43,48.06,68.75,95.4
2026-09-18 20:11:28,LUM-101,27.86,80.45,125.94,1.057,47.83,50.55,70.5
2026-09-18 20:11:38,LUM-101,27.87,80.13,125.89,1.055,48.19,50.84,70.3
2026-09-18 20:11:48,LUM-101,27.8,79.92,128.08,1.116,47.94,53.5,74.4
2026-09-18 20:11:58,LUM-101,27.89,79.83,131.68,1.201,47.98,57.62,80.1
2026-09-18 20:12:08,LUM-101,27.81,79.61,128.87,1.141,47.96,54.73,76.1
2026-09-18 20:12:18,LUM-101,27.81,79.42,127.48,1.112,48.04,53.39,74.1
2026-09-18 20:12:28,LUM-101,27.85,79.52,138.09,1.356,48.0,65.08,90.4
2026-09-18 20:12:38,LUM-101,27.94,79.69,140.95,1.413,48.18,68.07,94.2
2026-09-18 20:12:48,LUM-101,27.82,79.85,139.55,1.384,47.93,66.33,92.3
2026-09-18 20:12:58,LUM-101,27.86,79.89,135.27,1.28,48.07,61.53,85.3
2026-09-18 20:13:08,LUM-101,27.92,79.92,135.61,1.286,48.11,61.87,85.7
2026-09-18 20:13:18,LUM-101,27.95,79.65,127.6,1.109,48.02,53.27,74.0
2026-09-18 20:13:28,LUM-101,27.97,79.82,138.27,1.358,47.81,64.95,90.6
2026-09-18 20:13:38,LUM-101,27.89,79.51,125.82,1.076,47.81,51.46,71.7
2026-09-18 20:13:48,LUM-101,27.84,79.75,142.88,1.464,47.91,70.15,97.6
2026-09-18 20:13:58,LUM-101,27.83,79.76,133.97,1.26,47.8,60.23,84.0
2026-09-18 20:14:08,LUM-101,27.94,79.61,128.52,1.136,47.85,54.35,75.7
2026-09-18 20:14:18,LUM-101,27.86,79.64,135.06,1.281,48.09,61.58,85.4
2026-09-18 20:14:28,LUM-101,27.96,79.38,126.9,1.099,48.06,52.8,73.2
2026-09-18 20:14:38,LUM-101,27.81,79.39,134.65,1.275,48.16,61.4,85.0
2026-09-18 20:14:48,LUM-101,27.94,79.22,126.95,1.106,47.96,53.03,73.7
2026-09-18 20:14:58,LUM-101,27.85,79.22,132.74,1.236,48.1,59.47,82.4
2026-09-18 20:15:08,LUM-101,27.88,79.47,140.53,1.416,47.92,67.84,94.4
2026-09-18 20:15:18,LUM-101,27.84,79.29,129.6,1.167,47.91,55.9,77.8
2026-09-18 20:15:28,LUM-101,27.88,79.34,136.91,1.333,47.98,63.97,88.9
2026-09-18 20:15:38,LUM-101,27.79,79.47,138.05,1.353,48.1,65.09,90.2
2026-09-18 20:15:48,LUM-101,27.85,79.15,124.41,1.05,47.88,50.28,70.0
2026-09-18 20:15:58,LUM-101,27.8,79.24,136.77,1.328,48.14,63.93,88.5
2026-09-18 20:16:08,LUM-101,27.95,79.33,138.06,1.362,47.92,65.26,90.8
2026-09-18 20:16:18,LUM-101,27.82,79.6,143.74,1.481,48.12,71.26,98.7
2026-09-18 20:16:28,LUM-101,27.8,79.55,133.26,1.245,47.95,59.68,83.0
2026-09-18 20:16:38,LUM-101,27.8,79.67,139.39,1.388,47.82,66.36,92.5
2026-09-18 20:16:48,LUM-101,27.89,79.95,144.42,1.494,47.95,71.63,99.6
2026-09-18 20:16:58,LUM-101,27.84,79.69,127.05,1.1,47.83,52.62,73.3
2026-09-18 20:17:08,LUM-101,27.93,79.61,132.45,1.218,48.2,58.71,81.2
2026-09-18 20:17:18,LUM-101,27.79,79.41,129.29,1.152,48.09,55.42,76.8
2026-09-18 20:17:28,LUM-101,27.86,79.48,136.43,1.313,48.2,63.28,87.5
2026-09-18 20:17:38,LUM-101,27.9,79.23,126.07,1.083,48.07,52.05,72.2
2026-09-18 20:17:48,LUM-101,27.92,79.43,141.56,1.44,47.94,69.03,96.0
2026-09-18 20:17:58,LUM-101,27.87,79.6,141.0,1.416,48.16,68.22,94.4
2026-09-18 20:18:08,LUM-101,27.79,79.56,131.59,1.206,47.93,57.82,80.4
2026-09-18 20:18:18,LUM-101,27.92,79.44,128.93,1.15,47.83,54.99,76.6
2026-09-18 20:18:28,LUM-101,27.94,79.47,135.88,1.31,47.85,62.68,87.3
2026-09-18 20:18:38,LUM-101,27.85,79.75,141.99,1.446,47.83,69.15,96.4
2026-09-18 20:18:48,LUM-101,27.88,79.79,137.22,1.331,47.93,63.81,88.8
2026-09-18 20:18:58,LUM-101,27.79,79.94,139.53,1.375,48.14,66.21,91.7
2026-09-18 20:19:08,LUM-101,27.82,79.77,130.94,1.189,47.82,56.85,79.3
2026-09-18 20:19:18,LUM-101,27.85,80.01,143.85,1.479,47.95,70.92,98.6
2026-09-18 20:19:28,LUM-101,27.77,80.08,138.98,1.368,47.83,65.44,91.2
2026-09-18 20:19:38,LUM-101,27.9,80.41,144.93,1.489,48.14,71.68,99.3
2026-09-18 20:19:48,LUM-101,27.77,80.69,143.54,1.456,47.97,69.84,97.1
2026-09-18 20:19:58,LUM-101,27.77,80.7,137.14,1.309,47.92,62.71,87.2
2026-09-18 20:20:08,LUM-101,27.77,80.84,142.46,1.428,47.94,68.46,95.2
2026-09-18 20:20:18,LUM-101,27.85,80.57,128.96,1.118,48.1,53.76,74.5
2026-09-18 20:20:28,LUM-101,27.91,80.59,137.27,1.315,47.91,62.99,87.7
2026-09-18 20:20:38,LUM-101,27.77,80.4,129.6,1.14,47.95,54.66,76.0
2026-09-18 20:20:48,LUM-101,27.78,80.26,132.74,1.217,47.9,58.3,81.2
2026-09-18 20:20:58,LUM-101,27.83,80.54,145.05,1.488,48.17,71.68,99.2
2026-09-18 20:21:08,LUM-101,27.76,80.75,142.2,1.421,48.04,68.27,94.8
2026-09-18 20:21:18,LUM-101,27.89,80.81,138.3,1.332,47.94,63.88,88.8
2026-09-18 20:21:28,LUM-101,27.91,81.03,144.48,1.467,48.06,70.5,97.8
2026-09-18 20:21:38,LUM-101,27.81,81.3,146.0,1.499,47.97,71.89,99.9
2026-09-18 20:21:48,LUM-101,27.9,81.25,137.33,1.294,48.17,62.31,86.2
2026-09-18 20:21:58,LUM-101,27.86,81.36,142.34,1.408,48.14,67.76,93.8
2026-09-18 20:22:08,LUM-101,27.8,81.18,131.17,1.154,48.13,55.54,76.9
2026-09-18 20:22:18,LUM-101,27.9,81.28,141.06,1.38,48.12,66.42,92.0
2026-09-18 20:22:28,LUM-101,27.9,81.45,143.36,1.432,48.04,68.79,95.4
2026-09-18 20:22:38,LUM-101,27.86,81.52,140.36,1.358,48.14,65.38,90.5
2026-09-18 20:22:48,LUM-101,27.75,81.52,139.38,1.345,47.81,64.29,89.7
2026-09-18 20:22:58,LUM-101,27.78,81.25,130.16,1.132,48.02,54.35,75.5
2026-09-18 20:23:08,LUM-101,27.87,80.99,130.67,1.149,48.06,55.2,76.6
2026-09-18 20:23:18,LUM-101,27.76,81.08,140.11,1.372,47.81,65.59,91.5
2026-09-18 20:23:28,LUM-101,27.9,81.04,136.55,1.283,48.07,61.68,85.6
2026-09-18 20:23:38,LUM-101,27.92,81.03,138.42,1.327,48.05,63.77,88.5
2026-09-18 20:23:48,LUM-101,27.87,81.15,140.39,1.367,48.14,65.83,91.2
2026-09-18 20:23:58,LUM-101,27.74,81.11,136.25,1.279,47.91,61.27,85.3
2026-09-18 20:24:08,LUM-101,27.81,81.28,143.87,1.454,47.84,69.54,96.9
2026-09-18 20:24:18,LUM-101,27.76,81.41,140.95,1.382,47.89,66.16,92.1
2026-09-18 20:24:28,LUM-101,27.83,81.28,134.81,1.235,48.15,59.48,82.4
2026-09-18 20:24:38,LUM-101,27.75,81.26,136.7,1.278,48.19,61.6,85.2
2026-09-18 20:24:48,LUM-101,27.79,81.19,134.58,1.238,47.92,59.32,82.5
2026-09-18 20:24:58,LUM-101,27.79,81.23,138.7,1.336,47.8,63.86,89.1
2026-09-18 20:25:08,LUM-101,27.79,81.26,140.35,1.37,47.92,65.66,91.3
2026-09-18 20:25:18,LUM-101,27.91,81.22,137.57,1.3,48.18,62.61,86.6
2026-09-18 20:25:28,LUM-101,27.91,81.09,132.17,1.182,48.03,56.76,78.8
2026-09-18 20:25:38,LUM-101,27.85,81.02,134.11,1.225,48.16,58.98,81.6
2026-09-18 20:25:48,LUM-101,27.8,80.9,131.99,1.179,48.16,56.77,78.6
2026-09-18 20:25:58,LUM-101,27.76,81.09,142.68,1.431,47.82,68.44,95.4
2026-09-18 20:26:08,LUM-101,27.85,81.13,137.47,1.301,48.14,62.61,86.7
2026-09-18 20:26:18,LUM-101,27.85,81.29,143.38,1.432,48.16,68.98,95.5
2026-09-18 20:26:28,LUM-101,27.84,81.28,137.09,1.292,48.0,62.01,86.1
2026-09-18 20:26:38,LUM-101,27.89,81.27,136.28,1.272,48.04,61.12,84.8
2026-09-18 20:26:48,LUM-101,27.82,81.25,136.66,1.282,48.02,61.57,85.5
2026-09-18 20:26:58,LUM-101,27.92,81.26,138.54,1.324,48.08,63.65,88.2
2026-09-18 20:27:08,LUM-101,27.78,81.18,136.93,1.293,47.91,61.94,86.2
2026-09-18 20:27:18,LUM-101,27.86,81.34,142.89,1.421,48.12,68.38,94.7
2026-09-18 20:27:28,LUM-101,27.8,80.97,127.18,1.073,47.84,51.34,71.5
2026-09-18 20:27:38,LUM-101,27.79,80.98,137.52,1.306,48.11,62.83,87.1
2026-09-18 20:27:48,LUM-101,27.79,81.18,145.17,1.482,47.97,71.09,98.8
2026-09-18 20:27:58,LUM-101,27.75,81.26,139.32,1.342,48.07,64.51,89.5
2026-09-18 20:28:08,LUM-101,27.9,81.4,142.4,1.417,47.82,67.77,94.5
2026-09-18 20:28:18,LUM-101,27.77,81.43,139.2,1.342,47.82,64.18,89.5
2026-09-18 20:28:28,LUM-101,27.73,81.15,130.23,1.135,48.05,54.53,75.7
2026-09-18 20:28:38,LUM-101,27.86,81.0,134.19,1.232,47.96,59.1,82.1
2026-09-18 20:28:48,LUM-101,27.88,80.68,126.96,1.071,48.0,51.42,71.4
2026-09-18 20:28:58,LUM-101,27.81,80.48,128.46,1.107,48.15,53.31,73.8
2026-09-18 20:29:08,LUM-101,27.8,80.17,127.85,1.107,47.87,52.98,73.8
2026-09-18 20:29:18,LUM-101,27.79,79.92,127.4,1.101,47.93,52.76,73.4
2026-09-18 20:29:28,LUM-101,27.72,79.61,125.41,1.062,47.91,50.9,70.8
2026-09-18 20:29:38,LUM-101,27.89,79.7,137.94,1.352,47.88,64.71,90.1
2026-09-18 20:29:48,LUM-101,27.75,79.7,133.92,1.255,47.99,60.24,83.7
2026-09-18 20:29:58,LUM-101,27.78,79.86,141.42,1.43,47.84,68.4,95.3
2026-09-18 20:30:08,LUM-101,27.8,80.14,143.54,1.462,48.17,70.44,97.5
2026-09-18 20:30:18,LUM-101,27.73,79.88,126.28,1.075,47.97,51.56,71.7
2026-09-18 20:30:28,LUM-101,27.73,79.87,135.03,1.273,48.13,61.29,84.9
2026-09-18 20:30:38,LUM-101,27.75,80.08,143.05,1.463,47.81,69.97,97.6
2026-09-18 20:30:48,LUM-101,27.73,80.12,135.55,1.282,48.05,61.59,85.4
2026-09-18 20:30:58,LUM-101,27.74,79.96,131.31,1.185,48.13,57.05,79.0
2026-09-18 20:31:08,LUM-101,27.83,79.72,128.64,1.13,48.09,54.36,75.4
2026-09-18 20:31:18,LUM-101,27.86,79.84,137.34,1.328,48.1,63.89,88.6
2026-09-18 20:31:28,LUM-101,27.83,80.09,142.76,1.45,48.03,69.64,96.7
2026-09-18 20:31:38,LUM-101,27.7,79.77,125.76,1.068,47.85,51.1,71.2
2026-09-18 20:31:48,LUM-101,27.71,80.0,142.91,1.462,47.81,69.89,97.4
2026-09-18 20:31:58,LUM-101,27.77,80.04,134.91,1.267,48.13,60.97,84.5
2026-09-18 20:32:08,LUM-101,27.81,79.99,134.29,1.26,47.88,60.34,84.0
2026-09-18 20:32:18,LUM-101,27.71,79.74,127.64,1.11,47.93,53.22,74.0
2026-09-18 20:32:28,LUM-101,27.77,79.71,132.16,1.217,47.91,58.28,81.1
2026-09-18 20:32:38,LUM-101,27.77,79.75,136.1,1.301,48.12,62.62,86.8
2026-09-18 20:32:48,LUM-101,27.87,79.56,128.54,1.137,47.86,54.43,75.8
2026-09-18 20:32:58,LUM-101,27.7,79.7,140.77,1.409,48.17,67.86,93.9
2026-09-18 20:33:08,LUM-101,27.81,79.9,141.28,1.425,47.85,68.21,95.0
2026-09-18 20:33:18,LUM-101,27.82,80.11,140.7,1.401,48.07,67.33,93.4
2026-09-18 20:33:28,LUM-101,27.84,80.09,134.69,1.267,47.9,60.67,84.4
2026-09-18 20:33:38,LUM-101,27.83,80.39,145.02,1.492,48.14,71.81,99.4
2026-09-18 20:33:48,LUM-101,27.76,80.05,125.86,1.063,47.89,50.9,70.9
2026-09-18 20:33:58,LUM-101,27.89,79.77,125.72,1.067,47.86,51.05,71.1
2026-09-18 20:34:08,LUM-101,27.78,80.02,142.3,1.44,48.07,69.21,96.0
2026-09-18 20:34:18,LUM-101,27.74,80.2,141.97,1.428,48.08,68.63,95.2
2026-09-18 20:34:28,LUM-101,27.69,80.22,137.15,1.321,47.89,63.25,88.1
2026-09-18 20:34:38,LUM-101,27.69,80.48,143.94,1.468,48.04,70.51,97.8
2026-09-18 20:34:48,LUM-101,27.71,80.59,139.07,1.354,48.0,64.98,90.3
2026-09-18 20:34:58,LUM-101,27.73,80.75,142.87,1.434,48.14,69.02,95.6
2026-09-18 20:35:08,LUM-101,27.86,80.52,128.8,1.116,48.06,53.65,74.4
2026-09-18 20:35:18,LUM-101,27.85,80.62,140.39,1.383,48.04,66.41,92.2
2026-09-18 20:35:28,LUM-101,27.84,80.85,143.71,1.455,47.99,69.84,97.0
2026-09-18 20:35:38,LUM-101,27.73,80.89,138.38,1.336,47.81,63.88,89.1
2026-09-18 20:35:48,LUM-101,27.82,80.89,136.79,1.296,47.91,62.11,86.4
2026-09-18 20:35:58,LUM-101,27.77,80.64,128.3,1.101,48.1,52.96,73.4
2026-09-18 20:36:08,LUM-101,27.82,80.37,128.48,1.112,48.06,53.45,74.1
2026-09-18 20:36:18,LUM-101,27.7,80.41,138.55,1.343,48.09,64.6,89.5
2026-09-18 20:36:28,LUM-101,27.71,80.66,145.05,1.485,48.18,71.54,99.0
2026-09-18 20:36:38,LUM-101,27.71,80.9,143.93,1.458,48.02,70.03,97.2
2026-09-18 20:36:48,LUM-101,27.86,80.76,131.63,1.174,48.13,56.52,78.3
2026-09-18 20:36:58,LUM-101,27.7,80.62,132.37,1.196,48.08,57.51,79.7
2026-09-18 20:37:08,LUM-101,27.86,80.48,130.97,1.166,48.1,56.11,77.8
2026-09-18 20:37:18,LUM-101,27.7,80.73,144.84,1.487,47.91,71.24,99.1
2026-09-18 20:37:28,LUM-101,27.72,80.59,133.59,1.227,47.98,58.9,81.8
2026-09-18 20:37:38,LUM-101,27.84,80.72,140.85,1.396,47.87,66.81,93.1
2026-09-18 20:37:48,LUM-101,27.72,80.57,132.09,1.197,47.83,57.25,79.8
2026-09-18 20:37:58,LUM-101,27.77,80.88,145.63,1.499,48.0,71.94,99.9
2026-09-18 20:38:08,LUM-101,27.73,80.97,138.43,1.332,47.93,63.84,88.8
2026-09-18 20:38:18,LUM-101,27.75,80.62,126.2,1.054,48.04,50.64,70.3
2026-09-18 20:38:28,LUM-101,27.82,80.62,135.5,1.275,47.81,60.97,85.0
2026-09-18 20:38:38,LUM-101,27.8,80.5,132.05,1.19,48.12,57.28,79.4
2026-09-18 20:38:48,LUM-101,27.71,80.36,132.31,1.199,48.14,57.71,79.9
2026-09-18 20:38:58,LUM-101,27.8,80.61,143.51,1.452,48.14,69.89,96.8
2026-09-18 20:39:08,LUM-101,27.86,80.59,135.96,1.278,48.15,61.53,85.2
2026-09-18 20:39:18,LUM-101,27.73,80.43,131.88,1.195,47.83,57.17,79.7
2026-09-18 20:39:28,LUM-101,27.74,80.4,135.08,1.262,48.14,60.76,84.1
2026-09-18 20:39:38,LUM-101,27.77,80.71,144.75,1.482,48.02,71.15,98.8
2026-09-18 20:39:48,LUM-101,27.66,80.74,138.89,1.35,47.85,64.61,90.0
2026-09-18 20:39:58,LUM-101,27.67,80.82,140.25,1.373,48.09,66.03,91.5
2026-09-18 20:40:08,LUM-101,27.79,80.68,131.33,1.172,48.01,56.29,78.2
2026-09-18 20:40:18,LUM-101,27.75,80.5,129.59,1.14,47.84,54.55,76.0
2026-09-18 20:40:28,LUM-101,27.66,80.68,143.07,1.449,47.83,69.33,96.6
2026-09-18 20:40:38,LUM-101,27.7,80.61,134.75,1.252,48.07,60.16,83.4
2026-09-18 20:40:48,LUM-101,27.76,80.24,125.65,1.055,47.81,50.46,70.4
2026-09-18 20:40:58,LUM-101,27.8,80.45,143.45,1.459,47.99,70.0,97.2
2026-09-18 20:41:08,LUM-101,27.71,80.44,136.38,1.293,48.08,62.15,86.2
2026-09-18 20:41:18,LUM-101,27.68,80.27,130.37,1.16,47.99,55.67,77.3
2026-09-18 20:41:28,LUM-101,27.77,80.31,136.25,1.295,48.0,62.16,86.3
2026-09-18 20:41:38,LUM-101,27.85,80.09,127.18,1.087,48.15,52.33,72.5
2026-09-18 20:41:48,LUM-101,27.72,80.0,133.21,1.227,48.18,59.12,81.8
2026-09-18 20:41:58,LUM-101,27.84,79.9,130.83,1.176,48.11,56.58,78.4
2026-09-18 20:42:08,LUM-101,27.85,79.61,125.74,1.064,48.19,51.25,70.9
2026-09-18 20:42:18,LUM-101,27.72,79.59,134.62,1.269,48.19,61.15,84.6
2026-09-18 20:42:28,LUM-101,27.81,79.29,125.62,1.074,47.92,51.48,71.6
2026-09-18 20:42:38,LUM-101,27.7,79.29,132.45,1.235,47.81,59.07,82.4
2026-09-18 20:42:48,LUM-101,27.81,79.19,130.44,1.186,48.0,56.94,79.1
2026-09-18 20:42:58,LUM-101,27.66,79.41,139.7,1.395,48.04,67.0,93.0
2026-09-18 20:43:08,LUM-101,27.66,79.09,125.03,1.067,47.85,51.04,71.1
2026-09-18 20:43:18,LUM-101,27.82,79.03,130.29,1.187,47.97,56.95,79.1
2026-09-18 20:43:28,LUM-101,27.75,79.35,143.94,1.499,47.89,71.77,99.9
2026-09-18 20:43:38,LUM-101,27.73,79.49,139.76,1.396,47.98,66.97,93.0
2026-09-18 20:43:48,LUM-101,27.8,79.77,144.18,1.493,47.93,71.56,99.5
2026-09-18 20:43:58,LUM-101,27.64,79.62,131.13,1.196,47.87,57.23,79.7
2026-09-18 20:44:08,LUM-101,27.79,79.72,137.16,1.326,48.12,63.82,88.4
2026-09-18 20:44:18,LUM-101,27.69,79.91,141.39,1.418,48.18,68.31,94.5
2026-09-18 20:44:28,LUM-101,27.68,80.05,140.7,1.4,48.13,67.38,93.3
2026-09-18 20:44:38,LUM-101,27.72,80.01,134.31,1.255,48.07,60.33,83.7
2026-09-18 20:44:48,LUM-101,27.78,79.76,127.0,1.096,47.9,52.49,73.1
2026-09-18 20:44:58,LUM-101,27.7,80.03,142.23,1.443,47.91,69.11,96.2
2026-09-18 20:45:08,LUM-101,27.73,80.05,135.56,1.289,47.85,61.68,85.9
2026-09-18 20:45:18,LUM-101,27.78,80.31,143.86,1.47,48.03,70.6,98.0
2026-09-18 20:45:28,LUM-101,27.79,80.21,132.49,1.209,48.05,58.1,80.6
2026-09-18 20:45:38,LUM-101,27.64,79.91,127.21,1.091,48.19,52.55,72.7
2026-09-18 20:45:48,LUM-101,27.65,80.23,144.87,1.498,47.95,71.83,99.9
2026-09-18 20:45:58,LUM-101,27.68,80.04,130.65,1.173,47.95,56.23,78.2
2026-09-18 20:46:08,LUM-101,27.65,79.76,126.62,1.081,48.19,52.07,72.0
2026-09-18 20:46:18,LUM-101,27.74,80.01,141.56,1.42,48.18,68.39,94.6
2026-09-18 20:46:28,LUM-101,27.65,80.03,137.28,1.329,47.85,63.6,88.6
2026-09-18 20:46:38,LUM-101,27.77,79.84,128.99,1.14,47.92,54.61,76.0
2026-09-18 20:46:48,LUM-101,27.8,80.09,142.15,1.433,48.12,68.95,95.5
2026-09-18 20:46:58,LUM-101,27.63,80.28,140.65,1.396,48.07,67.08,93.0
2026-09-18 20:47:08,LUM-101,27.63,80.29,137.37,1.322,47.99,63.43,88.1
2026-09-18 20:47:18,LUM-101,27.74,80.42,139.65,1.367,48.15,65.81,91.1
2026-09-18 20:47:28,LUM-101,27.8,80.63,144.02,1.465,48.1,70.44,97.6
2026-09-18 20:47:38,LUM-101,27.74,80.85,145.48,1.5,47.88,71.81,100.0
2026-09-18 20:47:48,LUM-101,27.72,80.77,133.27,1.211,48.19,58.33,80.7
2026-09-18 20:47:58,LUM-101,27.67,80.99,144.36,1.47,47.91,70.42,98.0
2026-09-18 20:48:08,LUM-101,27.74,80.9,134.56,1.244,47.91,59.63,83.0
2026-09-18 20:48:18,LUM-101,27.77,80.82,133.46,1.219,47.99,58.49,81.2
2026-09-18 20:48:28,LUM-101,27.77,80.77,135.55,1.272,47.84,60.86,84.8
2026-09-18 20:48:38,LUM-101,27.81,80.72,135.16,1.257,48.14,60.49,83.8
2026-09-18 20:48:48,LUM-101,27.63,80.82,140.14,1.375,47.93,65.9,91.7
2026-09-18 20:48:58,LUM-101,27.64,80.55,128.51,1.108,48.1,53.29,73.9
2026-09-18 20:49:08,LUM-101,27.73,80.29,128.26,1.112,47.91,53.29,74.2
2026-09-18 20:49:18,LUM-101,27.78,80.17,132.28,1.204,48.11,57.91,80.2
2026-09-18 20:49:28,LUM-101,27.74,80.41,143.05,1.456,47.81,69.6,97.1
2026-09-18 20:49:38,LUM-101,27.77,80.47,138.49,1.338,48.19,64.47,89.2
2026-09-18 20:49:48,LUM-101,27.79,80.72,144.19,1.471,47.95,70.52,98.0
2026-09-18 20:49:58,LUM-101,27.63,80.54,130.45,1.16,47.82,55.46,77.3
2026-09-18 20:50:08,LUM-101,27.67,80.33,129.08,1.132,47.85,54.16,75.5
2026-09-18 20:50:18,LUM-101,27.69,80.3,133.93,1.238,48.14,59.59,82.5
2026-09-18 20:50:28,LUM-101,27.67,80.11,128.6,1.122,48.02,53.87,74.8
2026-09-18 20:50:38,LUM-101,27.7,80.13,134.57,1.259,48.04,60.5,83.9
2026-09-18 20:50:48,LUM-101,27.74,79.93,129.01,1.139,47.87,54.53,75.9
2026-09-18 20:50:58,LUM-101,27.8,79.79,131.35,1.196,47.9,57.29,79.7
2026-09-18 20:51:08,LUM-101,27.79,79.63,130.55,1.184,47.81,56.58,78.9
2026-09-18 20:51:18,LUM-101,27.64,79.72,138.12,1.354,47.94,64.9,90.2
2026-09-18 20:51:28,LUM-101,27.63,79.7,133.95,1.255,48.03,60.27,83.7
2026-09-18 20:51:38,LUM-101,27.61,79.9,142.43,1.445,48.08,69.48,96.3
2026-09-18 20:51:48,LUM-101,27.69,80.14,144.57,1.497,47.83,71.59,99.8
2026-09-18 20:51:58,LUM-101,27.7,80.23,138.39,1.345,48.03,64.62,89.7
2026-09-18 20:52:08,LUM-101,27.71,80.49,143.66,1.463,48.0,70.19,97.5
2026-09-18 20:52:18,LUM-101,27.77,80.29,130.34,1.155,48.12,55.6,77.0
2026-09-18 20:52:28,LUM-101,27.74,80.41,138.56,1.342,48.14,64.61,89.5
2026-09-18 20:52:38,LUM-101,27.75,80.28,133.4,1.231,47.93,59.02,82.1
2026-09-18 20:52:48,LUM-101,27.7,79.97,126.02,1.069,47.84,51.16,71.3
2026-09-18 20:52:58,LUM-101,27.78,79.66,125.02,1.054,47.84,50.41,70.2
2026-09-18 20:53:08,LUM-101,27.65,79.47,127.37,1.11,47.92,53.21,74.0
2026-09-18 20:53:18,LUM-101,27.73,79.64,138.1,1.353,47.99,64.95,90.2
2026-09-18 20:53:28,LUM-101,27.76,79.54,132.16,1.219,47.97,58.47,81.3
2026-09-18 20:53:38,LUM-101,27.69,79.77,143.28,1.472,47.95,70.57,98.1
2026-09-18 20:53:48,LUM-101,27.78,79.92,139.03,1.372,47.86,65.67,91.5
2026-09-18 20:53:58,LUM-101,27.69,79.92,136.11,1.3,48.03,62.43,86.7
2026-09-18 20:54:08,LUM-101,27.65,79.89,132.84,1.227,47.94,58.84,81.8
2026-09-18 20:54:18,LUM-101,27.7,79.84,133.08,1.232,48.02,59.15,82.1
2026-09-18 20:54:28,LUM-101,27.66,79.75,133.59,1.242,48.18,59.82,82.8
2026-09-18 20:54:38,LUM-101,27.7,79.56,127.8,1.116,48.01,53.6,74.4
2026-09-18 20:54:48,LUM-101,27.74,79.68,139.59,1.389,47.91,66.57,92.6
2026-09-18 20:54:58,LUM-101,27.64,79.72,136.17,1.306,48.04,62.72,87.0
2026-09-18 20:55:08,LUM-101,27.7,80.0,143.87,1.478,48.0,70.97,98.6
2026-09-18 20:55:18,LUM-101,27.59,80.22,141.79,1.425,48.01,68.41,95.0
2026-09-18 20:55:28,LUM-101,27.68,80.37,139.46,1.369,47.95,65.65,91.3
2026-09-18 20:55:38,LUM-101,27.71,80.15,127.73,1.1,48.05,52.87,73.4
2026-09-18 20:55:48,LUM-101,27.76,80.07,134.75,1.267,47.96,60.76,84.5
2026-09-18 20:55:58,LUM-101,27.7,79.79,127.34,1.103,47.91,52.83,73.5
2026-09-18 20:56:08,LUM-101,27.76,79.64,128.65,1.137,47.89,54.46,75.8
2026-09-18 20:56:18,LUM-101,27.61,79.51,130.3,1.174,48.07,56.44,78.3
2026-09-18 20:56:28,LUM-101,27.69,79.79,143.29,1.468,48.07,70.55,97.8
2026-09-18 20:56:38,LUM-101,27.67,79.55,125.73,1.065,48.16,51.3,71.0
2026-09-18 20:56:48,LUM-101,27.7,79.54,135.3,1.293,47.93,61.95,86.2
2026-09-18 20:56:58,LUM-101,27.71,79.62,138.38,1.363,47.91,65.28,90.8
2026-09-18 20:57:08,LUM-101,27.64,79.64,134.72,1.272,48.1,61.19,84.8
2026-09-18 20:57:18,LUM-101,27.75,79.45,126.7,1.091,48.12,52.5,72.7
2026-09-18 20:57:28,LUM-101,27.69,79.74,143.06,1.467,47.95,70.36,97.8
2026-09-18 20:57:38,LUM-101,27.63,79.98,141.37,1.422,47.96,68.21,94.8
2026-09-18 20:57:48,LUM-101,27.63,80.04,135.9,1.291,48.07,62.06,86.1
2026-09-18 20:57:58,LUM-101,27.73,80.3,144.73,1.494,47.93,71.59,99.6
2026-09-18 20:58:08,LUM-101,27.61,80.28,136.29,1.292,48.18,62.23,86.1
2026-09-18 20:58:18,LUM-101,27.74,80.33,135.99,1.288,48.0,61.85,85.9
2026-09-18 20:58:28,LUM-101,27.7,80.55,141.91,1.418,48.08,68.18,94.5
2026-09-18 20:58:38,LUM-101,27.64,80.24,127.63,1.101,47.84,52.65,73.4
2026-09-18 20:58:48,LUM-101,27.6,80.38,140.76,1.402,47.85,67.09,93.5
2026-09-18 20:58:58,LUM-101,27.69,80.33,135.71,1.282,48.0,61.54,85.5
2026-09-18 20:59:08,LUM-101,27.58,80.2,131.9,1.201,47.84,57.45,80.1
2026-09-18 20:59:18,LUM-101,27.63,80.09,131.47,1.19,47.97,57.09,79.3
2026-09-18 20:59:28,LUM-101,27.72,79.83,128.39,1.123,48.03,53.95,74.9
2026-09-18 20:59:38,LUM-101,27.67,80.08,143.17,1.458,48.07,70.1,97.2
2026-09-18 20:59:48,LUM-101,27.55,80.28,140.74,1.398,48.05,67.18,93.2
2026-09-18 20:59:58,LUM-101,27.63,80.19,132.91,1.225,47.81,58.58,81.7
2026-09-18 21:00:08,LUM-101,27.63,80.17,135.74,1.283,48.12,61.74,85.5
2026-09-18 21:00:18,LUM-101,27.71,79.98,130.7,1.176,47.91,56.36,78.4
2026-09-18 21:00:28,LUM-101,27.63,79.96,135.42,1.286,47.9,61.62,85.8
2026-09-18 21:00:38,LUM-101,27.73,79.73,126.65,1.082,48.18,52.13,72.1
2026-09-18 21:00:48,LUM-101,27.69,79.64,132.66,1.225,48.09,58.92,81.7
2026-09-18 21:00:58,LUM-101,27.73,79.39,126.68,1.095,47.99,52.54,73.0
2026-09-18 21:01:08,LUM-101,27.74,79.35,131.07,1.199,47.92,57.47,80.0
2026-09-18 21:01:18,LUM-101,27.65,79.38,136.53,1.326,47.88,63.49,88.4
2026-09-18 21:01:28,LUM-101,27.65,79.37,134.97,1.285,48.07,61.77,85.7
2026-09-18 21:01:38,LUM-101,27.66,79.16,127.77,1.129,47.86,54.02,75.2
2026-09-18 21:01:48,LUM-101,27.65,79.18,134.8,1.282,48.19,61.81,85.5
2026-09-18 21:01:58,LUM-101,27.54,79.26,135.62,1.305,47.98,62.63,87.0
2026-09-18 21:02:08,LUM-101,27.65,79.42,140.14,1.403,48.09,67.47,93.5
2026-09-18 21:02:18,LUM-101,27.59,79.14,124.7,1.052,48.14,50.62,70.1
2026-09-18 21:02:28,LUM-101,27.59,79.21,137.41,1.342,48.19,64.66,89.5
2026-09-18 21:02:38,LUM-101,27.54,78.92,124.64,1.054,48.19,50.81,70.3
2026-09-18 21:02:48,LUM-101,27.7,79.25,143.05,1.477,48.0,70.89,98.5
2026-09-18 21:02:58,LUM-101,27.7,79.37,139.19,1.389,47.87,66.47,92.6
2026-09-18 21:03:08,LUM-101,27.57,79.51,139.12,1.382,47.93,66.23,92.1
2026-09-18 21:03:18,LUM-101,27.54,79.59,137.57,1.346,47.87,64.42,89.7
2026-09-18 21:03:28,LUM-101,27.59,79.62,134.93,1.278,48.09,61.46,85.2
2026-09-18 21:03:38,LUM-101,27.65,79.37,125.97,1.078,48.04,51.78,71.9
2026-09-18 21:03:48,LUM-101,27.67,79.31,133.6,1.257,48.01,60.32,83.8
2026-09-18 21:03:58,LUM-101,27.64,79.29,132.28,1.231,47.83,58.88,82.1
2026-09-18 21:04:08,LUM-101,27.54,79.16,129.33,1.16,48.06,55.74,77.3
2026-09-18 21:04:18,LUM-101,27.65,79.24,135.19,1.292,48.11,62.16,86.1
2026-09-18 21:04:28,LUM-101,27.56,79.32,135.82,1.305,48.11,62.77,87.0
2026-09-18 21:04:38,LUM-101,27.65,79.07,125.41,1.073,47.99,51.49,71.5
2026-09-18 21:04:48,LUM-101,27.54,79.1,133.57,1.26,48.05,60.52,84.0
2026-09-18 21:04:58,LUM-101,27.59,79.21,136.56,1.33,47.91,63.72,88.7
2026-09-18 21:05:08,LUM-101,27.68,78.94,126.44,1.097,48.12,52.78,73.1
2026-09-18 21:05:18,LUM-101,27.52,79.18,142.57,1.468,47.98,70.43,97.9
2026-09-18 21:05:28,LUM-101,27.54,79.15,133.15,1.25,48.0,60.0,83.3
2026-09-18 21:05:38,LUM-101,27.52,79.4,141.53,1.439,47.98,69.04,95.9
2026-09-18 21:05:48,LUM-101,27.67,79.55,137.87,1.356,47.81,64.81,90.4
2026-09-18 21:05:58,LUM-101,27.67,79.46,132.2,1.222,47.95,58.6,81.5
2026-09-18 21:06:08,LUM-101,27.56,79.31,129.39,1.164,47.81,55.64,77.6
2026-09-18 21:06:18,LUM-101,27.53,79.5,142.01,1.445,48.08,69.45,96.3
2026-09-18 21:06:28,LUM-101,27.62,79.35,130.79,1.192,47.95,57.15,79.5
2026-09-18 21:06:38,LUM-101,27.65,79.05,124.98,1.062,48.05,51.04,70.8
2026-09-18 21:06:48,LUM-101,27.66,78.97,130.07,1.185,47.91,56.78,79.0
2026-09-18 21:06:58,LUM-101,27.58,78.72,126.65,1.114,47.82,53.26,74.3
2026-09-18 21:07:08,LUM-101,27.53,78.7,132.64,1.249,47.96,59.93,83.3
2026-09-18 21:07:18,LUM-101,27.66,78.71,132.76,1.255,47.84,60.06,83.7
2026-09-18 21:07:28,LUM-101,27.54,78.87,138.89,1.385,48.13,66.69,92.4
2026-09-18 21:07:38,LUM-101,27.59,78.81,130.95,1.21,47.88,57.94,80.7
2026-09-18 21:07:48,LUM-101,27.6,79.0,139.95,1.41,48.03,67.73,94.0
2026-09-18 21:07:58,LUM-101,27.61,78.96,131.14,1.212,47.85,57.98,80.8
2026-09-18 21:08:08,LUM-101,27.5,78.97,133.13,1.256,47.91,60.18,83.7
2026-09-18 21:08:18,LUM-101,27.53,78.94,133.39,1.256,48.16,60.5,83.7
2026-09-18 21:08:28,LUM-101,27.66,78.81,130.01,1.188,47.87,56.89,79.2
2026-09-18 21:08:38,LUM-101,27.67,78.57,125.99,1.095,48.1,52.69,73.0
2026-09-18 21:08:48,LUM-101,27.68,78.52,129.38,1.18,47.87,56.51,78.7
2026-09-18 21:08:58,LUM-101,27.67,78.76,139.36,1.404,47.94,67.33,93.6
2026-09-18 21:09:08,LUM-101,27.66,78.96,140.3,1.425,47.82,68.16,95.0
2026-09-18 21:09:18,LUM-101,27.63,79.0,134.72,1.29,47.98,61.92,86.0
2026-09-18 21:09:28,LUM-101,27.61,79.1,137.86,1.356,48.13,65.29,90.4
2026-09-18 21:09:38,LUM-101,27.68,79.21,137.34,1.347,47.97,64.59,89.8
2026-09-18 21:09:48,LUM-101,27.63,79.11,129.83,1.177,47.87,56.35,78.5
2026-09-18 21:09:58,LUM-101,27.6,79.4,143.9,1.496,47.9,71.67,99.7
2026-09-18 21:10:08,LUM-101,27.61,79.16,125.4,1.074,47.84,51.38,71.6
2026-09-18 21:10:18,LUM-101,27.63,78.9,124.49,1.054,48.04,50.65,70.3
2026-09-18 21:10:28,LUM-101,27.59,78.86,132.25,1.238,47.9,59.32,82.6
2026-09-18 21:10:38,LUM-101,27.62,78.71,129.69,1.181,47.96,56.64,78.7
2026-09-18 21:10:48,LUM-101,27.62,78.75,135.31,1.305,48.15,62.85,87.0
2026-09-18 21:10:58,LUM-101,27.5,78.74,131.08,1.212,47.97,58.16,80.8
2026-09-18 21:11:08,LUM-101,27.66,78.45,124.77,1.068,48.18,51.46,71.2
2026-09-18 21:11:18,LUM-101,27.56,78.46,131.89,1.233,48.16,59.36,82.2
2026-09-18 21:11:28,LUM-101,27.56,78.23,124.0,1.055,48.19,50.86,70.4
2026-09-18 21:11:38,LUM-101,27.57,78.34,135.57,1.323,48.04,63.58,88.2
2026-09-18 21:11:48,LUM-101,27.6,78.31,129.31,1.182,47.96,56.67,78.8
2026-09-18 21:11:58,LUM-101,27.47,78.5,139.61,1.417,47.94,67.9,94.4
2026-09-18 21:12:08,LUM-101,27.51,78.6,136.02,1.324,48.17,63.8,88.3
2026-09-18 21:12:18,LUM-101,27.53,78.4,126.3,1.111,47.91,53.23,74.1
2026-09-18 21:12:28,LUM-101,27.63,78.39,130.54,1.212,47.81,57.95,80.8
2026-09-18 21:12:38,LUM-101,27.52,78.3,129.11,1.172,48.16,56.45,78.1
2026-09-18 21:12:48,LUM-101,27.52,78.25,129.28,1.178,48.13,56.7,78.5
2026-09-18 21:12:58,LUM-101,27.63,78.4,137.64,1.373,47.95,65.83,91.5
2026-09-18 21:13:08,LUM-101,27.57,78.41,133.86,1.283,48.01,61.61,85.6
2026-09-18 21:13:18,LUM-101,27.64,78.33,129.03,1.169,48.19,56.34,77.9
2026-09-18 21:13:28,LUM-101,27.58,78.12,126.45,1.118,48.01,53.69,74.6
2026-09-18 21:13:38,LUM-101,27.48,78.45,141.61,1.461,48.05,70.18,97.4
2026-09-18 21:13:48,LUM-101,27.56,78.35,128.39,1.155,48.16,55.6,77.0
2026-09-18 21:13:58,LUM-101,27.53,78.58,139.2,1.409,47.81,67.36,93.9
2026-09-18 21:14:08,LUM-101,27.46,78.57,130.9,1.213,47.93,58.14,80.9
2026-09-18 21:14:18,LUM-101,27.53,78.54,130.12,1.194,47.99,57.31,79.6
2026-09-18 21:14:28,LUM-101,27.62,78.31,125.21,1.088,47.89,52.11,72.6
2026-09-18 21:14:38,LUM-101,27.63,78.54,138.64,1.394,47.9,66.77,92.9
2026-09-18 21:14:48,LUM-101,27.45,78.3,124.08,1.058,48.09,50.86,70.5
2026-09-18 21:14:58,LUM-101,27.55,78.54,140.2,1.429,47.95,68.5,95.2
2026-09-18 21:15:08,LUM-101,27.48,78.39,126.63,1.119,47.9,53.6,74.6
2026-09-18 21:15:18,LUM-101,27.54,78.27,129.45,1.183,48.08,56.86,78.8
2026-09-18 21:15:28,LUM-101,27.62,78.38,134.73,1.301,48.13,62.62,86.7
2026-09-18 21:15:38,LUM-101,27.52,78.46,135.87,1.324,48.19,63.79,88.2
2026-09-18 21:15:48,LUM-101,27.58,78.81,142.81,1.479,48.08,71.12,98.6
2026-09-18 21:15:58,LUM-101,27.5,78.88,134.16,1.281,47.94,61.42,85.4
2026-09-18 21:16:08,LUM-101,27.52,79.05,140.24,1.413,48.13,67.99,94.2
2026-09-18 21:16:18,LUM-101,27.59,79.0,131.16,1.207,48.02,57.96,80.5
2026-09-18 21:16:28,LUM-101,27.5,79.28,142.78,1.474,47.87,70.55,98.3
2026-09-18 21:16:38,LUM-101,27.48,79.3,134.4,1.28,47.82,61.22,85.3
2026-09-18 21:16:48,LUM-101,27.51,79.27,131.57,1.206,48.18,58.12,80.4
2026-09-18 21:16:58,LUM-101,27.51,79.41,138.15,1.358,48.08,65.28,90.5
2026-09-18 21:17:08,LUM-101,27.6,79.44,135.66,1.301,48.01,62.48,86.8
2026-09-18 21:17:18,LUM-101,27.58,79.38,131.77,1.21,48.1,58.21,80.7
2026-09-18 21:17:28,LUM-101,27.53,79.32,132.49,1.232,47.94,59.08,82.2
2026-09-18 21:17:38,LUM-101,27.48,79.17,130.41,1.185,48.06,56.93,79.0
2026-09-18 21:17:48,LUM-101,27.45,79.37,141.09,1.424,48.15,68.57,94.9
2026-09-18 21:17:58,LUM-101,27.54,79.33,131.89,1.22,47.85,58.39,81.4
2026-09-18 21:18:08,LUM-101,27.46,79.14,129.22,1.157,48.09,55.65,77.1
2026-09-18 21:18:18,LUM-101,27.61,78.87,125.4,1.077,47.99,51.7,71.8
2026-09-18 21:18:28,LUM-101,27.49,78.75,130.51,1.197,48.05,57.51,79.8
2026-09-18 21:18:38,LUM-101,27.53,78.49,124.34,1.064,47.88,50.94,70.9
2026-09-18 21:18:48,LUM-101,27.59,78.64,137.9,1.374,47.91,65.85,91.6
2026-09-18 21:18:58,LUM-101,27.6,78.33,124.04,1.058,48.02,50.79,70.5
2026-09-18 21:19:08,LUM-101,27.6,78.19,126.52,1.115,48.14,53.69,74.4
2026-09-18 21:19:18,LUM-101,27.5,78.41,138.38,1.393,47.83,66.63,92.9
2026-09-18 21:19:28,LUM-101,27.54,78.67,139.87,1.411,48.2,67.99,94.0
2026-09-18 21:19:38,LUM-101,27.45,78.76,135.77,1.323,47.86,63.34,88.2
2026-09-18 21:19:48,LUM-101,27.47,78.5,124.67,1.067,48.08,51.3,71.1
2026-09-18 21:19:58,LUM-101,27.45,78.84,142.56,1.474,48.01,70.79,98.3
2026-09-18 21:20:08,LUM-101,27.42,78.68,127.21,1.12,48.13,53.92,74.7
2026-09-18 21:20:18,LUM-101,27.51,78.76,135.14,1.307,47.92,62.65,87.2
2026-09-18 21:20:28,LUM-101,27.46,78.65,128.97,1.163,48.07,55.91,77.5
2026-09-18 21:20:38,LUM-101,27.6,78.44,126.89,1.12,48.04,53.83,74.7
2026-09-18 21:20:48,LUM-101,27.5,78.79,142.53,1.476,48.0,70.83,98.4
2026-09-18 21:20:58,LUM-101,27.59,79.14,143.22,1.478,48.17,71.19,98.5
2026-09-18 21:21:08,LUM-101,27.45,78.92,127.47,1.119,48.19,53.94,74.6
2026-09-18 21:21:18,LUM-101,27.43,78.63,124.83,1.067,48.14,51.34,71.1
2026-09-18 21:21:28,LUM-101,27.55,78.81,137.93,1.366,48.09,65.69,91.1
2026-09-18 21:21:38,LUM-101,27.56,78.98,138.44,1.382,47.81,66.06,92.1
2026-09-18 21:21:48,LUM-101,27.6,78.95,130.75,1.2,47.96,57.56,80.0
2026-09-18 21:21:58,LUM-101,27.6,78.79,129.53,1.178,47.88,56.39,78.5
2026-09-18 21:22:08,LUM-101,27.41,78.87,136.03,1.324,47.95,63.51,88.3
2026-09-18 21:22:18,LUM-101,27.57,78.93,136.32,1.328,48.01,63.76,88.5
2026-09-18 21:22:28,LUM-101,27.47,79.12,140.06,1.405,48.18,67.71,93.7
2026-09-18 21:22:38,LUM-101,27.56,78.99,128.01,1.134,48.04,54.47,75.6
2026-09-18 21:22:48,LUM-101,27.59,79.09,138.33,1.37,48.05,65.82,91.3
2026-09-18 21:22:58,LUM-101,27.48,79.32,142.57,1.463,48.04,70.28,97.5
2026-09-18 21:23:08,LUM-101,27.49,79.18,128.69,1.142,48.16,55.02,76.2
2026-09-18 21:23:18,LUM-101,27.46,79.4,141.65,1.438,48.1,69.17,95.9
2026-09-18 21:23:28,LUM-101,27.43,79.4,134.67,1.278,48.05,61.41,85.2
2026-09-18 21:23:38,LUM-101,27.52,79.66,142.46,1.449,48.17,69.79,96.6
2026-09-18 21:23:48,LUM-101,27.58,79.95,143.52,1.477,47.83,70.63,98.5
2026-09-18 21:23:58,LUM-101,27.54,79.92,133.23,1.234,48.02,59.23,82.2
2026-09-18 21:24:08,LUM-101,27.44,79.97,137.09,1.323,47.98,63.46,88.2
2026-09-18 21:24:18,LUM-101,27.45,79.83,130.08,1.165,47.93,55.83,77.6
2026-09-18 21:24:28,LUM-101,27.51,80.08,142.97,1.453,48.1,69.88,96.9
2026-09-18 21:24:38,LUM-101,27.46,79.85,127.55,1.102,48.08,53.01,73.5
2026-09-18 21:24:48,LUM-101,27.48,80.06,141.49,1.427,47.85,68.26,95.1
2026-09-18 21:24:58,LUM-101,27.45,80.35,143.79,1.469,47.98,70.49,97.9
2026-09-18 21:25:08,LUM-101,27.5,80.49,142.69,1.44,47.98,69.11,96.0
2026-09-18 21:25:18,LUM-101,27.45,80.42,133.81,1.234,48.09,59.32,82.2
2026-09-18 21:25:28,LUM-101,27.53,80.11,126.54,1.076,47.92,51.58,71.8
2026-09-18 21:25:38,LUM-101,27.43,80.37,144.39,1.481,48.03,71.13,98.7
2026-09-18 21:25:48,LUM-101,27.39,80.26,133.56,1.231,48.13,59.23,82.0
2026-09-18 21:25:58,LUM-101,27.47,80.41,139.6,1.375,47.85,65.77,91.6
2026-09-18 21:26:08,LUM-101,27.53,80.58,141.74,1.415,48.04,67.96,94.3
2026-09-18 21:26:18,LUM-101,27.46,80.32,127.25,1.089,47.89,52.14,72.6
2026-09-18 21:26:28,LUM-101,27.46,80.19,131.47,1.186,48.04,56.98,79.1
2026-09-18 21:26:38,LUM-101,27.56,79.98,128.3,1.122,47.84,53.68,74.8
2026-09-18 21:26:48,LUM-101,27.46,79.68,126.17,1.072,48.16,51.66,71.5
2026-09-18 21:26:58,LUM-101,27.4,79.42,125.24,1.061,48.0,50.92,70.7
2026-09-18 21:27:08,LUM-101,27.42,79.58,139.56,1.39,47.96,66.64,92.6
2026-09-18 21:27:18,LUM-101,27.42,79.85,142.85,1.46,47.95,70.0,97.3
2026-09-18 21:27:28,LUM-101,27.5,79.82,133.23,1.238,47.92,59.34,82.6
2026-09-18 21:27:38,LUM-101,27.38,79.6,127.47,1.111,47.89,53.2,74.1
2026-09-18 21:27:48,LUM-101,27.53,79.58,134.15,1.267,47.85,60.63,84.5
2026-09-18 21:27:58,LUM-101,27.51,79.72,140.73,1.407,48.16,67.78,93.8
2026-09-18 21:28:08,LUM-101,27.42,79.57,128.69,1.138,47.95,54.57,75.9
2026-09-18 21:28:18,LUM-101,27.54,79.75,141.07,1.42,47.99,68.13,94.7
2026-09-18 21:28:28,LUM-101,27.38,79.9,139.45,1.381,47.92,66.17,92.1
2026-09-18 21:28:38,LUM-101,27.46,80.14,142.65,1.442,48.16,69.46,96.1
2026-09-18 21:28:48,LUM-101,27.4,80.24,139.39,1.374,47.83,65.72,91.6
2026-09-18 21:28:58,LUM-101,27.49,79.97,128.08,1.113,48.05,53.45,74.2
2026-09-18 21:29:08,LUM-101,27.42,80.24,143.74,1.473,47.88,70.55,98.2
2026-09-18 21:29:18,LUM-101,27.4,80.39,140.58,1.393,48.0,66.88,92.9
2026-09-18 21:29:28,LUM-101,27.51,80.17,127.64,1.101,47.9,52.74,73.4
2026-09-18 21:29:38,LUM-101,27.5,80.1,134.99,1.271,47.96,60.98,84.8
2026-09-18 21:29:48,LUM-101,27.41,80.2,140.73,1.4,48.04,67.25,93.3
2026-09-18 21:29:58,LUM-101,27.46,80.07,132.64,1.214,48.13,58.42,80.9
2026-09-18 21:30:08,LUM-101,27.4,80.02,134.54,1.263,47.97,60.58,84.2
2026-09-18 21:30:18,LUM-101,27.44,80.07,138.69,1.352,48.18,65.13,90.1
2026-09-18 21:30:28,LUM-101,27.5,80.26,141.51,1.424,47.81,68.06,94.9
2026-09-18 21:30:38,LUM-101,27.44,80.03,127.4,1.093,48.16,52.63,72.9
2026-09-18 21:30:48,LUM-101,27.51,79.81,128.9,1.14,47.85,54.55,76.0
2026-09-18 21:30:58,LUM-101,27.51,80.02,143.73,1.472,48.08,70.79,98.1
2026-09-18 21:31:08,LUM-101,27.37,80.23,141.88,1.425,48.08,68.5,95.0
2026-09-18 21:31:18,LUM-101,27.46,80.42,143.71,1.466,47.97,70.32,97.7
2026-09-18 21:31:28,LUM-101,27.39,80.62,142.44,1.435,47.86,68.68,95.7
2026-09-18 21:31:38,LUM-101,27.47,80.71,140.5,1.388,47.85,66.43,92.6
2026-09-18 21:31:48,LUM-101,27.44,80.52,131.54,1.18,48.04,56.68,78.7
2026-09-18 21:31:58,LUM-101,27.44,80.3,128.34,1.117,47.81,53.38,74.4
2026-09-18 21:32:08,LUM-101,27.5,80.36,138.88,1.359,47.83,65.03,90.6
2026-09-18 21:32:18,LUM-101,27.36,80.15,128.38,1.116,48.0,53.59,74.4
2026-09-18 21:32:28,LUM-101,27.47,80.12,134.56,1.264,47.84,60.48,84.3
2026-09-18 21:32:38,LUM-101,27.39,80.08,135.4,1.283,47.93,61.47,85.5
2026-09-18 21:32:48,LUM-101,27.34,80.0,134.46,1.259,48.08,60.52,83.9
2026-09-18 21:32:58,LUM-101,27.41,80.03,136.55,1.311,47.92,62.8,87.4
2026-09-18 21:33:08,LUM-101,27.34,80.06,138.09,1.345,47.93,64.47,89.7
2026-09-18 21:33:18,LUM-101,27.51,79.78,126.08,1.075,47.87,51.45,71.7
2026-09-18 21:33:28,LUM-101,27.38,79.55,128.06,1.12,48.13,53.9,74.7
2026-09-18 21:33:38,LUM-101,27.39,79.81,142.97,1.46,48.07,70.18,97.3
2026-09-18 21:33:48,LUM-101,27.37,79.72,132.0,1.206,48.19,58.09,80.4
2026-09-18 21:33:58,LUM-101,27.51,79.85,138.28,1.356,47.87,64.93,90.4
2026-09-18 21:34:08,LUM-101,27.41,80.03,142.04,1.438,47.93,68.9,95.8
2026-09-18 21:34:18,LUM-101,27.4,79.9,130.71,1.173,48.11,56.45,78.2
2026-09-18 21:34:28,LUM-101,27.36,80.12,143.98,1.479,47.97,70.96,98.6
2026-09-18 21:34:38,LUM-101,27.51,80.11,136.29,1.299,48.05,62.42,86.6
2026-09-18 21:34:48,LUM-101,27.32,79.81,126.89,1.091,47.96,52.32,72.7
2026-09-18 21:34:58,LUM-101,27.31,79.63,130.59,1.176,48.17,56.63,78.4
2026-09-18 21:35:08,LUM-101,27.33,79.45,128.18,1.132,47.83,54.15,75.5
2026-09-18 21:35:18,LUM-101,27.5,79.21,127.45,1.118,47.96,53.6,74.5
2026-09-18 21:35:28,LUM-101,27.33,78.87,124.56,1.06,47.89,50.77,70.7
2026-09-18 21:35:38,LUM-101,27.37,78.7,128.53,1.153,48.03,55.37,76.9
2026-09-18 21:35:48,LUM-101,27.31,78.72,132.97,1.253,48.11,60.27,83.5
2026-09-18 21:35:58,LUM-101,27.48,78.75,133.43,1.268,47.9,60.75,84.5
2026-09-18 21:36:08,LUM-101,27.45,78.78,134.49,1.292,47.9,61.89,86.1
2026-09-18 21:36:18,LUM-101,27.36,78.9,135.87,1.323,47.84,63.31,88.2
2026-09-18 21:36:28,LUM-101,27.35,78.96,135.22,1.304,47.94,62.51,86.9
2026-09-18 21:36:38,LUM-101,27.46,78.8,129.8,1.176,48.17,56.66,78.4
2026-09-18 21:36:48,LUM-101,27.3,78.82,132.61,1.248,47.91,59.77,83.2
2026-09-18 21:36:58,LUM-101,27.37,78.68,129.45,1.176,47.96,56.4,78.4
2026-09-18 21:37:08,LUM-101,27.3,78.43,125.57,1.093,47.92,52.38,72.9
2026-09-18 21:37:18,LUM-101,27.41,78.77,143.38,1.496,47.99,71.79,99.7
2026-09-18 21:37:28,LUM-101,27.37,78.6,128.27,1.152,47.9,55.19,76.8
2026-09-18 21:37:38,LUM-101,27.43,78.79,137.79,1.365,48.02,65.55,91.0
2026-09-18 21:37:48,LUM-101,27.4,79.0,140.88,1.427,48.18,68.76,95.1
2026-09-18 21:37:58,LUM-101,27.37,79.24,141.97,1.451,48.03,69.71,96.8
2026-09-18 21:38:08,LUM-101,27.36,79.06,126.68,1.1,48.09,52.92,73.4
2026-09-18 21:38:18,LUM-101,27.46,79.25,141.07,1.437,47.8,68.69,95.8
2026-09-18 21:38:28,LUM-101,27.34,79.28,136.19,1.321,47.87,63.24,88.1
2026-09-18 21:38:38,LUM-101,27.39,79.43,138.46,1.365,48.06,65.59,91.0
2026-09-18 21:38:48,LUM-101,27.46,79.39,134.13,1.272,47.83,60.82,84.8
2026-09-18 21:38:58,LUM-101,27.35,79.4,134.86,1.281,48.1,61.62,85.4
2026-09-18 21:39:08,LUM-101,27.28,79.09,125.51,1.073,48.05,51.58,71.6
2026-09-18 21:39:18,LUM-101,27.38,79.1,134.93,1.295,47.91,62.03,86.3
2026-09-18 21:39:28,LUM-101,27.41,79.42,143.7,1.484,48.14,71.42,98.9
2026-09-18 21:39:38,LUM-101,27.32,79.36,131.65,1.209,48.05,58.09,80.6
2026-09-18 21:39:48,LUM-101,27.29,79.46,137.2,1.337,47.97,64.15,89.1
2026-09-18 21:39:58,LUM-101,27.45,79.28,128.42,1.135,48.11,54.6,75.7
2026-09-18 21:40:08,LUM-101,27.45,79.37,135.82,1.303,48.14,62.72,86.9
2026-09-18 21:40:18,LUM-101,27.4,79.12,125.82,1.084,47.85,51.9,72.3
2026-09-18 21:40:28,LUM-101,27.37,79.33,139.47,1.39,48.07,66.82,92.7
2026-09-18 21:40:38,LUM-101,27.33,79.55,142.86,1.462,48.1,70.35,97.5
2026-09-18 21:40:48,LUM-101,27.35,79.54,134.27,1.269,47.91,60.82,84.6
2026-09-18 21:40:58,LUM-101,27.44,79.76,141.59,1.429,48.08,68.7,95.2
2026-09-18 21:41:08,LUM-101,27.37,79.86,138.0,1.341,48.18,64.6,89.4
2026-09-18 21:41:18,LUM-101,27.31,79.98,139.33,1.376,47.92,65.95,91.8
2026-09-18 21:41:28,LUM-101,27.41,79.86,133.12,1.231,48.09,59.18,82.1
2026-09-18 21:41:38,LUM-101,27.35,79.89,135.13,1.276,48.11,61.37,85.0
2026-09-18 21:41:48,LUM-101,27.28,79.83,132.54,1.218,48.1,58.56,81.2
2026-09-18 21:41:58,LUM-101,27.35,79.66,129.9,1.165,47.91,55.83,77.7
2026-09-18 21:42:08,LUM-101,27.32,79.33,124.73,1.052,47.93,50.44,70.2
2026-09-18 21:42:18,LUM-101,27.41,79.41,138.11,1.359,47.99,65.21,90.6
2026-09-18 21:42:28,LUM-101,27.25,79.5,136.25,1.316,47.9,63.06,87.8
2026-09-18 21:42:38,LUM-101,27.41,79.34,131.01,1.194,48.08,57.41,79.6
2026-09-18 21:42:48,LUM-101,27.35,79.24,131.83,1.221,47.85,58.44,81.4
2026-09-18 21:42:58,LUM-101,27.42,79.28,136.15,1.317,47.96,63.19,87.8
2026-09-18 21:43:08,LUM-101,27.38,79.41,139.88,1.396,48.14,67.19,93.0
2026-09-18 21:43:18,LUM-101,27.33,79.68,143.36,1.471,48.1,70.75,98.1
2026-09-18 21:43:28,LUM-101,27.41,79.83,139.38,1.381,47.9,66.17,92.1
2026-09-18 21:43:38,LUM-101,27.36,79.76,133.72,1.254,47.82,59.96,83.6
2026-09-18 21:43:48,LUM-101,27.34,79.67,133.35,1.242,48.01,59.64,82.8
2026-09-18 21:43:58,LUM-101,27.32,79.82,141.6,1.435,47.83,68.65,95.7
2026-09-18 21:44:08,LUM-101,27.29,79.67,130.66,1.175,48.2,56.66,78.4
2026-09-18 21:44:18,LUM-101,27.3,79.85,140.46,1.398,48.17,67.35,93.2
2026-09-18 21:44:28,LUM-101,27.37,79.8,133.05,1.237,47.82,59.17,82.5
2026-09-18 21:44:38,LUM-101,27.33,79.83,137.75,1.344,47.87,64.35,89.6
2026-09-18 21:44:48,LUM-101,27.28,79.73,130.86,1.188,47.83,56.82,79.2
2026-09-18 21:44:58,LUM-101,27.22,79.67,132.77,1.232,47.9,59.01,82.1
2026-09-18 21:45:08,LUM-101,27.28,79.92,144.33,1.49,48.02,71.57,99.4
2026-09-18 21:45:18,LUM-101,27.41,79.96,135.92,1.294,48.04,62.18,86.3
2026-09-18 21:45:28,LUM-101,27.26,79.6,125.25,1.057,48.0,50.72,70.4
2026-09-18 21:45:38,LUM-101,27.23,79.44,130.67,1.182,48.17,56.92,78.8
2026-09-18 21:45:48,LUM-101,27.25,79.56,138.08,1.356,47.94,65.02,90.4
2026-09-18 21:45:58,LUM-101,27.38,79.6,134.94,1.276,48.18,61.49,85.1
2026-09-18 21:46:08,LUM-101,27.37,79.57,135.03,1.281,48.09,61.62,85.4
2026-09-18 21:46:18,LUM-101,27.36,79.84,143.75,1.482,47.93,71.01,98.8
2026-09-18 21:46:28,LUM-101,27.24,79.51,126.25,1.083,47.93,51.93,72.2
2026-09-18 21:46:38,LUM-101,27.36,79.65,137.9,1.353,47.85,64.72,90.2
2026-09-18 21:46:48,LUM-101,27.31,79.53,131.53,1.206,47.91,57.77,80.4
2026-09-18 21:46:58,LUM-101,27.4,79.85,143.48,1.468,48.16,70.7,97.9
2026-09-18 21:47:08,LUM-101,27.29,79.5,125.55,1.068,47.91,51.17,71.2
2026-09-18 21:47:18,LUM-101,27.38,79.81,144.08,1.485,48.09,71.41,99.0
2026-09-18 21:47:28,LUM-101,27.35,79.56,127.42,1.108,48.0,53.18,73.9
2026-09-18 21:47:38,LUM-101,27.3,79.55,133.48,1.253,47.84,59.92,83.5
2026-09-18 21:47:48,LUM-101,27.32,79.8,141.68,1.431,48.06,68.76,95.4
2026-09-18 21:47:58,LUM-101,27.34,79.85,137.01,1.319,48.16,63.52,87.9
2026-09-18 21:48:08,LUM-101,27.36,79.6,128.33,1.129,47.96,54.15,75.3
2026-09-18 21:48:18,LUM-101,27.39,79.56,132.3,1.219,48.07,58.6,81.3
2026-09-18 21:48:28,LUM-101,27.28,79.73,139.59,1.389,47.87,66.51,92.6
2026-09-18 21:48:38,LUM-101,27.35,79.92,140.4,1.402,47.93,67.21,93.5
2026-09-18 21:48:48,LUM-101,27.25,79.99,137.0,1.318,48.06,63.35,87.9
2026-09-18 21:48:58,LUM-101,27.19,79.98,135.6,1.29,47.89,61.8,86.0
2026-09-18 21:49:08,LUM-101,27.35,80.06,138.39,1.348,48.07,64.81,89.9
2026-09-18 21:49:18,LUM-101,27.33,80.01,132.73,1.22,48.02,58.58,81.3
2026-09-18 21:49:28,LUM-101,27.36,79.78,129.38,1.152,47.85,55.11,76.8
2026-09-18 21:49:38,LUM-101,27.2,79.71,132.19,1.215,48.0,58.31,81.0
2026-09-18 21:49:48,LUM-101,27.22,79.65,132.14,1.214,48.04,58.32,80.9
2026-09-18 21:49:58,LUM-101,27.24,79.31,125.46,1.066,48.09,51.28,71.1
2026-09-18 21:50:08,LUM-101,27.32,79.61,143.92,1.493,47.87,71.46,99.5
2026-09-18 21:50:18,LUM-101,27.37,79.56,132.73,1.23,48.05,59.08,82.0
2026-09-18 21:50:28,LUM-101,27.21,79.35,129.06,1.146,48.19,55.23,76.4
2026-09-18 21:50:38,LUM-101,27.21,79.5,139.69,1.397,47.86,66.88,93.2
2026-09-18 21:50:48,LUM-101,27.24,79.6,136.93,1.328,47.95,63.71,88.6
2026-09-18 21:50:58,LUM-101,27.34,79.42,127.54,1.11,48.16,53.47,74.0
2026-09-18 21:51:08,LUM-101,27.28,79.45,134.65,1.278,47.98,61.33,85.2
2026-09-18 21:51:18,LUM-101,27.28,79.35,129.97,1.173,47.95,56.24,78.2
2026-09-18 21:51:28,LUM-101,27.26,79.34,134.51,1.272,48.19,61.3,84.8
2026-09-18 21:51:38,LUM-101,27.27,79.58,143.68,1.488,47.88,71.22,99.2
2026-09-18 21:51:48,LUM-101,27.27,79.59,135.1,1.284,48.03,61.68,85.6
2026-09-18 21:51:58,LUM-101,27.29,79.54,131.69,1.212,47.82,57.95,80.8
2026-09-18 21:52:08,LUM-101,27.21,79.37,128.91,1.151,47.84,55.05,76.7
2026-09-18 21:52:18,LUM-101,27.34,79.61,141.81,1.441,47.98,69.12,96.0
2026-09-18 21:52:28,LUM-101,27.18,79.6,135.07,1.285,47.95,61.63,85.7
2026-09-18 21:52:38,LUM-101,27.21,79.5,131.96,1.214,48.01,58.29,80.9
2026-09-18 21:52:48,LUM-101,27.24,79.23,125.07,1.059,48.1,50.94,70.6
2026-09-18 21:52:58,LUM-101,27.2,79.52,144.03,1.491,48.06,71.68,99.4
2026-09-18 21:53:08,LUM-101,27.33,79.84,144.46,1.49,48.18,71.79,99.3
2026-09-18 21:53:18,LUM-101,27.28,80.09,143.97,1.477,48.04,70.98,98.5
2026-09-18 21:53:28,LUM-101,27.24,80.19,138.16,1.341,48.02,64.41,89.4
2026-09-18 21:53:38,LUM-101,27.28,79.98,129.26,1.137,48.14,54.76,75.8
2026-09-18 21:53:48,LUM-101,27.27,79.93,132.61,1.219,48.02,58.54,81.3
2026-09-18 21:53:58,LUM-101,27.28,79.8,130.46,1.17,48.12,56.29,78.0
2026-09-18 21:54:08,LUM-101,27.26,79.87,138.8,1.359,48.17,65.48,90.6
2026-09-18 21:54:18,LUM-101,27.19,79.84,134.64,1.271,47.92,60.89,84.7
2026-09-18 21:54:28,LUM-101,27.15,79.76,133.43,1.243,47.97,59.63,82.9
2026-09-18 21:54:38,LUM-101,27.23,79.72,132.62,1.229,47.82,58.78,81.9
2026-09-18 21:54:48,LUM-101,27.28,79.98,143.5,1.473,47.92,70.58,98.2
2026-09-18 21:54:58,LUM-101,27.2,80.23,143.24,1.455,48.1,70.01,97.0
2026-09-18 21:55:08,LUM-101,27.3,80.21,136.72,1.308,48.0,62.79,87.2
2026-09-18 21:55:18,LUM-101,27.28,80.28,138.84,1.352,48.14,65.07,90.1
2026-09-18 21:55:28,LUM-101,27.29,80.42,141.13,1.404,48.05,67.45,93.6
2026-09-18 21:55:38,LUM-101,27.18,80.59,142.58,1.434,48.01,68.87,95.6
2026-09-18 21:55:48,LUM-101,27.27,80.49,133.5,1.226,48.06,58.9,81.7
2026-09-18 21:55:58,LUM-101,27.28,80.14,125.76,1.06,47.81,50.69,70.7
2026-09-18 21:56:08,LUM-101,27.3,80.2,138.24,1.339,48.15,64.49,89.3
2026-09-18 21:56:18,LUM-101,27.13,79.91,127.52,1.102,48.02,52.9,73.4
2026-09-18 21:56:28,LUM-101,27.19,80.13,143.1,1.463,47.83,69.97,97.5
2026-09-18 21:56:38,LUM-101,27.25,80.06,133.77,1.241,48.1,59.67,82.7
2026-09-18 21:56:48,LUM-101,27.21,79.99,134.9,1.27,48.03,61.01,84.7
2026-09-18 21:56:58,LUM-101,27.12,79.7,128.24,1.124,47.98,53.92,74.9
2026-09-18 21:57:08,LUM-101,27.19,79.83,138.77,1.359,48.2,65.48,90.6
2026-09-18 21:57:18,LUM-101,27.25,79.92,137.04,1.317,48.19,63.46,87.8
2026-09-18 21:57:28,LUM-101,27.28,80.02,137.93,1.339,48.06,64.35,89.3
2026-09-18 21:57:38,LUM-101,27.19,80.19,141.12,1.416,47.82,67.7,94.4
2026-09-18 21:57:48,LUM-101,27.14,80.49,144.6,1.479,48.16,71.23,98.6
2026-09-18 21:57:58,LUM-101,27.19,80.66,143.4,1.451,48.04,69.71,96.7
2026-09-18 21:58:08,LUM-101,27.16,80.46,129.87,1.139,48.19,54.9,75.9
2026-09-18 21:58:18,LUM-101,27.23,80.41,135.19,1.264,48.18,60.87,84.2
2026-09-18 21:58:28,LUM-101,27.23,80.19,128.22,1.115,47.85,53.37,74.4
2026-09-18 21:58:38,LUM-101,27.29,80.0,130.26,1.16,48.16,55.85,77.3
2026-09-18 21:58:48,LUM-101,27.23,79.7,125.19,1.052,48.05,50.54,70.1
2026-09-18 21:58:58,LUM-101,27.25,79.77,137.99,1.353,47.81,64.69,90.2
2026-09-18 21:59:08,LUM-101,27.3,79.71,133.91,1.251,48.13,60.23,83.4
2026-09-18 21:59:18,LUM-101,27.21,79.48,128.97,1.149,47.87,54.99,76.6
2026-09-18 21:59:28,LUM-101,27.13,79.26,127.01,1.106,47.96,53.06,73.7
2026-09-18 21:59:38,LUM-101,27.13,78.97,126.09,1.089,48.08,52.36,72.6
2026-09-18 21:59:48,LUM-101,27.28,78.95,134.26,1.278,48.09,61.45,85.2
2026-09-18 21:59:58,LUM-101,27.1,78.66,125.53,1.087,47.9,52.08,72.5
2026-09-18 22:00:08,LUM-101,27.26,78.77,137.91,1.373,47.87,65.72,91.5
2026-09-18 22:00:18,LUM-101,27.16,79.01,142.69,1.47,48.13,70.75,98.0
2026-09-18 22:00:28,LUM-101,27.12,79.16,138.48,1.373,47.99,65.91,91.6
2026-09-18 22:00:38,LUM-101,27.11,78.95,126.1,1.093,47.93,52.39,72.9
2026-09-18 22:00:48,LUM-101,27.25,78.69,125.85,1.088,48.16,52.39,72.5
2026-09-18 22:00:58,LUM-101,27.14,78.46,126.27,1.11,47.86,53.12,74.0
2026-09-18 22:01:08,LUM-101,27.09,78.36,128.85,1.171,47.92,56.1,78.0
2026-09-18 22:01:18,LUM-101,27.28,78.25,129.13,1.178,47.98,56.53,78.5
2026-09-18 22:01:28,LUM-101,27.25,78.24,130.86,1.219,47.98,58.46,81.2
2026-09-18 22:01:38,LUM-101,27.24,78.43,136.98,1.354,48.04,65.06,90.3
2026-09-18 22:01:48,LUM-101,27.09,78.19,124.41,1.074,47.83,51.35,71.6
2026-09-18 22:01:58,LUM-101,27.24,78.2,134.02,1.29,48.08,62.02,86.0
2026-09-18 22:02:08,LUM-101,27.09,77.91,123.52,1.052,48.16,50.68,70.2
2026-09-18 22:02:18,LUM-101,27.19,78.03,135.92,1.343,47.91,64.33,89.5
2026-09-18 22:02:28,LUM-101,27.19,78.08,134.64,1.308,48.02,62.84,87.2
2026-09-18 22:02:38,LUM-101,27.25,78.04,130.48,1.211,48.11,58.28,80.8
2026-09-18 22:02:48,LUM-101,27.14,78.18,135.69,1.335,47.88,63.9,89.0
2026-09-18 22:02:58,LUM-101,27.26,78.13,131.92,1.245,48.0,59.78,83.0
2026-09-18 22:03:08,LUM-101,27.25,78.25,136.66,1.347,48.19,64.9,89.8
2026-09-18 22:03:18,LUM-101,27.08,78.43,137.62,1.373,47.89,65.77,91.5
2026-09-18 22:03:28,LUM-101,27.25,78.39,132.15,1.245,47.98,59.74,83.0
2026-09-18 22:03:38,LUM-101,27.14,78.71,141.62,1.462,47.82,69.9,97.4
2026-09-18 22:03:48,LUM-101,27.21,78.59,129.59,1.177,48.13,56.66,78.5
2026-09-18 22:03:58,LUM-101,27.2,78.58,131.88,1.238,47.85,59.22,82.5
2026-09-18 22:04:08,LUM-101,27.08,78.59,133.94,1.283,47.94,61.5,85.5
2026-09-18 22:04:18,LUM-101,27.07,78.9,142.64,1.478,47.9,70.82,98.6
2026-09-18 22:04:28,LUM-101,27.11,78.94,134.55,1.289,47.93,61.79,85.9
2026-09-18 22:04:38,LUM-101,27.25,79.2,142.55,1.467,47.99,70.39,97.8
2026-09-18 22:04:48,LUM-101,27.17,79.25,135.58,1.308,47.87,62.6,87.2
2026-09-18 22:04:58,LUM-101,27.08,79.01,127.43,1.124,47.88,53.81,74.9
2026-09-18 22:05:08,LUM-101,27.07,79.0,132.24,1.23,48.11,59.16,82.0
2026-09-18 22:05:18,LUM-101,27.1,79.27,141.37,1.438,48.0,69.0,95.8
2026-09-18 22:05:28,LUM-101,27.2,79.35,138.62,1.368,48.12,65.85,91.2
2026-09-18 22:05:38,LUM-101,27.08,79.35,134.24,1.266,48.16,60.99,84.4
2026-09-18 22:05:48,LUM-101,27.21,79.3,132.95,1.239,48.12,59.61,82.6
2026-09-18 22:05:58,LUM-101,27.17,79.55,143.72,1.484,48.04,71.3,98.9
2026-09-18 22:06:08,LUM-101,27.16,79.53,133.61,1.25,48.07,60.09,83.3
2026-09-18 22:06:18,LUM-101,27.18,79.51,133.68,1.252,48.08,60.19,83.5
2026-09-18 22:06:28,LUM-101,27.17,79.57,137.26,1.334,48.06,64.11,88.9
2026-09-18 22:06:38,LUM-101,27.17,79.8,143.93,1.485,47.98,71.26,99.0
2026-09-18 22:06:48,LUM-101,27.14,79.84,137.8,1.337,48.17,64.39,89.1
2026-09-18 22:06:58,LUM-101,27.18,79.94,138.5,1.355,48.02,65.08,90.3
2026-09-18 22:07:08,LUM-101,27.1,80.08,141.61,1.423,48.04,68.36,94.9
2026-09-18 22:07:18,LUM-101,27.11,79.74,125.5,1.055,48.18,50.84,70.4
2026-09-18 22:07:28,LUM-101,27.19,79.57,131.4,1.197,48.1,57.59,79.8
2026-09-18 22:07:38,LUM-101,27.16,79.33,126.18,1.089,47.81,52.06,72.6
2026-09-18 22:07:48,LUM-101,27.18,79.41,138.43,1.365,48.03,65.57,91.0
2026-09-18 22:07:58,LUM-101,27.17,79.52,138.46,1.361,48.12,65.49,90.7
2026-09-18 22:08:08,LUM-101,27.17,79.79,144.21,1.491,48.0,71.58,99.4
2026-09-18 22:08:18,LUM-101,27.18,79.7,133.34,1.241,48.03,59.59,82.7
2026-09-18 22:08:28,LUM-101,27.15,79.4,125.25,1.058,48.15,50.94,70.5
2026-09-18 22:08:38,LUM-101,27.12,79.61,142.03,1.44,48.18,69.36,96.0
2026-09-18 22:08:48,LUM-101,27.12,79.55,133.19,1.24,48.05,59.6,82.7
2026-09-18 22:08:58,LUM-101,27.08,79.64,136.88,1.33,47.81,63.59,88.7
2026-09-18 22:09:08,LUM-101,27.07,79.51,130.45,1.18,47.97,56.6,78.7
2026-09-18 22:09:18,LUM-101,27.05,79.21,124.74,1.054,47.98,50.59,70.3
2026-09-18 22:09:28,LUM-101,27.12,79.19,133.06,1.243,48.15,59.85,82.9
2026-09-18 22:09:38,LUM-101,27.08,79.08,129.83,1.176,47.97,56.39,78.4
2026-09-18 22:09:48,LUM-101,27.15,79.28,140.2,1.407,48.11,67.68,93.8
2026-09-18 22:09:58,LUM-101,27.1,79.18,131.09,1.202,48.0,57.67,80.1
2026-09-18 22:10:08,LUM-101,27.17,78.93,126.28,1.093,48.13,52.61,72.9
2026-09-18 22:10:18,LUM-101,27.09,79.2,141.7,1.444,48.09,69.44,96.3
2026-09-18 22:10:28,LUM-101,27.07,79.18,132.63,1.234,48.14,59.39,82.2
2026-09-18 22:10:38,LUM-101,27.05,79.3,139.18,1.39,47.87,66.53,92.6
2026-09-18 22:10:48,LUM-101,27.04,79.28,134.91,1.283,48.18,61.82,85.5
2026-09-18 22:10:58,LUM-101,27.12,78.98,124.24,1.051,47.83,50.29,70.1
2026-09-18 22:11:08,LUM-101,27.14,78.84,128.39,1.151,47.85,55.06,76.7
2026-09-18 22:11:18,LUM-101,27.13,78.68,127.46,1.132,47.86,54.2,75.5
2026-09-18 22:11:28,LUM-101,27.03,78.8,137.49,1.354,48.15,65.22,90.3
2026-09-18 22:11:38,LUM-101,26.99,78.76,132.97,1.256,47.97,60.24,83.7
2026-09-18 22:11:48,LUM-101,26.99,78.64,129.71,1.182,48.0,56.74,78.8
2026-09-18 22:11:58,LUM-101,27.11,78.87,141.94,1.456,48.15,70.09,97.0
2026-09-18 22:12:08,LUM-101,27.1,78.64,125.47,1.086,47.92,52.03,72.4
2026-09-18 22:12:18,LUM-101,27.02,78.48,127.15,1.128,47.96,54.08,75.2
2026-09-18 22:12:28,LUM-101,27.04,78.8,142.86,1.482,48.02,71.18,98.8
2026-09-18 22:12:38,LUM-101,27.04,78.8,132.29,1.241,47.89,59.43,82.7
2026-09-18 22:12:48,LUM-101,27.05,78.56,125.85,1.097,47.92,52.55,73.1
2026-09-18 22:12:58,LUM-101,27.08,78.57,135.14,1.305,48.18,62.86,87.0
2026-09-18 22:13:08,LUM-101,27.07,78.75,140.23,1.423,47.99,68.31,94.9
2026-09-18 22:13:18,LUM-101,27.02,78.96,139.56,1.399,48.12,67.33,93.3
2026-09-18 22:13:28,LUM-101,27.12,79.2,141.49,1.443,47.96,69.2,96.2
2026-09-18 22:13:38,LUM-101,27.08,79.32,137.03,1.339,47.88,64.12,89.3
2026-09-18 22:13:48,LUM-101,27.0,79.55,141.83,1.444,47.91,69.2,96.3
2026-09-18 22:13:58,LUM-101,27.07,79.84,144.5,1.491,48.18,71.85,99.4
2026-09-18 22:14:08,LUM-101,26.98,79.85,136.29,1.306,48.0,62.7,87.1
2026-09-18 22:14:18,LUM-101,27.06,79.98,140.6,1.401,48.07,67.36,93.4
2026-09-18 22:14:28,LUM-101,27.01,79.78,128.89,1.141,47.82,54.57,76.1
2026-09-18 22:14:38,LUM-101,27.04,79.78,136.53,1.318,47.85,63.06,87.9
2026-09-18 22:14:48,LUM-101,27.08,79.44,125.69,1.066,48.2,51.39,71.1
2026-09-18 22:14:58,LUM-101,27.04,79.21,128.88,1.153,47.85,55.19,76.9
2026-09-18 22:15:08,LUM-101,27.06,79.3,137.58,1.353,47.85,64.75,90.2
2026-09-18 22:15:18,LUM-101,27.07,79.4,138.45,1.366,48.04,65.6,91.0
2026-09-18 22:15:28,LUM-101,27.03,79.21,128.52,1.144,47.9,54.78,76.2
2026-09-18 22:15:38,LUM-101,26.97,79.09,129.24,1.156,48.2,55.72,77.1
2026-09-18 22:15:48,LUM-101,27.07,79.14,136.29,1.318,48.19,63.5,87.8
2026-09-18 22:15:58,LUM-101,27.11,79.3,139.13,1.38,48.19,66.48,92.0
2026-09-18 22:16:08,LUM-101,26.95,79.26,132.74,1.235,48.11,59.43,82.3
2026-09-18 22:16:18,LUM-101,27.02,79.22,134.83,1.289,47.93,61.79,85.9
2026-09-18 22:16:28,LUM-101,26.95,79.35,138.94,1.381,47.95,66.21,92.0
2026-09-18 22:16:38,LUM-101,26.95,79.45,138.64,1.375,47.82,65.77,91.7
2026-09-18 22:16:48,LUM-101,26.99,79.4,132.59,1.236,47.8,59.1,82.4
2026-09-18 22:16:58,LUM-101,26.98,79.66,144.48,1.498,48.09,72.02,99.8
2026-09-18 22:17:08,LUM-101,27.12,79.48,128.43,1.135,47.94,54.39,75.6
2026-09-18 22:17:18,LUM-101,27.08,79.4,133.42,1.249,48.04,60.02,83.3
2026-09-18 22:17:28,LUM-101,27.0,79.63,142.13,1.442,48.17,69.44,96.1
2026-09-18 22:17:38,LUM-101,27.04,79.78,139.12,1.374,48.0,65.94,91.6
2026-09-18 22:17:48,LUM-101,27.04,79.87,139.09,1.369,48.07,65.8,91.3
2026-09-18 22:17:58,LUM-101,26.98,79.61,128.78,1.14,47.93,54.63,76.0
2026-09-18 22:18:08,LUM-101,27.12,79.37,127.69,1.119,48.0,53.69,74.6
2026-09-18 22:18:18,LUM-101,27.02,79.22,130.15,1.183,47.84,56.58,78.9
2026-09-18 22:18:28,LUM-101,27.09,79.06,130.49,1.192,47.95,57.14,79.4
2026-09-18 22:18:38,LUM-101,27.08,78.76,124.42,1.061,47.82,50.73,70.7
2026-09-18 22:18:48,LUM-101,27.01,78.81,135.44,1.312,47.97,62.93,87.5
2026-09-18 22:18:58,LUM-101,27.05,78.94,139.33,1.395,48.11,67.1,93.0
2026-09-18 22:19:08,LUM-101,26.93,79.17,140.76,1.425,48.03,68.42,95.0
2026-09-18 22:19:18,LUM-101,26.98,79.18,134.17,1.272,48.04,61.1,84.8
2026-09-18 22:19:28,LUM-101,27.04,79.46,143.52,1.478,48.15,71.18,98.5
2026-09-18 22:19:38,LUM-101,26.92,79.39,131.91,1.219,47.86,58.36,81.3
2026-09-18 22:19:48,LUM-101,27.04,79.51,138.76,1.367,48.15,65.83,91.1
2026-09-18 22:19:58,LUM-101,27.0,79.28,127.68,1.124,47.84,53.78,75.0
2026-09-18 22:20:08,LUM-101,27.06,79.18,132.58,1.237,47.95,59.34,82.5
2026-09-18 22:20:18,LUM-101,27.06,78.88,125.53,1.082,47.89,51.83,72.2
2026-09-18 22:20:28,LUM-101,26.97,79.19,144.04,1.499,48.07,72.06,99.9
2026-09-18 22:20:38,LUM-101,26.99,79.23,136.59,1.331,47.9,63.73,88.7
2026-09-18 22:20:48,LUM-101,27.06,79.01,127.92,1.128,48.16,54.34,75.2
2026-09-18 22:20:58,LUM-101,27.03,79.09,135.89,1.312,48.12,63.12,87.4
2026-09-18 22:21:08,LUM-101,26.9,78.81,125.01,1.068,48.07,51.33,71.2
2026-09-18 22:21:18,LUM-101,27.08,78.67,127.88,1.14,47.97,54.68,76.0
2026-09-18 22:21:28,LUM-101,26.93,78.89,140.58,1.423,48.18,68.55,94.9
2026-09-18 22:21:38,LUM-101,27.03,79.17,143.17,1.479,48.08,71.11,98.6
2026-09-18 22:21:48,LUM-101,27.08,79.36,140.35,1.412,48.0,67.77,94.1
2026-09-18 22:21:58,LUM-101,27.06,79.08,127.27,1.114,48.05,53.55,74.3
2026-09-18 22:22:08,LUM-101,26.9,78.99,131.47,1.211,48.16,58.31,80.7
2026-09-18 22:22:18,LUM-101,26.98,79.24,142.6,1.461,48.18,70.4,97.4
2026-09-18 22:22:28,LUM-101,27.02,79.3,136.53,1.324,48.04,63.59,88.3
2026-09-18 22:22:38,LUM-101,27.04,79.56,143.32,1.473,48.09,70.85,98.2
2026-09-18 22:22:48,LUM-101,26.89,79.31,127.51,1.117,47.93,53.56,74.5
2026-09-18 22:22:58,LUM-101,26.91,79.13,130.04,1.18,47.93,56.57,78.7
2026-09-18 22:23:08,LUM-101,26.94,79.14,134.41,1.275,48.16,61.41,85.0
2026-09-18 22:23:18,LUM-101,26.95,78.92,126.56,1.102,48.04,52.94,73.5
2026-09-18 22:23:28,LUM-101,26.92,79.14,142.22,1.46,47.99,70.08,97.4
2026-09-18 22:23:38,LUM-101,26.89,79.35,140.48,1.413,48.06,67.93,94.2
2026-09-18 22:23:48,LUM-101,26.88,79.66,144.43,1.493,48.2,71.97,99.6
2026-09-18 22:23:58,LUM-101,27.06,79.79,139.6,1.382,48.08,66.45,92.1
2026-09-18 22:24:08,LUM-101,27.06,79.86,138.0,1.341,48.19,64.6,89.4
2026-09-18 22:24:18,LUM-101,26.88,79.55,126.47,1.088,47.91,52.13,72.6
2026-09-18 22:24:28,LUM-101,26.95,79.59,135.71,1.303,47.84,62.36,86.9
2026-09-18 22:24:38,LUM-101,26.94,79.78,141.74,1.43,48.13,68.84,95.3
2026-09-18 22:24:48,LUM-101,26.93,79.51,126.68,1.089,48.11,52.41,72.6
2026-09-18 22:24:58,LUM-101,26.91,79.39,129.98,1.176,47.8,56.21,78.4
2026-09-18 22:25:08,LUM-101,26.98,79.43,137.62,1.347,48.01,64.66,89.8
2026-09-18 22:25:18,LUM-101,26.97,79.24,127.76,1.123,48.02,53.92,74.9
2026-09-18 22:25:28,LUM-101,26.96,79.12,130.68,1.195,47.96,57.29,79.6
2026-09-18 22:25:38,LUM-101,26.98,78.92,126.63,1.109,47.8,53.01,73.9
2026-09-18 22:25:48,LUM-101,26.9,78.82,129.52,1.177,47.86,56.34,78.5
2026-09-18 22:25:58,LUM-101,26.93,78.68,128.18,1.148,47.9,55.0,76.6
2026-09-18 22:26:08,LUM-101,27.03,78.89,140.0,1.413,48.06,67.91,94.2
2026-09-18 22:26:18,LUM-101,26.94,78.98,138.37,1.371,48.11,65.98,91.4
2026-09-18 22:26:28,LUM-101,26.86,78.91,132.17,1.231,48.08,59.19,82.1
2026-09-18 22:26:38,LUM-101,27.0,78.74,128.52,1.153,47.96,55.32,76.9
2026-09-18 22:26:48,LUM-101,26.9,78.91,138.85,1.387,48.02,66.6,92.5
2026-09-18 22:26:58,LUM-101,26.87,78.66,126.39,1.108,47.85,53.04,73.9
2026-09-18 22:27:08,LUM-101,26.93,78.86,141.22,1.445,47.96,69.28,96.3
2026-09-18 22:27:18,LUM-101,26.86,78.64,126.9,1.12,47.89,53.62,74.6
2026-09-18 22:27:28,LUM-101,26.98,78.65,133.06,1.256,48.13,60.46,83.7
2026-09-18 22:27:38,LUM-101,27.03,78.78,138.67,1.391,47.83,66.55,92.8
2026-09-18 22:27:48,LUM-101,26.99,78.58,126.86,1.113,48.18,53.65,74.2
2026-09-18 22:27:58,LUM-101,27.01,78.56,133.45,1.274,47.88,60.99,84.9
2026-09-18 22:28:08,LUM-101,26.9,78.63,136.82,1.348,47.96,64.66,89.9
2026-09-18 22:28:18,LUM-101,26.89,78.52,130.07,1.193,48.01,57.28,79.5
2026-09-18 22:28:28,LUM-101,26.84,78.64,138.07,1.376,47.97,66.03,91.8
2026-09-18 22:28:38,LUM-101,26.95,78.4,124.57,1.073,47.82,51.31,71.5
2026-09-18 22:28:48,LUM-101,26.89,78.56,139.07,1.402,47.96,67.24,93.5
2026-09-18 22:28:58,LUM-101,26.9,78.45,130.44,1.207,47.85,57.76,80.5
2026-09-18 22:29:08,LUM-101,26.88,78.42,132.82,1.26,47.97,60.44,84.0
2026-09-18 22:29:18,LUM-101,26.86,78.51,135.18,1.314,47.93,62.96,87.6
2026-09-18 22:29:28,LUM-101,26.83,78.43,131.5,1.227,48.06,58.97,81.8
2026-09-18 22:29:38,LUM-101,26.87,78.46,133.63,1.275,48.08,61.3,85.0
2026-09-18 22:29:48,LUM-101,26.99,78.37,129.74,1.186,48.11,57.07,79.1
2026-09-18 22:29:58,LUM-101,26.86,78.26,129.55,1.184,48.13,56.99,78.9
2026-09-18 22:30:08,LUM-101,26.88,78.31,135.51,1.319,48.17,63.56,88.0
2026-09-18 22:30:18,LUM-101,26.97,78.03,124.23,1.066,48.16,51.33,71.1
2026-09-18 22:30:28,LUM-101,26.89,78.32,141.22,1.457,47.98,69.89,97.1
2026-09-18 22:30:38,LUM-101,26.93,78.36,132.69,1.253,48.18,60.36,83.5
2026-09-18 22:30:48,LUM-101,26.83,78.15,124.6,1.073,48.1,51.6,71.5
2026-09-18 22:30:58,LUM-101,26.82,78.1,131.2,1.229,47.99,59.0,82.0
2026-09-18 22:31:08,LUM-101,26.87,78.1,133.53,1.288,47.82,61.59,85.9
2026-09-18 22:31:18,LUM-101,26.82,77.86,124.54,1.082,47.94,51.87,72.1
2026-09-18 22:31:28,LUM-101,26.9,78.12,140.54,1.44,48.18,69.36,96.0
2026-09-18 22:31:38,LUM-101,26.87,78.3,138.7,1.396,48.1,67.12,93.0
2026-09-18 22:31:48,LUM-101,26.82,78.38,133.92,1.287,47.96,61.71,85.8
2026-09-18 22:31:58,LUM-101,26.91,78.53,137.61,1.363,48.16,65.64,90.9
2026-09-18 22:32:08,LUM-101,26.95,78.27,124.19,1.066,47.84,51.02,71.1
2026-09-18 22:32:18,LUM-101,26.83,78.15,130.29,1.208,47.96,57.93,80.5
2026-09-18 22:32:28,LUM-101,26.96,78.33,137.08,1.359,48.03,65.27,90.6
2026-09-18 22:32:38,LUM-101,26.94,78.41,135.92,1.333,47.94,63.9,88.9
2026-09-18 22:32:48,LUM-101,26.89,78.61,138.88,1.392,48.12,66.97,92.8
2026-09-18 22:32:58,LUM-101,26.79,78.36,124.04,1.061,47.86,50.75,70.7
2026-09-18 22:33:08,LUM-101,26.92,78.34,132.38,1.246,48.18,60.05,83.1
2026-09-18 22:33:18,LUM-101,26.94,78.41,133.67,1.275,48.15,61.39,85.0
2026-09-18 22:33:28,LUM-101,26.83,78.15,124.65,1.078,47.94,51.67,71.9
2026-09-18 22:33:38,LUM-101,26.93,77.93,123.89,1.068,47.81,51.06,71.2
2026-09-18 22:33:48,LUM-101,26.82,77.69,123.95,1.067,48.2,51.4,71.1
2026-09-18 22:33:58,LUM-101,26.96,77.58,127.92,1.168,47.92,55.94,77.8
2026-09-18 22:34:08,LUM-101,26.83,77.54,130.32,1.218,48.16,58.64,81.2
2026-09-18 22:34:18,LUM-101,26.8,77.36,125.94,1.123,48.06,53.97,74.9
2026-09-18 22:34:28,LUM-101,26.79,77.63,139.53,1.432,48.02,68.78,95.5
2026-09-18 22:34:38,LUM-101,26.87,77.65,131.35,1.248,47.81,59.66,83.2
2026-09-18 22:34:48,LUM-101,26.77,77.74,134.37,1.314,47.89,62.93,87.6
2026-09-18 22:34:58,LUM-101,26.81,77.53,125.86,1.121,47.9,53.7,74.7
2026-09-18 22:35:08,LUM-101,26.9,77.56,131.82,1.254,48.09,60.29,83.6
2026-09-18 22:35:18,LUM-101,26.9,77.37,125.98,1.126,47.96,54.01,75.1
2026-09-18 22:35:28,LUM-101,26.88,77.71,141.89,1.483,48.09,71.31,98.9
2026-09-18 22:35:38,LUM-101,26.94,77.57,126.19,1.128,47.88,54.03,75.2
2026-09-18 22:35:48,LUM-101,26.86,77.72,135.46,1.34,47.88,64.15,89.3
2026-09-18 22:35:58,LUM-101,26.9,77.87,135.92,1.341,48.09,64.5,89.4
2026-09-18 22:36:08,LUM-101,26.94,77.97,134.47,1.305,48.11,62.78,87.0
2026-09-18 22:36:18,LUM-101,26.8,77.83,127.29,1.145,47.99,54.95,76.3
2026-09-18 22:36:28,LUM-101,26.75,78.04,137.52,1.372,48.18,66.08,91.4
2026-09-18 22:36:38,LUM-101,26.85,78.37,142.55,1.489,47.87,71.31,99.3
2026-09-18 22:36:48,LUM-101,26.87,78.42,133.21,1.273,47.82,60.87,84.9
2026-09-18 22:36:58,LUM-101,26.84,78.73,141.69,1.457,48.0,69.95,97.2
2026-09-18 22:37:08,LUM-101,26.79,78.76,136.22,1.335,47.81,63.84,89.0
2026-09-18 22:37:18,LUM-101,26.81,78.71,132.83,1.256,47.87,60.13,83.7
2026-09-18 22:37:28,LUM-101,26.74,78.71,133.11,1.262,47.91,60.45,84.1
2026-09-18 22:37:38,LUM-101,26.91,78.61,129.74,1.184,48.0,56.82,78.9
2026-09-18 22:37:48,LUM-101,26.92,78.66,136.37,1.338,47.93,64.13,89.2
2026-09-18 22:37:58,LUM-101,26.89,78.42,124.68,1.074,47.85,51.4,71.6
2026-09-18 22:38:08,LUM-101,26.76,78.32,128.91,1.172,47.97,56.21,78.1
2026-09-18 22:38:18,LUM-101,26.92,78.56,139.31,1.406,48.02,67.5,93.7
2026-09-18 22:38:28,LUM-101,26.85,78.29,125.57,1.09,48.19,52.53,72.7
2026-09-18 22:38:38,LUM-101,26.85,78.18,127.71,1.142,48.17,55.03,76.2
2026-09-18 22:38:48,LUM-101,26.76,78.55,143.33,1.496,48.1,71.98,99.8
2026-09-18 22:38:58,LUM-101,26.78,78.68,138.39,1.38,48.09,66.34,92.0
2026-09-18 22:39:08,LUM-101,26.75,78.95,142.74,1.48,47.89,70.88,98.7
2026-09-18 22:39:18,LUM-101,26.87,78.74,126.49,1.104,48.03,53.05,73.6
2026-09-18 22:39:28,LUM-101,26.84,78.93,138.96,1.393,47.87,66.7,92.9
2026-09-18 22:39:38,LUM-101,26.74,79.02,137.43,1.357,47.83,64.9,90.5
2026-09-18 22:39:48,LUM-101,26.86,78.8,127.55,1.132,47.85,54.16,75.5
2026-09-18 22:39:58,LUM-101,26.85,79.1,143.63,1.497,47.9,71.7,99.8
2026-09-18 22:40:08,LUM-101,26.79,79.06,132.84,1.241,48.15,59.75,82.7
2026-09-18 22:40:18,LUM-101,26.87,78.94,131.1,1.204,48.12,57.95,80.3
2026-09-18 22:40:28,LUM-101,26.87,78.75,127.53,1.132,47.88,54.19,75.5
2026-09-18 22:40:38,LUM-101,26.79,78.68,130.2,1.188,48.19,57.24,79.2
2026-09-18 22:40:48,LUM-101,26.77,78.83,137.28,1.349,48.15,64.95,89.9
2026-09-18 22:40:58,LUM-101,26.85,78.62,128.69,1.163,47.82,55.63,77.6
2026-09-18 22:41:08,LUM-101,26.71,78.74,138.39,1.375,48.2,66.28,91.7
2026-09-18 22:41:18,LUM-101,26.75,78.61,129.61,1.18,48.03,56.66,78.7
2026-09-18 22:41:28,LUM-101,26.86,78.3,123.69,1.051,47.98,50.44,70.1
2026-09-18 22:41:38,LUM-101,26.82,78.59,142.81,1.485,48.06,71.35,99.0
2026-09-18 22:41:48,LUM-101,26.85,78.63,135.98,1.331,47.86,63.72,88.8
2026-09-18 22:41:58,LUM-101,26.69,78.42,127.79,1.142,48.05,54.85,76.1
2026-09-18 22:42:08,LUM-101,26.72,78.23,126.89,1.124,48.09,54.06,74.9
2026-09-18 22:42:18,LUM-101,26.71,78.12,127.89,1.148,48.16,55.3,76.6
2026-09-18 22:42:28,LUM-101,26.82,77.97,126.91,1.136,47.87,54.38,75.7
2026-09-18 22:42:38,LUM-101,26.7,78.14,137.25,1.367,48.04,65.67,91.1
2026-09-18 22:42:48,LUM-101,26.86,78.21,133.17,1.272,48.0,61.06,84.8
2026-09-18 22:42:58,LUM-101,26.86,78.13,130.72,1.219,47.94,58.44,81.3
2026-09-18 22:43:08,LUM-101,26.75,78.3,137.2,1.366,47.92,65.45,91.0
2026-09-18 22:43:18,LUM-101,26.78,78.41,135.09,1.308,48.14,62.98,87.2
2026-09-18 22:43:28,LUM-101,26.75,78.32,128.94,1.173,47.95,56.24,78.2
2026-09-18 22:43:38,LUM-101,26.68,78.52,138.41,1.386,48.01,66.54,92.4
2026-09-18 22:43:48,LUM-101,26.69,78.32,125.34,1.085,48.14,52.25,72.4
2026-09-18 22:43:58,LUM-101,26.76,78.46,139.1,1.409,47.81,67.38,94.0
2026-09-18 22:44:08,LUM-101,26.75,78.47,132.18,1.238,48.19,59.68,82.6
2026-09-18 22:44:18,LUM-101,26.8,78.27,126.32,1.115,47.89,53.39,74.3
2026-09-18 22:44:28,LUM-101,26.83,78.16,129.51,1.189,47.99,57.06,79.3
2026-09-18 22:44:38,LUM-101,26.7,78.02,127.94,1.156,47.97,55.47,77.1
2026-09-18 22:44:48,LUM-101,26.83,77.83,125.52,1.108,47.84,52.98,73.8
2026-09-18 22:44:58,LUM-101,26.74,78.09,141.01,1.458,47.95,69.91,97.2
2026-09-18 22:45:08,LUM-101,26.67,77.86,123.58,1.054,48.18,50.8,70.3
2026-09-18 22:45:18,LUM-101,26.78,77.58,123.37,1.061,47.97,50.88,70.7
2026-09-18 22:45:28,LUM-101,26.79,77.55,129.52,1.202,48.02,57.74,80.2
2026-09-18 22:45:38,LUM-101,26.84,77.33,123.12,1.058,48.08,50.87,70.5
2026-09-18 22:45:48,LUM-101,26.77,77.43,134.8,1.328,48.01,63.75,88.5
2026-09-18 22:45:58,LUM-101,26.82,77.39,129.25,1.197,48.13,57.62,79.8
2026-09-18 22:46:08,LUM-101,26.72,77.43,133.28,1.29,48.12,62.05,86.0
2026-09-18 22:46:18,LUM-101,26.67,77.38,128.68,1.184,48.16,57.0,78.9
2026-09-18 22:46:28,LUM-101,26.79,77.63,138.56,1.411,47.97,67.7,94.1
2026-09-18 22:46:38,LUM-101,26.83,77.71,135.29,1.333,47.98,63.97,88.9
2026-09-18 22:46:48,LUM-101,26.69,77.59,129.25,1.198,47.93,57.4,79.8
2026-09-18 22:46:58,LUM-101,26.76,77.35,124.26,1.085,48.03,52.12,72.4
2026-09-18 22:47:08,LUM-101,26.75,77.52,135.34,1.34,47.93,64.24,89.4
2026-09-18 22:47:18,LUM-101,26.72,77.36,126.2,1.126,48.17,54.27,75.1
2026-09-18 22:47:28,LUM-101,26.77,77.33,130.17,1.228,47.81,58.71,81.9
2026-09-18 22:47:38,LUM-101,26.63,77.33,132.27,1.276,47.84,61.05,85.1
2026-09-18 22:47:48,LUM-101,26.77,77.65,139.87,1.446,47.8,69.13,96.4
2026-09-18 22:47:58,LUM-101,26.73,77.59,130.25,1.214,48.18,58.51,81.0
2026-09-18 22:48:08,LUM-101,26.66,77.54,130.73,1.234,47.88,59.1,82.3
2026-09-18 22:48:18,LUM-101,26.8,77.44,128.18,1.172,48.12,56.38,78.1
2026-09-18 22:48:28,LUM-101,26.64,77.8,142.08,1.484,48.13,71.42,98.9
2026-09-18 22:48:38,LUM-101,26.79,77.81,133.19,1.287,47.8,61.53,85.8
2026-09-18 22:48:48,LUM-101,26.68,78.12,141.35,1.46,48.13,70.26,97.3
2026-09-18 22:48:58,LUM-101,26.73,78.26,138.56,1.391,48.18,67.0,92.7
2026-09-18 22:49:08,LUM-101,26.62,78.14,129.59,1.194,47.89,57.17,79.6
2026-09-18 22:49:18,LUM-101,26.74,78.3,137.26,1.367,47.92,65.5,91.1
2026-09-18 22:49:28,LUM-101,26.67,78.42,137.89,1.379,47.92,66.08,91.9
2026-09-18 22:49:38,LUM-101,26.75,78.23,126.79,1.122,48.09,53.95,74.8
2026-09-18 22:49:48,LUM-101,26.78,78.22,131.38,1.23,48.01,59.06,82.0
2026-09-18 22:49:58,LUM-101,26.75,78.36,136.96,1.358,47.95,65.11,90.5
2026-09-18 22:50:08,LUM-101,26.67,78.38,132.53,1.254,47.98,60.17,83.6
2026-09-18 22:50:18,LUM-101,26.6,78.12,123.9,1.056,48.16,50.86,70.4
2026-09-18 22:50:28,LUM-101,26.64,77.87,124.83,1.089,47.93,52.18,72.6
2026-09-18 22:50:38,LUM-101,26.78,78.16,140.6,1.444,48.03,69.37,96.3
2026-09-18 22:50:48,LUM-101,26.73,77.94,124.11,1.071,47.9,51.31,71.4
2026-09-18 22:50:58,LUM-101,26.59,78.15,139.69,1.425,47.97,68.38,95.0
2026-09-18 22:51:08,LUM-101,26.67,78.26,135.13,1.319,47.91,63.19,87.9
2026-09-18 22:51:18,LUM-101,26.72,78.35,135.44,1.319,48.08,63.43,87.9
2026-09-18 22:51:28,LUM-101,26.61,78.2,127.65,1.143,48.05,54.95,76.2
2026-09-18 22:51:38,LUM-101,26.68,78.37,136.85,1.358,47.85,64.97,90.5
2026-09-18 22:51:48,LUM-101,26.71,78.21,126.08,1.11,47.91,53.2,74.0
2026-09-18 22:51:58,LUM-101,26.63,78.48,141.42,1.454,48.11,69.93,96.9
2026-09-18 22:52:08,LUM-101,26.64,78.42,131.52,1.227,48.08,59.0,81.8
2026-09-18 22:52:18,LUM-101,26.65,78.22,126.13,1.105,48.2,53.23,73.6
2026-09-18 22:52:28,LUM-101,26.64,78.38,136.96,1.361,47.82,65.09,90.7
2026-09-18 22:52:38,LUM-101,26.66,78.05,123.53,1.05,48.1,50.53,70.0
2026-09-18 22:52:48,LUM-101,26.57,77.75,123.52,1.061,47.91,50.86,70.8
2026-09-18 22:52:58,LUM-101,26.63,77.54,125.79,1.116,48.06,53.61,74.4
2026-09-18 22:53:08,LUM-101,26.67,77.71,136.5,1.366,47.84,65.33,91.0
2026-09-18 22:53:18,LUM-101,26.69,77.88,138.24,1.4,47.9,67.07,93.4
2026-09-18 22:53:28,LUM-101,26.64,78.09,138.76,1.409,47.85,67.41,93.9
2026-09-18 22:53:38,LUM-101,26.65,78.3,139.4,1.414,48.0,67.89,94.3
2026-09-18 22:53:48,LUM-101,26.59,78.14,127.51,1.145,47.93,54.86,76.3
2026-09-18 22:53:58,LUM-101,26.56,77.89,125.93,1.114,47.91,53.38,74.3
2026-09-18 22:54:08,LUM-101,26.68,77.66,123.6,1.066,47.87,51.05,71.1
2026-09-18 22:54:18,LUM-101,26.74,77.55,129.18,1.198,47.89,57.37,79.9
2026-09-18 22:54:28,LUM-101,26.6,77.68,136.72,1.37,47.88,65.6,91.3
2026-09-18 22:54:38,LUM-101,26.67,77.42,124.07,1.078,48.07,51.84,71.9
2026-09-18 22:54:48,LUM-101,26.65,77.43,132.11,1.261,48.19,60.76,84.1
2026-09-18 22:54:58,LUM-101,26.59,77.44,132.96,1.285,48.01,61.69,85.7
2026-09-18 22:55:08,LUM-101,26.63,77.34,127.87,1.17,47.97,56.14,78.0
2026-09-18 22:55:18,LUM-101,26.66,77.52,138.42,1.406,48.13,67.67,93.7
2026-09-18 22:55:28,LUM-101,26.73,77.67,136.23,1.357,47.95,65.07,90.5
2026-09-18 22:55:38,LUM-101,26.67,77.52,127.87,1.167,47.92,55.94,77.8
2026-09-18 22:55:48,LUM-101,26.6,77.86,142.14,1.493,47.85,71.42,99.5
2026-09-18 22:55:58,LUM-101,26.69,77.55,123.51,1.061,48.13,51.07,70.7
2026-09-18 22:56:08,LUM-101,26.57,77.84,140.49,1.446,48.15,69.61,96.4
2026-09-18 22:56:18,LUM-101,26.66,77.66,126.42,1.127,48.08,54.18,75.1
2026-09-18 22:56:28,LUM-101,26.66,77.73,133.32,1.29,47.89,61.77,86.0
2026-09-18 22:56:38,LUM-101,26.7,77.96,138.08,1.388,48.12,66.8,92.5
2026-09-18 22:56:48,LUM-101,26.64,77.72,125.92,1.117,47.94,53.56,74.5
2026-09-18 22:56:58,LUM-101,26.62,77.87,135.07,1.327,47.91,63.56,88.4
2026-09-18 22:57:08,LUM-101,26.52,77.94,135.19,1.329,47.88,63.62,88.6
2026-09-18 22:57:18,LUM-101,26.62,78.22,140.53,1.445,47.9,69.23,96.4
2026-09-18 22:57:28,LUM-101,26.62,78.04,127.35,1.143,47.93,54.79,76.2
2026-09-18 22:57:38,LUM-101,26.55,78.04,131.34,1.235,47.96,59.22,82.3
2026-09-18 22:57:48,LUM-101,26.64,78.05,132.79,1.269,47.92,60.82,84.6
2026-09-18 22:57:58,LUM-101,26.65,77.78,123.29,1.057,47.86,50.57,70.4
2026-09-18 22:58:08,LUM-101,26.71,78.07,142.73,1.491,48.2,71.85,99.4
2026-09-18 22:58:18,LUM-101,26.57,77.8,124.19,1.07,48.15,51.54,71.4
2026-09-18 22:58:28,LUM-101,26.51,77.93,137.66,1.386,47.88,66.36,92.4
2026-09-18 22:58:38,LUM-101,26.66,77.96,131.86,1.251,47.88,59.89,83.4
2026-09-18 22:58:48,LUM-101,26.51,78.07,136.33,1.346,48.11,64.74,89.7
2026-09-18 22:58:58,LUM-101,26.58,78.09,133.42,1.285,47.86,61.48,85.6
2026-09-18 22:59:08,LUM-101,26.53,78.04,132.17,1.254,47.95,60.15,83.6
2026-09-18 22:59:18,LUM-101,26.53,77.94,130.59,1.219,48.01,58.5,81.2
2026-09-18 22:59:28,LUM-101,26.5,77.9,129.77,1.196,48.18,57.63,79.7
2026-09-18 22:59:38,LUM-101,26.6,77.85,129.26,1.192,47.94,57.13,79.4
2026-09-18 22:59:48,LUM-101,26.56,77.75,127.82,1.163,47.83,55.63,77.5
2026-09-18 22:59:58,LUM-101,26.57,78.08,142.71,1.498,47.92,71.8,99.9
2026-09-18 23:00:08,LUM-101,26.61,76.38,76.38,0.0,48.17,0.0,0.0
2026-09-18 23:00:18,LUM-101,26.62,74.69,74.69,0.0,48.19,0.0,0.0
2026-09-18 23:00:28,LUM-101,26.66,73.3,79.78,0.15,48.04,7.21,10.0
2026-09-18 23:00:38,LUM-101,26.62,71.7,71.7,0.0,48.1,0.0,0.0
2026-09-18 23:00:48,LUM-101,26.63,70.39,76.85,0.15,47.85,7.18,10.0
2026-09-18 23:00:58,LUM-101,26.48,68.96,68.96,0.0,47.84,0.0,0.0
2026-09-18 23:01:08,LUM-101,26.63,67.71,74.2,0.15,48.1,7.22,10.0
2026-09-18 23:01:18,LUM-101,26.65,66.3,66.3,0.0,47.87,0.0,0.0
2026-09-18 23:01:28,LUM-101,26.58,65.0,65.0,0.0,48.01,0.0,0.0
2026-09-18 23:01:38,LUM-101,26.66,63.91,70.42,0.15,48.2,7.23,10.0
2026-09-18 23:01:48,LUM-101,26.66,62.85,69.31,0.15,47.83,7.18,10.0
2026-09-18 23:01:58,LUM-101,26.5,61.82,68.32,0.15,48.15,7.22,10.0
2026-09-18 23:02:08,LUM-101,26.64,60.88,67.36,0.15,47.99,7.2,10.0
2026-09-18 23:02:18,LUM-101,26.64,59.69,59.69,0.0,48.07,0.0,0.0
2026-09-18 23:02:28,LUM-101,26.5,58.75,65.21,0.15,47.86,7.18,10.0
2026-09-18 23:02:38,LUM-101,26.58,57.7,57.7,0.0,48.19,0.0,0.0
2026-09-18 23:02:48,LUM-101,26.54,56.83,63.32,0.15,48.04,7.21,10.0
2026-09-18 23:02:58,LUM-101,26.6,56.03,62.53,0.15,48.13,7.22,10.0
2026-09-18 23:03:08,LUM-101,26.46,55.21,61.7,0.15,48.08,7.21,10.0
2026-09-18 23:03:18,LUM-101,26.59,54.5,60.97,0.15,47.94,7.19,10.0
2026-09-18 23:03:28,LUM-101,26.51,53.61,53.61,0.0,48.17,0.0,0.0
2026-09-18 23:03:38,LUM-101,26.63,52.93,59.4,0.15,47.97,7.2,10.0
2026-09-18 23:03:48,LUM-101,26.46,52.02,52.02,0.0,47.93,0.0,0.0
2026-09-18 23:03:58,LUM-101,26.63,51.19,51.19,0.0,48.02,0.0,0.0
2026-09-18 23:04:08,LUM-101,26.48,50.39,50.39,0.0,48.15,0.0,0.0
2026-09-18 23:04:18,LUM-101,26.52,49.76,56.24,0.15,48.02,7.2,10.0
2026-09-18 23:04:28,LUM-101,26.58,49.22,55.68,0.15,47.82,7.17,10.0
2026-09-18 23:04:38,LUM-101,26.57,48.43,48.43,0.0,47.97,0.0,0.0
2026-09-18 23:04:48,LUM-101,26.6,47.89,54.38,0.15,48.05,7.21,10.0
2026-09-18 23:04:58,LUM-101,26.49,47.4,53.86,0.15,47.84,7.18,10.0
2026-09-18 23:05:08,LUM-101,26.48,46.75,46.75,0.0,48.1,0.0,0.0
2026-09-18 23:05:18,LUM-101,26.59,46.05,46.05,0.0,47.93,0.0,0.0
2026-09-18 23:05:28,LUM-101,26.49,45.38,45.38,0.0,47.92,0.0,0.0
2026-09-18 23:05:38,LUM-101,26.51,44.99,51.46,0.15,47.9,7.18,10.0
2026-09-18 23:05:48,LUM-101,26.48,44.33,44.33,0.0,48.04,0.0,0.0
2026-09-18 23:05:58,LUM-101,26.61,43.78,43.78,0.0,48.1,0.0,0.0
2026-09-18 23:06:08,LUM-101,26.49,43.43,49.89,0.15,47.85,7.18,10.0
2026-09-18 23:06:18,LUM-101,26.55,42.83,42.83,0.0,47.92,0.0,0.0
2026-09-18 23:06:28,LUM-101,26.59,42.51,48.96,0.15,47.82,7.17,10.0
2026-09-18 23:06:38,LUM-101,26.47,42.13,48.61,0.15,48.03,7.2,10.0
2026-09-18 23:06:48,LUM-101,26.45,41.84,48.33,0.15,48.11,7.22,10.0
2026-09-18 23:06:58,LUM-101,26.46,41.57,48.04,0.15,47.95,7.19,10.0
2026-09-18 23:07:08,LUM-101,26.42,41.02,41.02,0.0,48.11,0.0,0.0
2026-09-18 23:07:18,LUM-101,26.53,40.77,47.27,0.15,48.15,7.22,10.0
2026-09-18 23:07:28,LUM-101,26.5,40.51,47.0,0.15,48.06,7.21,10.0
2026-09-18 23:07:38,LUM-101,26.44,40.24,46.72,0.15,48.05,7.21,10.0
2026-09-18 23:07:48,LUM-101,26.56,39.96,46.42,0.15,47.88,7.18,10.0
2026-09-18 23:07:58,LUM-101,26.42,39.54,39.54,0.0,47.93,0.0,0.0
2026-09-18 23:08:08,LUM-101,26.57,39.28,45.76,0.15,48.02,7.2,10.0
2026-09-18 23:08:18,LUM-101,26.58,39.07,45.56,0.15,48.05,7.21,10.0
2026-09-18 23:08:28,LUM-101,26.49,38.61,38.61,0.0,47.99,0.0,0.0
2026-09-18 23:08:38,LUM-101,26.47,38.41,44.9,0.15,48.08,7.21,10.0
2026-09-18 23:08:48,LUM-101,26.58,38.05,38.05,0.0,47.95,0.0,0.0
2026-09-18 23:08:58,LUM-101,26.41,37.67,37.67,0.0,48.08,0.0,0.0
2026-09-18 23:09:08,LUM-101,26.58,37.47,43.97,0.15,48.16,7.22,10.0
2026-09-18 23:09:18,LUM-101,26.44,37.12,37.12,0.0,47.85,0.0,0.0
2026-09-18 23:09:28,LUM-101,26.49,36.77,36.77,0.0,47.94,0.0,0.0
2026-09-18 23:09:38,LUM-101,26.4,36.64,43.14,0.15,48.09,7.21,10.0
2026-09-18 23:09:48,LUM-101,26.47,36.46,42.93,0.15,47.97,7.2,10.0
2026-09-18 23:09:58,LUM-101,26.55,36.16,36.16,0.0,48.0,0.0,0.0
2026-09-18 23:10:08,LUM-101,26.57,35.88,35.88,0.0,48.07,0.0,0.0
2026-09-18 23:10:18,LUM-101,26.53,35.58,35.58,0.0,47.99,0.0,0.0
2026-09-18 23:10:28,LUM-101,26.44,35.48,41.98,0.15,48.16,7.22,10.0
2026-09-18 23:10:38,LUM-101,26.5,35.19,35.19,0.0,48.15,0.0,0.0
2026-09-18 23:10:48,LUM-101,26.45,34.86,34.86,0.0,48.15,0.0,0.0
2026-09-18 23:10:58,LUM-101,26.44,34.62,34.62,0.0,48.04,0.0,0.0
2026-09-18 23:11:08,LUM-101,26.53,34.31,34.31,0.0,48.08,0.0,0.0
2026-09-18 23:11:18,LUM-101,26.39,34.01,34.01,0.0,47.86,0.0,0.0
2026-09-18 23:11:28,LUM-101,26.46,33.97,40.46,0.15,48.01,7.2,10.0
2026-09-18 23:11:38,LUM-101,26.53,33.69,33.69,0.0,48.15,0.0,0.0
2026-09-18 23:11:48,LUM-101,26.44,33.45,33.45,0.0,48.19,0.0,0.0
2026-09-18 23:11:58,LUM-101,26.54,33.18,33.18,0.0,47.84,0.0,0.0
2026-09-18 23:12:08,LUM-101,26.45,33.12,39.6,0.15,47.97,7.2,10.0
2026-09-18 23:12:18,LUM-101,26.49,32.94,32.94,0.0,48.14,0.0,0.0
2026-09-18 23:12:28,LUM-101,26.35,32.72,32.72,0.0,47.94,0.0,0.0
2026-09-18 23:12:38,LUM-101,26.37,32.51,32.51,0.0,47.84,0.0,0.0
2026-09-18 23:12:48,LUM-101,26.47,32.35,32.35,0.0,48.09,0.0,0.0
2026-09-18 23:12:58,LUM-101,26.52,32.14,32.14,0.0,47.86,0.0,0.0
2026-09-18 23:13:08,LUM-101,26.45,31.99,31.99,0.0,47.96,0.0,0.0
2026-09-18 23:13:18,LUM-101,26.43,31.98,38.45,0.15,47.89,7.18,10.0
2026-09-18 23:13:28,LUM-101,26.43,31.83,31.83,0.0,47.86,0.0,0.0
2026-09-18 23:13:38,LUM-101,26.48,31.88,38.34,0.15,47.87,7.18,10.0
2026-09-18 23:13:48,LUM-101,26.4,31.73,31.73,0.0,48.12,0.0,0.0
2026-09-18 23:13:58,LUM-101,26.5,31.56,31.56,0.0,48.08,0.0,0.0
2026-09-18 23:14:08,LUM-101,26.43,31.42,31.42,0.0,48.01,0.0,0.0
2026-09-18 23:14:18,LUM-101,26.5,31.49,37.95,0.15,47.9,7.19,10.0
2026-09-18 23:14:28,LUM-101,26.49,31.48,37.94,0.15,47.84,7.18,10.0
2026-09-18 23:14:38,LUM-101,26.39,31.54,38.02,0.15,48.01,7.2,10.0
2026-09-18 23:14:48,LUM-101,26.35,31.61,38.1,0.15,48.06,7.21,10.0
2026-09-18 23:14:58,LUM-101,26.41,31.69,38.17,0.15,48.02,7.2,10.0
2026-09-18 23:15:08,LUM-101,26.52,31.51,31.51,0.0,47.86,0.0,0.0
2026-09-18 23:15:18,LUM-101,26.33,31.55,38.0,0.15,47.81,7.17,10.0
2026-09-18 23:15:28,LUM-101,26.43,31.55,38.0,0.15,47.8,7.17,10.0
2026-09-18 23:15:38,LUM-101,26.51,31.56,38.04,0.15,47.95,7.19,10.0
2026-09-18 23:15:48,LUM-101,26.4,31.38,31.38,0.0,48.1,0.0,0.0
2026-09-18 23:15:58,LUM-101,26.41,31.37,37.83,0.15,47.86,7.18,10.0
2026-09-18 23:16:08,LUM-101,26.35,31.41,37.9,0.15,48.07,7.21,10.0
2026-09-18 23:16:18,LUM-101,26.46,31.24,31.24,0.0,48.16,0.0,0.0
2026-09-18 23:16:28,LUM-101,26.44,31.07,31.07,0.0,47.9,0.0,0.0
2026-09-18 23:16:38,LUM-101,26.37,31.16,37.66,0.15,48.16,7.22,10.0
2026-09-18 23:16:48,LUM-101,26.39,30.98,30.98,0.0,48.15,0.0,0.0
2026-09-18 23:16:58,LUM-101,26.35,30.87,30.87,0.0,48.09,0.0,0.0
2026-09-18 23:17:08,LUM-101,26.35,30.74,30.74,0.0,47.83,0.0,0.0
2026-09-18 23:17:18,LUM-101,26.45,30.6,30.6,0.0,47.9,0.0,0.0
2026-09-18 23:17:28,LUM-101,26.31,30.44,30.44,0.0,47.94,0.0,0.0
2026-09-18 23:17:38,LUM-101,26.3,30.29,30.29,0.0,47.92,0.0,0.0
2026-09-18 23:17:48,LUM-101,26.35,30.37,36.83,0.15,47.9,7.19,10.0
2026-09-18 23:17:58,LUM-101,26.46,30.49,36.94,0.15,47.81,7.17,10.0
2026-09-18 23:18:08,LUM-101,26.44,30.53,37.03,0.15,48.11,7.22,10.0
2026-09-18 23:18:18,LUM-101,26.37,30.36,30.36,0.0,48.08,0.0,0.0
2026-09-18 23:18:28,LUM-101,26.34,30.27,30.27,0.0,47.83,0.0,0.0
2026-09-18 23:18:38,LUM-101,26.33,30.13,30.13,0.0,48.08,0.0,0.0
2026-09-18 23:18:48,LUM-101,26.39,30.23,36.72,0.15,48.05,7.21,10.0
2026-09-18 23:18:58,LUM-101,26.46,30.27,36.76,0.15,48.01,7.2,10.0
2026-09-18 23:19:08,LUM-101,26.29,30.14,30.14,0.0,47.97,0.0,0.0
2026-09-18 23:19:18,LUM-101,26.4,30.17,36.65,0.15,48.0,7.2,10.0
2026-09-18 23:19:28,LUM-101,26.3,30.26,36.75,0.15,48.14,7.22,10.0
2026-09-18 23:19:38,LUM-101,26.29,30.36,36.85,0.15,48.07,7.21,10.0
2026-09-18 23:19:48,LUM-101,26.35,30.23,30.23,0.0,48.07,0.0,0.0
2026-09-18 23:19:58,LUM-101,26.32,30.1,30.1,0.0,47.95,0.0,0.0
2026-09-18 23:20:08,LUM-101,26.44,30.15,36.65,0.15,48.14,7.22,10.0
2026-09-18 23:20:18,LUM-101,26.28,30.27,36.75,0.15,48.01,7.2,10.0
2026-09-18 23:20:28,LUM-101,26.37,30.13,30.13,0.0,47.9,0.0,0.0
2026-09-18 23:20:38,LUM-101,26.41,30.22,36.72,0.15,48.16,7.22,10.0
2026-09-18 23:20:48,LUM-101,26.28,30.1,30.1,0.0,47.96,0.0,0.0
2026-09-18 23:20:58,LUM-101,26.44,30.22,36.72,0.15,48.11,7.22,10.0
2026-09-18 23:21:08,LUM-101,26.39,30.27,36.77,0.15,48.19,7.23,10.0
2026-09-18 23:21:18,LUM-101,26.37,30.36,36.86,0.15,48.09,7.21,10.0
2026-09-18 23:21:28,LUM-101,26.34,30.27,30.27,0.0,48.12,0.0,0.0
2026-09-18 23:21:38,LUM-101,26.36,30.37,36.86,0.15,48.07,7.21,10.0
2026-09-18 23:21:48,LUM-101,26.26,30.48,36.95,0.15,47.92,7.19,10.0
2026-09-18 23:21:58,LUM-101,26.43,30.34,30.34,0.0,48.01,0.0,0.0
2026-09-18 23:22:08,LUM-101,26.28,30.45,36.92,0.15,47.94,7.19,10.0
2026-09-18 23:22:18,LUM-101,26.31,30.33,30.33,0.0,48.09,0.0,0.0
2026-09-18 23:22:28,LUM-101,26.29,30.24,30.24,0.0,48.02,0.0,0.0
2026-09-18 23:22:38,LUM-101,26.28,30.13,30.13,0.0,48.08,0.0,0.0
2026-09-18 23:22:48,LUM-101,26.38,30.21,36.69,0.15,48.05,7.21,10.0
2026-09-18 23:22:58,LUM-101,26.32,30.08,30.08,0.0,48.15,0.0,0.0
2026-09-18 23:23:08,LUM-101,26.24,30.2,36.69,0.15,48.06,7.21,10.0
2026-09-18 23:23:18,LUM-101,26.3,30.11,30.11,0.0,47.92,0.0,0.0
2026-09-18 23:23:28,LUM-101,26.39,30.18,36.67,0.15,48.05,7.21,10.0
2026-09-18 23:23:38,LUM-101,26.3,30.03,30.03,0.0,47.88,0.0,0.0
2026-09-18 23:23:48,LUM-101,26.35,29.91,29.91,0.0,48.07,0.0,0.0
2026-09-18 23:23:58,LUM-101,26.34,30.0,36.45,0.15,47.8,7.17,10.0
2026-09-18 23:24:08,LUM-101,26.25,30.03,36.51,0.15,48.03,7.2,10.0
2026-09-18 23:24:18,LUM-101,26.39,29.9,29.9,0.0,48.17,0.0,0.0
2026-09-18 23:24:28,LUM-101,26.23,30.03,36.53,0.15,48.17,7.23,10.0
2026-09-18 23:24:38,LUM-101,26.3,29.91,29.91,0.0,47.95,0.0,0.0
2026-09-18 23:24:48,LUM-101,26.38,29.76,29.76,0.0,48.13,0.0,0.0
2026-09-18 23:24:58,LUM-101,26.2,29.65,29.65,0.0,47.93,0.0,0.0
2026-09-18 23:25:08,LUM-101,26.31,29.78,36.29,0.15,48.17,7.23,10.0
2026-09-18 23:25:18,LUM-101,26.29,29.67,29.67,0.0,48.13,0.0,0.0
2026-09-18 23:25:28,LUM-101,26.29,29.75,36.26,0.15,48.18,7.23,10.0
2026-09-18 23:25:38,LUM-101,26.24,29.85,36.35,0.15,48.16,7.22,10.0
2026-09-18 23:25:48,LUM-101,26.22,29.94,36.41,0.15,47.99,7.2,10.0
2026-09-18 23:25:58,LUM-101,26.21,29.99,36.48,0.15,48.05,7.21,10.0
2026-09-18 23:26:08,LUM-101,26.39,29.87,29.87,0.0,48.02,0.0,0.0
2026-09-18 23:26:18,LUM-101,26.27,29.8,29.8,0.0,47.98,0.0,0.0
2026-09-18 23:26:28,LUM-101,26.19,29.7,29.7,0.0,47.94,0.0,0.0
2026-09-18 23:26:38,LUM-101,26.23,29.81,36.28,0.15,47.92,7.19,10.0
2026-09-18 23:26:48,LUM-101,26.3,29.9,36.38,0.15,47.96,7.19,10.0
2026-09-18 23:26:58,LUM-101,26.23,30.01,36.51,0.15,48.18,7.23,10.0
2026-09-18 23:27:08,LUM-101,26.37,29.94,29.94,0.0,47.85,0.0,0.0
2026-09-18 23:27:18,LUM-101,26.25,29.97,36.45,0.15,48.0,7.2,10.0
2026-09-18 23:27:28,LUM-101,26.32,30.1,36.57,0.15,47.92,7.19,10.0
2026-09-18 23:27:38,LUM-101,26.26,30.12,36.59,0.15,47.91,7.19,10.0
2026-09-18 23:27:48,LUM-101,26.24,30.02,30.02,0.0,48.02,0.0,0.0
2026-09-18 23:27:58,LUM-101,26.18,29.86,29.86,0.0,48.1,0.0,0.0
2026-09-18 23:28:08,LUM-101,26.19,29.75,29.75,0.0,48.0,0.0,0.0
2026-09-18 23:28:18,LUM-101,26.28,29.86,36.36,0.15,48.17,7.23,10.0
2026-09-18 23:28:28,LUM-101,26.26,29.75,29.75,0.0,47.84,0.0,0.0
2026-09-18 23:28:38,LUM-101,26.25,29.8,36.26,0.15,47.8,7.17,10.0
2026-09-18 23:28:48,LUM-101,26.24,29.68,29.68,0.0,47.85,0.0,0.0
2026-09-18 23:28:58,LUM-101,26.3,29.59,29.59,0.0,47.88,0.0,0.0
2026-09-18 23:29:08,LUM-101,26.17,29.65,36.11,0.15,47.86,7.18,10.0
2026-09-18 23:29:18,LUM-101,26.29,29.51,29.51,0.0,48.04,0.0,0.0
2026-09-18 23:29:28,LUM-101,26.19,29.43,29.43,0.0,48.1,0.0,0.0
2026-09-18 23:29:38,LUM-101,26.32,29.48,35.98,0.15,48.11,7.22,10.0
2026-09-18 23:29:48,LUM-101,26.24,29.6,36.08,0.15,48.04,7.21,10.0
2026-09-18 23:29:58,LUM-101,26.2,29.64,36.11,0.15,47.95,7.19,10.0
2026-09-18 23:30:08,LUM-101,26.18,29.74,36.22,0.15,47.98,7.2,10.0
2026-09-18 23:30:18,LUM-101,26.16,29.81,36.29,0.15,47.99,7.2,10.0
2026-09-18 23:30:28,LUM-101,26.33,29.69,29.69,0.0,47.88,0.0,0.0
2026-09-18 23:30:38,LUM-101,26.2,29.78,36.25,0.15,47.94,7.19,10.0
2026-09-18 23:30:48,LUM-101,26.24,29.89,36.38,0.15,48.13,7.22,10.0
2026-09-18 23:30:58,LUM-101,26.13,29.92,36.41,0.15,48.1,7.22,10.0
2026-09-18 23:31:08,LUM-101,26.19,30.03,36.54,0.15,48.17,7.23,10.0
2026-09-18 23:31:18,LUM-101,26.27,30.12,36.59,0.15,47.89,7.18,10.0
2026-09-18 23:31:28,LUM-101,26.26,30.0,30.0,0.0,47.84,0.0,0.0
2026-09-18 23:31:38,LUM-101,26.14,30.06,36.55,0.15,48.09,7.21,10.0
2026-09-18 23:31:48,LUM-101,26.3,30.1,36.56,0.15,47.85,7.18,10.0
2026-09-18 23:31:58,LUM-101,26.22,30.2,36.7,0.15,48.14,7.22,10.0
2026-09-18 23:32:08,LUM-101,26.2,30.26,36.74,0.15,48.04,7.21,10.0
2026-09-18 23:32:18,LUM-101,26.21,30.17,30.17,0.0,47.92,0.0,0.0
2026-09-18 23:32:28,LUM-101,26.23,30.29,36.76,0.15,47.94,7.19,10.0
2026-09-18 23:32:38,LUM-101,26.14,30.37,36.87,0.15,48.15,7.22,10.0
2026-09-18 23:32:48,LUM-101,26.23,30.26,30.26,0.0,48.09,0.0,0.0
2026-09-18 23:32:58,LUM-101,26.21,30.16,30.16,0.0,48.07,0.0,0.0
2026-09-18 23:33:08,LUM-101,26.19,30.02,30.02,0.0,47.96,0.0,0.0
2026-09-18 23:33:18,LUM-101,26.3,30.06,36.52,0.15,47.87,7.18,10.0
2026-09-18 23:33:28,LUM-101,26.3,30.19,36.69,0.15,48.19,7.23,10.0
2026-09-18 23:33:38,LUM-101,26.27,30.3,36.8,0.15,48.12,7.22,10.0
2026-09-18 23:33:48,LUM-101,26.11,30.18,30.18,0.0,48.15,0.0,0.0
2026-09-18 23:33:58,LUM-101,26.15,30.0,30.0,0.0,48.06,0.0,0.0
2026-09-18 23:34:08,LUM-101,26.16,30.12,36.62,0.15,48.13,7.22,10.0
2026-09-18 23:34:18,LUM-101,26.19,30.03,30.03,0.0,47.88,0.0,0.0
2026-09-18 23:34:28,LUM-101,26.11,29.86,29.86,0.0,47.85,0.0,0.0
2026-09-18 23:34:38,LUM-101,26.12,29.72,29.72,0.0,47.92,0.0,0.0
2026-09-18 23:34:48,LUM-101,26.2,29.59,29.59,0.0,47.87,0.0,0.0
2026-09-18 23:34:58,LUM-101,26.16,29.43,29.43,0.0,48.0,0.0,0.0
2026-09-18 23:35:08,LUM-101,26.27,29.35,29.35,0.0,47.82,0.0,0.0
2026-09-18 23:35:18,LUM-101,26.25,29.49,35.95,0.15,47.83,7.17,10.0
2026-09-18 23:35:28,LUM-101,26.27,29.41,29.41,0.0,48.05,0.0,0.0
2026-09-18 23:35:38,LUM-101,26.26,29.54,36.0,0.15,47.9,7.19,10.0
2026-09-18 23:35:48,LUM-101,26.17,29.67,36.14,0.15,47.94,7.19,10.0
2026-09-18 23:35:58,LUM-101,26.14,29.72,36.18,0.15,47.91,7.19,10.0
2026-09-18 23:36:08,LUM-101,26.14,29.83,36.31,0.15,47.97,7.2,10.0
2026-09-18 23:36:18,LUM-101,26.18,29.68,29.68,0.0,48.06,0.0,0.0
2026-09-18 23:36:28,LUM-101,26.1,29.72,36.22,0.15,48.11,7.22,10.0
2026-09-18 23:36:38,LUM-101,26.12,29.65,29.65,0.0,47.96,0.0,0.0
2026-09-18 23:36:48,LUM-101,26.12,29.77,36.23,0.15,47.82,7.17,10.0
2026-09-18 23:36:58,LUM-101,26.06,29.85,36.36,0.15,48.18,7.23,10.0
2026-09-18 23:37:08,LUM-101,26.12,29.76,29.76,0.0,48.02,0.0,0.0
2026-09-18 23:37:18,LUM-101,26.12,29.89,36.36,0.15,47.95,7.19,10.0
2026-09-18 23:37:28,LUM-101,26.08,29.98,36.43,0.15,47.83,7.17,10.0
2026-09-18 23:37:38,LUM-101,26.15,29.85,29.85,0.0,47.88,0.0,0.0
2026-09-18 23:37:48,LUM-101,26.14,29.72,29.72,0.0,48.05,0.0,0.0
2026-09-18 23:37:58,LUM-101,26.05,29.55,29.55,0.0,48.0,0.0,0.0
2026-09-18 23:38:08,LUM-101,26.05,29.65,36.13,0.15,47.96,7.19,10.0
2026-09-18 23:38:18,LUM-101,26.17,29.49,29.49,0.0,47.82,0.0,0.0
2026-09-18 23:38:28,LUM-101,26.07,29.62,36.08,0.15,47.89,7.18,10.0
2026-09-18 23:38:38,LUM-101,26.2,29.47,29.47,0.0,48.2,0.0,0.0
2026-09-18 23:38:48,LUM-101,26.16,29.38,29.38,0.0,47.97,0.0,0.0
2026-09-18 23:38:58,LUM-101,26.18,29.24,29.24,0.0,47.94,0.0,0.0
2026-09-18 23:39:08,LUM-101,26.04,29.13,29.13,0.0,47.95,0.0,0.0
2026-09-18 23:39:18,LUM-101,26.15,29.21,35.7,0.15,48.07,7.21,10.0
2026-09-18 23:39:28,LUM-101,26.11,29.06,29.06,0.0,48.14,0.0,0.0
2026-09-18 23:39:38,LUM-101,26.16,29.15,35.62,0.15,47.92,7.19,10.0
2026-09-18 23:39:48,LUM-101,26.19,29.3,35.77,0.15,47.92,7.19,10.0
2026-09-18 23:39:58,LUM-101,26.1,29.38,35.87,0.15,48.09,7.21,10.0
2026-09-18 23:40:08,LUM-101,26.21,29.23,29.23,0.0,47.98,0.0,0.0
2026-09-18 23:40:18,LUM-101,26.05,29.37,35.86,0.15,48.06,7.21,10.0
2026-09-18 23:40:28,LUM-101,26.17,29.48,35.98,0.15,48.16,7.22,10.0
2026-09-18 23:40:38,LUM-101,26.05,29.32,29.32,0.0,47.82,0.0,0.0
2026-09-18 23:40:48,LUM-101,26.16,29.39,35.85,0.15,47.83,7.17,10.0
2026-09-18 23:40:58,LUM-101,26.12,29.29,29.29,0.0,47.9,0.0,0.0
2026-09-18 23:41:08,LUM-101,26.12,29.37,35.87,0.15,48.15,7.22,10.0
2026-09-18 23:41:18,LUM-101,26.2,29.5,35.99,0.15,48.08,7.21,10.0
2026-09-18 23:41:28,LUM-101,26.03,29.57,36.04,0.15,47.96,7.19,10.0
2026-09-18 23:41:38,LUM-101,26.07,29.69,36.15,0.15,47.84,7.18,10.0
2026-09-18 23:41:48,LUM-101,26.12,29.62,29.62,0.0,47.94,0.0,0.0
2026-09-18 23:41:58,LUM-101,26.05,29.71,36.2,0.15,48.06,7.21,10.0
2026-09-18 23:42:08,LUM-101,26.19,29.55,29.55,0.0,47.92,0.0,0.0
2026-09-18 23:42:18,LUM-101,26.06,29.68,36.17,0.15,48.05,7.21,10.0
2026-09-18 23:42:28,LUM-101,26.07,29.59,29.59,0.0,47.86,0.0,0.0
2026-09-18 23:42:38,LUM-101,26.12,29.49,29.49,0.0,48.05,0.0,0.0
2026-09-18 23:42:48,LUM-101,26.19,29.4,29.4,0.0,48.04,0.0,0.0
2026-09-18 23:42:58,LUM-101,26.17,29.32,29.32,0.0,48.03,0.0,0.0
2026-09-18 23:43:08,LUM-101,25.99,29.45,35.94,0.15,48.05,7.21,10.0
2026-09-18 23:43:18,LUM-101,26.07,29.37,29.37,0.0,48.04,0.0,0.0
2026-09-18 23:43:28,LUM-101,26.0,29.3,29.3,0.0,47.86,0.0,0.0
2026-09-18 23:43:38,LUM-101,26.08,29.42,35.88,0.15,47.82,7.17,10.0
2026-09-18 23:43:48,LUM-101,25.99,29.33,29.33,0.0,48.08,0.0,0.0
2026-09-18 23:43:58,LUM-101,26.04,29.21,29.21,0.0,48.12,0.0,0.0
2026-09-18 23:44:08,LUM-101,26.05,29.11,29.11,0.0,48.09,0.0,0.0
2026-09-18 23:44:18,LUM-101,26.13,29.22,35.69,0.15,47.93,7.19,10.0
2026-09-18 23:44:28,LUM-101,26.05,29.32,35.83,0.15,48.17,7.23,10.0
2026-09-18 23:44:38,LUM-101,26.09,29.38,35.86,0.15,48.0,7.2,10.0
2026-09-18 23:44:48,LUM-101,25.97,29.3,29.3,0.0,47.83,0.0,0.0
2026-09-18 23:44:58,LUM-101,26.13,29.18,29.18,0.0,47.92,0.0,0.0
2026-09-18 23:45:08,LUM-101,26.03,29.06,29.06,0.0,48.17,0.0,0.0
2026-09-18 23:45:18,LUM-101,26.04,29.15,35.62,0.15,47.94,7.19,10.0
2026-09-18 23:45:28,LUM-101,26.01,29.05,29.05,0.0,47.92,0.0,0.0
2026-09-18 23:45:38,LUM-101,26.13,28.98,28.98,0.0,47.87,0.0,0.0
2026-09-18 23:45:48,LUM-101,26.01,29.1,35.56,0.15,47.81,7.17,10.0
2026-09-18 23:45:58,LUM-101,26.04,29.25,35.72,0.15,47.92,7.19,10.0
2026-09-18 23:46:08,LUM-101,26.1,29.13,29.13,0.0,47.95,0.0,0.0
2026-09-18 23:46:18,LUM-101,26.14,29.22,35.67,0.15,47.83,7.17,10.0
2026-09-18 23:46:28,LUM-101,26.09,29.1,29.1,0.0,48.04,0.0,0.0
2026-09-18 23:46:38,LUM-101,26.04,28.97,28.97,0.0,47.85,0.0,0.0
2026-09-18 23:46:48,LUM-101,26.04,28.92,28.92,0.0,48.04,0.0,0.0
2026-09-18 23:46:58,LUM-101,25.96,28.98,35.44,0.15,47.86,7.18,10.0
2026-09-18 23:47:08,LUM-101,26.13,28.93,28.93,0.0,47.89,0.0,0.0
2026-09-18 23:47:18,LUM-101,26.03,28.88,28.88,0.0,48.03,0.0,0.0
2026-09-18 23:47:28,LUM-101,26.08,28.95,35.45,0.15,48.13,7.22,10.0
2026-09-18 23:47:38,LUM-101,25.96,28.84,28.84,0.0,48.06,0.0,0.0
2026-09-18 23:47:48,LUM-101,25.93,28.97,35.46,0.15,48.05,7.21,10.0
2026-09-18 23:47:58,LUM-101,25.95,29.09,35.58,0.15,48.1,7.21,10.0
2026-09-18 23:48:08,LUM-101,26.08,29.03,29.03,0.0,48.1,0.0,0.0
2026-09-18 23:48:18,LUM-101,26.01,29.11,35.59,0.15,47.95,7.19,10.0
2026-09-18 23:48:28,LUM-101,25.96,28.96,28.96,0.0,48.11,0.0,0.0
2026-09-18 23:48:38,LUM-101,26.05,28.84,28.84,0.0,48.0,0.0,0.0
2026-09-18 23:48:48,LUM-101,25.98,28.92,35.41,0.15,48.03,7.2,10.0
2026-09-18 23:48:58,LUM-101,26.03,28.78,28.78,0.0,48.01,0.0,0.0
2026-09-18 23:49:08,LUM-101,25.95,28.67,28.67,0.0,48.0,0.0,0.0
2026-09-18 23:49:18,LUM-101,26.1,28.62,28.62,0.0,47.94,0.0,0.0
2026-09-18 23:49:28,LUM-101,26.04,28.72,35.18,0.15,47.85,7.18,10.0
2026-09-18 23:49:38,LUM-101,25.95,28.84,35.32,0.15,48.05,7.21,10.0
2026-09-18 23:49:48,LUM-101,25.98,28.93,35.42,0.15,48.09,7.21,10.0
2026-09-18 23:49:58,LUM-101,26.02,29.08,35.55,0.15,47.92,7.19,10.0
2026-09-18 23:50:08,LUM-101,25.94,28.95,28.95,0.0,47.91,0.0,0.0
2026-09-18 23:50:18,LUM-101,26.09,29.02,35.52,0.15,48.15,7.22,10.0
2026-09-18 23:50:28,LUM-101,26.06,29.11,35.58,0.15,47.92,7.19,10.0
2026-09-18 23:50:38,LUM-101,25.92,29.25,35.74,0.15,48.1,7.22,10.0
2026-09-18 23:50:48,LUM-101,26.0,29.38,35.88,0.15,48.11,7.22,10.0
2026-09-18 23:50:58,LUM-101,25.93,29.47,35.93,0.15,47.89,7.18,10.0
2026-09-18 23:51:08,LUM-101,26.02,29.53,36.01,0.15,47.99,7.2,10.0
2026-09-18 23:51:18,LUM-101,25.98,29.57,36.05,0.15,48.0,7.2,10.0
2026-09-18 23:51:28,LUM-101,25.92,29.43,29.43,0.0,47.9,0.0,0.0
2026-09-18 23:51:38,LUM-101,25.89,29.35,29.35,0.0,47.87,0.0,0.0
2026-09-18 23:51:48,LUM-101,25.93,29.39,35.88,0.15,48.07,7.21,10.0
2026-09-18 23:51:58,LUM-101,25.9,29.53,36.01,0.15,48.03,7.2,10.0
2026-09-18 23:52:08,LUM-101,25.98,29.6,36.09,0.15,48.02,7.2,10.0
2026-09-18 23:52:18,LUM-101,25.97,29.7,36.21,0.15,48.18,7.23,10.0
2026-09-18 23:52:28,LUM-101,26.03,29.63,29.63,0.0,48.1,0.0,0.0
2026-09-18 23:52:38,LUM-101,25.99,29.75,36.26,0.15,48.19,7.23,10.0
2026-09-18 23:52:48,LUM-101,25.88,29.78,36.27,0.15,48.06,7.21,10.0
2026-09-18 23:52:58,LUM-101,25.97,29.68,29.68,0.0,47.92,0.0,0.0
2026-09-18 23:53:08,LUM-101,25.97,29.74,36.24,0.15,48.11,7.22,10.0
2026-09-18 23:53:18,LUM-101,26.03,29.62,29.62,0.0,48.0,0.0,0.0
2026-09-18 23:53:28,LUM-101,25.95,29.45,29.45,0.0,47.95,0.0,0.0
2026-09-18 23:53:38,LUM-101,26.0,29.29,29.29,0.0,47.99,0.0,0.0
2026-09-18 23:53:48,LUM-101,25.95,29.42,35.92,0.15,48.17,7.23,10.0
2026-09-18 23:53:58,LUM-101,26.02,29.48,35.95,0.15,47.94,7.19,10.0
2026-09-18 23:54:08,LUM-101,25.94,29.31,29.31,0.0,48.12,0.0,0.0
2026-09-18 23:54:18,LUM-101,25.87,29.43,35.88,0.15,47.8,7.17,10.0
2026-09-18 23:54:28,LUM-101,25.98,29.28,29.28,0.0,48.1,0.0,0.0
2026-09-18 23:54:38,LUM-101,25.88,29.37,35.87,0.15,48.19,7.23,10.0
2026-09-18 23:54:48,LUM-101,25.9,29.21,29.21,0.0,47.97,0.0,0.0
2026-09-18 23:54:58,LUM-101,25.94,29.32,35.78,0.15,47.82,7.17,10.0
2026-09-18 23:55:08,LUM-101,25.95,29.2,29.2,0.0,48.0,0.0,0.0
2026-09-18 23:55:18,LUM-101,26.03,29.1,29.1,0.0,48.17,0.0,0.0
2026-09-18 23:55:28,LUM-101,25.92,29.25,35.74,0.15,48.1,7.22,10.0
2026-09-18 23:55:38,LUM-101,25.92,29.13,29.13,0.0,47.89,0.0,0.0
2026-09-18 23:55:48,LUM-101,25.83,29.05,29.05,0.0,48.19,0.0,0.0
2026-09-18 23:55:58,LUM-101,25.9,28.94,28.94,0.0,47.99,0.0,0.0
2026-09-18 23:56:08,LUM-101,25.89,28.82,28.82,0.0,48.07,0.0,0.0
2026-09-18 23:56:18,LUM-101,25.84,28.94,35.4,0.15,47.84,7.18,10.0
2026-09-18 23:56:28,LUM-101,26.01,29.0,35.49,0.15,48.07,7.21,10.0
2026-09-18 23:56:38,LUM-101,25.9,28.91,28.91,0.0,48.03,0.0,0.0
2026-09-18 23:56:48,LUM-101,25.97,28.84,28.84,0.0,48.2,0.0,0.0
2026-09-18 23:56:58,LUM-101,25.86,28.77,28.77,0.0,48.09,0.0,0.0
2026-09-18 23:57:08,LUM-101,25.93,28.86,35.35,0.15,48.07,7.21,10.0
2026-09-18 23:57:18,LUM-101,25.91,28.93,35.39,0.15,47.85,7.18,10.0
2026-09-18 23:57:28,LUM-101,25.87,29.0,35.46,0.15,47.82,7.17,10.0
2026-09-18 23:57:38,LUM-101,25.99,28.89,28.89,0.0,47.87,0.0,0.0
2026-09-18 23:57:48,LUM-101,25.98,29.04,35.54,0.15,48.11,7.22,10.0
2026-09-18 23:57:58,LUM-101,25.94,29.19,35.67,0.15,48.03,7.2,10.0
2026-09-18 23:58:08,LUM-101,25.86,29.28,35.76,0.15,48.01,7.2,10.0
2026-09-18 23:58:18,LUM-101,25.92,29.18,29.18,0.0,47.86,0.0,0.0
2026-09-18 23:58:28,LUM-101,25.8,29.08,29.08,0.0,48.18,0.0,0.0
2026-09-18 23:58:38,LUM-101,25.8,29.19,35.68,0.15,48.03,7.2,10.0
2026-09-18 23:58:48,LUM-101,25.97,29.31,35.82,0.15,48.19,7.23,10.0
2026-09-18 23:58:58,LUM-101,25.81,29.24,29.24,0.0,47.82,0.0,0.0
2026-09-18 23:59:08,LUM-101,25.94,29.11,29.11,0.0,48.01,0.0,0.0
2026-09-18 23:59:18,LUM-101,25.98,29.04,29.04,0.0,48.14,0.0,0.0
2026-09-18 23:59:28,LUM-101,25.94,29.17,35.64,0.15,47.89,7.18,10.0
2026-09-18 23:59:38,LUM-101,25.9,29.29,35.79,0.15,48.2,7.23,10.0
2026-09-18 23:59:48,LUM-101,25.96,29.33,35.82,0.15,48.03,7.21,10.0
2026-09-18 23:59:58,LUM-101,25.81,29.44,35.94,0.15,48.14,7.22,10.0
2026-09-19 00:00:08,LUM-101,25.91,29.37,29.37,0.0,48.14,0.0,0.0
2026-09-19 00:00:18,LUM-101,25.88,29.43,35.88,0.15,47.84,7.18,10.0
2026-09-19 00:00:28,LUM-101,25.88,29.3,29.3,0.0,48.07,0.0,0.0
2026-09-19 00:00:38,LUM-101,25.97,29.18,29.18,0.0,47.9,0.0,0.0
2026-09-19 00:00:48,LUM-101,25.87,29.02,29.02,0.0,47.9,0.0,0.0
2026-09-19 00:00:58,LUM-101,25.93,29.13,35.6,0.15,47.89,7.18,10.0
2026-09-19 00:01:08,LUM-101,25.89,28.98,28.98,0.0,47.96,0.0,0.0
2026-09-19 00:01:18,LUM-101,25.82,28.84,28.84,0.0,48.19,0.0,0.0
2026-09-19 00:01:28,LUM-101,25.77,28.97,35.43,0.15,47.84,7.18,10.0
2026-09-19 00:01:38,LUM-101,25.95,29.05,35.51,0.15,47.83,7.18,10.0
2026-09-19 00:01:48,LUM-101,25.8,29.14,35.61,0.15,47.91,7.19,10.0
2026-09-19 00:01:58,LUM-101,25.83,29.06,29.06,0.0,48.14,0.0,0.0
2026-09-19 00:02:08,LUM-101,25.93,29.18,35.64,0.15,47.89,7.18,10.0
2026-09-19 00:02:18,LUM-101,25.84,29.04,29.04,0.0,48.16,0.0,0.0
2026-09-19 00:02:28,LUM-101,25.82,29.11,35.57,0.15,47.88,7.18,10.0
2026-09-19 00:02:38,LUM-101,25.83,29.18,35.66,0.15,47.96,7.19,10.0
2026-09-19 00:02:48,LUM-101,25.87,29.25,35.75,0.15,48.19,7.23,10.0
2026-09-19 00:02:58,LUM-101,25.89,29.29,35.8,0.15,48.18,7.23,10.0
2026-09-19 00:03:08,LUM-101,25.91,29.17,29.17,0.0,48.1,0.0,0.0
2026-09-19 00:03:18,LUM-101,25.79,29.27,35.73,0.15,47.81,7.17,10.0
2026-09-19 00:03:28,LUM-101,25.85,29.36,35.84,0.15,48.01,7.2,10.0
2026-09-19 00:03:38,LUM-101,25.79,29.45,35.94,0.15,48.1,7.21,10.0
2026-09-19 00:03:48,LUM-101,25.77,29.51,36.01,0.15,48.15,7.22,10.0
2026-09-19 00:03:58,LUM-101,25.78,29.36,29.36,0.0,47.86,0.0,0.0
2026-09-19 00:04:08,LUM-101,25.81,29.45,35.95,0.15,48.12,7.22,10.0
2026-09-19 00:04:18,LUM-101,25.8,29.52,36.0,0.15,47.97,7.2,10.0
2026-09-19 00:04:28,LUM-101,25.76,29.44,29.44,0.0,47.89,0.0,0.0
2026-09-19 00:04:38,LUM-101,25.79,29.55,36.02,0.15,47.91,7.19,10.0
2026-09-19 00:04:48,LUM-101,25.9,29.67,36.18,0.15,48.19,7.23,10.0
2026-09-19 00:04:58,LUM-101,25.91,29.71,36.2,0.15,48.06,7.21,10.0
2026-09-19 00:05:08,LUM-101,25.85,29.81,36.29,0.15,48.02,7.2,10.0
2026-09-19 00:05:18,LUM-101,25.76,29.65,29.65,0.0,48.11,0.0,0.0
2026-09-19 00:05:28,LUM-101,25.88,29.72,36.22,0.15,48.12,7.22,10.0
2026-09-19 00:05:38,LUM-101,25.72,29.55,29.55,0.0,47.95,0.0,0.0
2026-09-19 00:05:48,LUM-101,25.8,29.65,36.14,0.15,48.1,7.21,10.0
2026-09-19 00:05:58,LUM-101,25.83,29.73,36.2,0.15,47.9,7.19,10.0
2026-09-19 00:06:08,LUM-101,25.88,29.57,29.57,0.0,47.94,0.0,0.0
2026-09-19 00:06:18,LUM-101,25.78,29.45,29.45,0.0,48.07,0.0,0.0
2026-09-19 00:06:28,LUM-101,25.75,29.57,36.07,0.15,48.14,7.22,10.0
2026-09-19 00:06:38,LUM-101,25.83,29.68,36.14,0.15,47.84,7.18,10.0
2026-09-19 00:06:48,LUM-101,25.77,29.72,36.18,0.15,47.87,7.18,10.0
2026-09-19 00:06:58,LUM-101,25.81,29.61,29.61,0.0,48.08,0.0,0.0
2026-09-19 00:07:08,LUM-101,25.75,29.46,29.46,0.0,48.18,0.0,0.0
2026-09-19 00:07:18,LUM-101,25.77,29.51,35.99,0.15,47.98,7.2,10.0
2026-09-19 00:07:28,LUM-101,25.87,29.35,29.35,0.0,47.96,0.0,0.0
2026-09-19 00:07:38,LUM-101,25.69,29.4,35.87,0.15,47.94,7.19,10.0
2026-09-19 00:07:48,LUM-101,25.7,29.26,29.26,0.0,47.99,0.0,0.0
2026-09-19 00:07:58,LUM-101,25.87,29.18,29.18,0.0,48.0,0.0,0.0
2026-09-19 00:08:08,LUM-101,25.85,29.03,29.03,0.0,48.03,0.0,0.0
2026-09-19 00:08:18,LUM-101,25.84,28.94,28.94,0.0,48.01,0.0,0.0
2026-09-19 00:08:28,LUM-101,25.81,28.85,28.85,0.0,47.95,0.0,0.0
2026-09-19 00:08:38,LUM-101,25.82,28.7,28.7,0.0,48.11,0.0,0.0
2026-09-19 00:08:48,LUM-101,25.83,28.79,35.26,0.15,47.94,7.19,10.0
2026-09-19 00:08:58,LUM-101,25.79,28.68,28.68,0.0,48.01,0.0,0.0
2026-09-19 00:09:08,LUM-101,25.78,28.75,35.24,0.15,48.07,7.21,10.0
2026-09-19 00:09:18,LUM-101,25.79,28.9,35.37,0.15,47.92,7.19,10.0
2026-09-19 00:09:28,LUM-101,25.82,29.01,35.5,0.15,48.08,7.21,10.0
2026-09-19 00:09:38,LUM-101,25.73,28.94,28.94,0.0,48.13,0.0,0.0
2026-09-19 00:09:48,LUM-101,25.72,28.78,28.78,0.0,47.93,0.0,0.0
2026-09-19 00:09:58,LUM-101,25.85,28.88,35.37,0.15,48.09,7.21,10.0
2026-09-19 00:10:08,LUM-101,25.71,28.81,28.81,0.0,47.98,0.0,0.0
2026-09-19 00:10:18,LUM-101,25.69,28.74,28.74,0.0,48.03,0.0,0.0
2026-09-19 00:10:28,LUM-101,25.66,28.88,35.35,0.15,47.92,7.19,10.0
2026-09-19 00:10:38,LUM-101,25.71,28.98,35.49,0.15,48.19,7.23,10.0
2026-09-19 00:10:48,LUM-101,25.76,29.04,35.51,0.15,47.92,7.19,10.0
2026-09-19 00:10:58,LUM-101,25.83,28.9,28.9,0.0,47.82,0.0,0.0
2026-09-19 00:11:08,LUM-101,25.65,29.03,35.51,0.15,47.99,7.2,10.0
2026-09-19 00:11:18,LUM-101,25.7,28.89,28.89,0.0,48.03,0.0,0.0
2026-09-19 00:11:28,LUM-101,25.67,28.82,28.82,0.0,47.95,0.0,0.0
2026-09-19 00:11:38,LUM-101,25.68,28.88,35.35,0.15,47.94,7.19,10.0
2026-09-19 00:11:48,LUM-101,25.71,28.77,28.77,0.0,48.05,0.0,0.0
2026-09-19 00:11:58,LUM-101,25.68,28.72,28.72,0.0,47.92,0.0,0.0
2026-09-19 00:12:08,LUM-101,25.81,28.8,35.29,0.15,48.07,7.21,10.0
2026-09-19 00:12:18,LUM-101,25.69,28.66,28.66,0.0,47.87,0.0,0.0
2026-09-19 00:12:28,LUM-101,25.62,28.56,28.56,0.0,47.98,0.0,0.0
2026-09-19 00:12:38,LUM-101,25.62,28.47,28.47,0.0,47.89,0.0,0.0
2026-09-19 00:12:48,LUM-101,25.65,28.6,35.06,0.15,47.83,7.17,10.0
2026-09-19 00:12:58,LUM-101,25.65,28.46,28.46,0.0,47.92,0.0,0.0
2026-09-19 00:13:08,LUM-101,25.69,28.57,35.06,0.15,48.1,7.22,10.0
2026-09-19 00:13:18,LUM-101,25.61,28.66,35.13,0.15,47.92,7.19,10.0
2026-09-19 00:13:28,LUM-101,25.62,28.73,35.23,0.15,48.11,7.22,10.0
2026-09-19 00:13:38,LUM-101,25.61,28.64,28.64,0.0,47.81,0.0,0.0
2026-09-19 00:13:48,LUM-101,25.67,28.55,28.55,0.0,48.11,0.0,0.0
2026-09-19 00:13:58,LUM-101,25.72,28.43,28.43,0.0,47.94,0.0,0.0
2026-09-19 00:14:08,LUM-101,25.79,28.34,28.34,0.0,48.09,0.0,0.0
2026-09-19 00:14:18,LUM-101,25.7,28.27,28.27,0.0,48.17,0.0,0.0
2026-09-19 00:14:28,LUM-101,25.64,28.4,34.89,0.15,48.05,7.21,10.0
2026-09-19 00:14:38,LUM-101,25.59,28.3,28.3,0.0,48.2,0.0,0.0
2026-09-19 00:14:48,LUM-101,25.6,28.38,34.88,0.15,48.09,7.21,10.0
2026-09-19 00:14:58,LUM-101,25.61,28.29,28.29,0.0,47.8,0.0,0.0
2026-09-19 00:15:08,LUM-101,25.65,28.36,34.83,0.15,47.93,7.19,10.0
2026-09-19 00:15:18,LUM-101,25.67,28.46,34.93,0.15,47.94,7.19,10.0
2026-09-19 00:15:28,LUM-101,25.59,28.34,28.34,0.0,47.87,0.0,0.0
2026-09-19 00:15:38,LUM-101,25.58,28.21,28.21,0.0,48.13,0.0,0.0
2026-09-19 00:15:48,LUM-101,25.71,28.11,28.11,0.0,48.0,0.0,0.0
2026-09-19 00:15:58,LUM-101,25.71,28.0,28.0,0.0,47.82,0.0,0.0
2026-09-19 00:16:08,LUM-101,25.66,28.12,34.58,0.15,47.85,7.18,10.0
2026-09-19 00:16:18,LUM-101,25.64,28.2,34.69,0.15,48.04,7.21,10.0
2026-09-19 00:16:28,LUM-101,25.75,28.3,34.78,0.15,47.95,7.19,10.0
2026-09-19 00:16:38,LUM-101,25.57,28.38,34.86,0.15,47.99,7.2,10.0
2026-09-19 00:16:48,LUM-101,25.71,28.25,28.25,0.0,48.03,0.0,0.0
2026-09-19 00:16:58,LUM-101,25.58,28.21,28.21,0.0,48.16,0.0,0.0
2026-09-19 00:17:08,LUM-101,25.58,28.3,34.79,0.15,48.05,7.21,10.0
2026-09-19 00:17:18,LUM-101,25.66,28.17,28.17,0.0,48.06,0.0,0.0
2026-09-19 00:17:28,LUM-101,25.74,28.12,28.12,0.0,48.12,0.0,0.0
2026-09-19 00:17:38,LUM-101,25.68,28.03,28.03,0.0,47.86,0.0,0.0
2026-09-19 00:17:48,LUM-101,25.67,27.93,27.93,0.0,48.17,0.0,0.0
2026-09-19 00:17:58,LUM-101,25.56,27.88,27.88,0.0,48.04,0.0,0.0
2026-09-19 00:18:08,LUM-101,25.7,27.99,34.48,0.15,48.08,7.21,10.0
2026-09-19 00:18:18,LUM-101,25.68,27.88,27.88,0.0,47.91,0.0,0.0
2026-09-19 00:18:28,LUM-101,25.56,27.76,27.76,0.0,47.92,0.0,0.0
2026-09-19 00:18:38,LUM-101,25.57,27.72,27.72,0.0,48.0,0.0,0.0
2026-09-19 00:18:48,LUM-101,25.72,27.61,27.61,0.0,48.1,0.0,0.0
2026-09-19 00:18:58,LUM-101,25.7,27.74,34.21,0.15,47.97,7.19,10.0
2026-09-19 00:19:08,LUM-101,25.56,27.85,34.32,0.15,47.92,7.19,10.0
2026-09-19 00:19:18,LUM-101,25.53,28.03,34.53,0.15,48.2,7.23,10.0
2026-09-19 00:19:28,LUM-101,25.62,27.94,27.94,0.0,48.09,0.0,0.0
2026-09-19 00:19:38,LUM-101,25.66,27.9,27.9,0.0,47.82,0.0,0.0
2026-09-19 00:19:48,LUM-101,25.63,28.06,34.52,0.15,47.82,7.17,10.0
2026-09-19 00:19:58,LUM-101,25.61,27.93,27.93,0.0,47.91,0.0,0.0
2026-09-19 00:20:08,LUM-101,25.58,28.11,34.58,0.15,47.94,7.19,10.0
2026-09-19 00:20:18,LUM-101,25.53,28.2,34.66,0.15,47.8,7.17,10.0
2026-09-19 00:20:28,LUM-101,25.61,28.12,28.12,0.0,47.83,0.0,0.0
2026-09-19 00:20:38,LUM-101,25.66,28.25,34.71,0.15,47.89,7.18,10.0
2026-09-19 00:20:48,LUM-101,25.71,28.16,28.16,0.0,47.99,0.0,0.0
2026-09-19 00:20:58,LUM-101,25.52,28.24,34.73,0.15,48.11,7.22,10.0
2026-09-19 00:21:08,LUM-101,25.63,28.39,34.85,0.15,47.87,7.18,10.0
2026-09-19 00:21:18,LUM-101,25.68,28.31,28.31,0.0,47.9,0.0,0.0
2026-09-19 00:21:28,LUM-101,25.52,28.39,34.85,0.15,47.85,7.18,10.0
2026-09-19 00:21:38,LUM-101,25.53,28.52,35.02,0.15,48.17,7.23,10.0
2026-09-19 00:21:48,LUM-101,25.6,28.64,35.1,0.15,47.83,7.17,10.0
2026-09-19 00:21:58,LUM-101,25.6,28.52,28.52,0.0,47.86,0.0,0.0
2026-09-19 00:22:08,LUM-101,25.64,28.46,28.46,0.0,48.03,0.0,0.0
2026-09-19 00:22:18,LUM-101,25.56,28.4,28.4,0.0,47.83,0.0,0.0
2026-09-19 00:22:28,LUM-101,25.5,28.26,28.26,0.0,47.86,0.0,0.0
2026-09-19 00:22:38,LUM-101,25.65,28.19,28.19,0.0,48.0,0.0,0.0
2026-09-19 00:22:48,LUM-101,25.67,28.27,34.73,0.15,47.82,7.17,10.0
2026-09-19 00:22:58,LUM-101,25.59,28.23,28.23,0.0,47.83,0.0,0.0
2026-09-19 00:23:08,LUM-101,25.59,28.11,28.11,0.0,48.19,0.0,0.0
2026-09-19 00:23:18,LUM-101,25.65,27.99,27.99,0.0,48.0,0.0,0.0
2026-09-19 00:23:28,LUM-101,25.55,27.93,27.93,0.0,48.12,0.0,0.0
2026-09-19 00:23:38,LUM-101,25.55,28.01,34.51,0.15,48.14,7.22,10.0
2026-09-19 00:23:48,LUM-101,25.67,28.09,34.56,0.15,47.9,7.18,10.0
2026-09-19 00:23:58,LUM-101,25.52,28.25,34.72,0.15,47.93,7.19,10.0
2026-09-19 00:24:08,LUM-101,25.61,28.18,28.18,0.0,48.06,0.0,0.0
2026-09-19 00:24:18,LUM-101,25.59,28.07,28.07,0.0,48.03,0.0,0.0
2026-09-19 00:24:28,LUM-101,25.64,28.2,34.69,0.15,48.06,7.21,10.0
2026-09-19 00:24:38,LUM-101,25.55,28.33,34.79,0.15,47.88,7.18,10.0
2026-09-19 00:24:48,LUM-101,25.47,28.41,34.89,0.15,47.95,7.19,10.0
2026-09-19 00:24:58,LUM-101,25.57,28.54,35.03,0.15,48.04,7.21,10.0
2026-09-19 00:25:08,LUM-101,25.66,28.68,35.15,0.15,47.94,7.19,10.0
2026-09-19 00:25:18,LUM-101,25.53,28.56,28.56,0.0,47.83,0.0,0.0
2026-09-19 00:25:28,LUM-101,25.51,28.62,35.1,0.15,47.97,7.2,10.0
2026-09-19 00:25:38,LUM-101,25.54,28.76,35.22,0.15,47.81,7.17,10.0
2026-09-19 00:25:48,LUM-101,25.64,28.64,28.64,0.0,47.82,0.0,0.0
2026-09-19 00:25:58,LUM-101,25.5,28.56,28.56,0.0,47.86,0.0,0.0
2026-09-19 00:26:08,LUM-101,25.63,28.65,35.14,0.15,48.06,7.21,10.0
2026-09-19 00:26:18,LUM-101,25.55,28.76,35.23,0.15,47.93,7.19,10.0
2026-09-19 00:26:28,LUM-101,25.51,28.82,35.31,0.15,48.08,7.21,10.0
2026-09-19 00:26:38,LUM-101,25.45,28.94,35.44,0.15,48.13,7.22,10.0
2026-09-19 00:26:48,LUM-101,25.44,28.98,35.44,0.15,47.87,7.18,10.0
2026-09-19 00:26:58,LUM-101,25.54,29.03,35.53,0.15,48.17,7.23,10.0
2026-09-19 00:27:08,LUM-101,25.53,28.9,28.9,0.0,48.06,0.0,0.0
2026-09-19 00:27:18,LUM-101,25.49,28.96,35.46,0.15,48.12,7.22,10.0
2026-09-19 00:27:28,LUM-101,25.53,29.04,35.5,0.15,47.88,7.18,10.0
2026-09-19 00:27:38,LUM-101,25.47,29.12,35.59,0.15,47.92,7.19,10.0
2026-09-19 00:27:48,LUM-101,25.57,29.18,35.67,0.15,48.04,7.21,10.0
2026-09-19 00:27:58,LUM-101,25.51,29.08,29.08,0.0,48.07,0.0,0.0
2026-09-19 00:28:08,LUM-101,25.5,29.18,35.63,0.15,47.81,7.17,10.0
2026-09-19 00:28:18,LUM-101,25.49,29.23,35.73,0.15,48.15,7.22,10.0
2026-09-19 00:28:28,LUM-101,25.43,29.13,29.13,0.0,47.86,0.0,0.0
2026-09-19 00:28:38,LUM-101,25.43,28.97,28.97,0.0,48.1,0.0,0.0
2026-09-19 00:28:48,LUM-101,25.43,28.85,28.85,0.0,47.85,0.0,0.0
2026-09-19 00:28:58,LUM-101,25.43,28.91,35.39,0.15,48.03,7.2,10.0
2026-09-19 00:29:08,LUM-101,25.56,28.79,28.79,0.0,48.13,0.0,0.0
2026-09-19 00:29:18,LUM-101,25.6,28.85,35.32,0.15,47.89,7.18,10.0
2026-09-19 00:29:28,LUM-101,25.54,28.71,28.71,0.0,48.17,0.0,0.0
2026-09-19 00:29:38,LUM-101,25.6,28.85,35.35,0.15,48.11,7.22,10.0
2026-09-19 00:29:48,LUM-101,25.43,28.71,28.71,0.0,48.08,0.0,0.0
2026-09-19 00:29:58,LUM-101,25.48,28.59,28.59,0.0,47.82,0.0,0.0
2026-09-19 00:30:08,LUM-101,25.44,28.47,28.47,0.0,47.84,0.0,0.0
2026-09-19 00:30:18,LUM-101,25.45,28.52,34.98,0.15,47.84,7.18,10.0
2026-09-19 00:30:28,LUM-101,25.59,28.59,35.07,0.15,47.98,7.2,10.0
2026-09-19 00:30:38,LUM-101,25.53,28.71,35.19,0.15,48.0,7.2,10.0
2026-09-19 00:30:48,LUM-101,25.52,28.77,35.26,0.15,48.09,7.21,10.0
2026-09-19 00:30:58,LUM-101,25.44,28.89,35.39,0.15,48.12,7.22,10.0
2026-09-19 00:31:08,LUM-101,25.41,28.99,35.45,0.15,47.81,7.17,10.0
2026-09-19 00:31:18,LUM-101,25.41,28.92,28.92,0.0,47.82,0.0,0.0
2026-09-19 00:31:28,LUM-101,25.57,28.83,28.83,0.0,48.14,0.0,0.0
2026-09-19 00:31:38,LUM-101,25.46,28.76,28.76,0.0,47.92,0.0,0.0
2026-09-19 00:31:48,LUM-101,25.54,28.81,35.27,0.15,47.89,7.18,10.0
2026-09-19 00:31:58,LUM-101,25.54,28.9,35.39,0.15,48.09,7.21,10.0
2026-09-19 00:32:08,LUM-101,25.39,28.81,28.81,0.0,47.94,0.0,0.0
2026-09-19 00:32:18,LUM-101,25.51,28.69,28.69,0.0,48.0,0.0,0.0
2026-09-19 00:32:28,LUM-101,25.39,28.83,35.32,0.15,48.09,7.21,10.0
2026-09-19 00:32:38,LUM-101,25.42,28.72,28.72,0.0,48.07,0.0,0.0
2026-09-19 00:32:48,LUM-101,25.53,28.58,28.58,0.0,48.13,0.0,0.0
2026-09-19 00:32:58,LUM-101,25.39,28.49,28.49,0.0,48.06,0.0,0.0
2026-09-19 00:33:08,LUM-101,25.47,28.56,35.05,0.15,48.12,7.22,10.0
2026-09-19 00:33:18,LUM-101,25.48,28.47,28.47,0.0,48.19,0.0,0.0
2026-09-19 00:33:28,LUM-101,25.42,28.39,28.39,0.0,47.9,0.0,0.0
2026-09-19 00:33:38,LUM-101,25.5,28.51,35.01,0.15,48.2,7.23,10.0
2026-09-19 00:33:48,LUM-101,25.52,28.57,35.04,0.15,47.91,7.19,10.0
2026-09-19 00:33:58,LUM-101,25.54,28.64,35.11,0.15,47.92,7.19,10.0
2026-09-19 00:34:08,LUM-101,25.37,28.49,28.49,0.0,48.02,0.0,0.0
2026-09-19 00:34:18,LUM-101,25.35,28.4,28.4,0.0,47.86,0.0,0.0
2026-09-19 00:34:28,LUM-101,25.5,28.35,28.35,0.0,48.18,0.0,0.0
2026-09-19 00:34:38,LUM-101,25.4,28.49,35.0,0.15,48.18,7.23,10.0
2026-09-19 00:34:48,LUM-101,25.34,28.6,35.06,0.15,47.82,7.17,10.0
2026-09-19 00:34:58,LUM-101,25.45,28.68,35.18,0.15,48.17,7.22,10.0
2026-09-19 00:35:08,LUM-101,25.45,28.56,28.56,0.0,47.86,0.0,0.0
2026-09-19 00:35:18,LUM-101,25.33,28.48,28.48,0.0,47.98,0.0,0.0
2026-09-19 00:35:28,LUM-101,25.38,28.42,28.42,0.0,48.05,0.0,0.0
2026-09-19 00:35:38,LUM-101,25.41,28.31,28.31,0.0,47.96,0.0,0.0
2026-09-19 00:35:48,LUM-101,25.51,28.38,34.87,0.15,48.1,7.21,10.0
2026-09-19 00:35:58,LUM-101,25.42,28.46,34.93,0.15,47.89,7.18,10.0
2026-09-19 00:36:08,LUM-101,25.41,28.32,28.32,0.0,47.84,0.0,0.0
2026-09-19 00:36:18,LUM-101,25.48,28.45,34.95,0.15,48.13,7.22,10.0
2026-09-19 00:36:28,LUM-101,25.35,28.39,28.39,0.0,48.06,0.0,0.0
2026-09-19 00:36:38,LUM-101,25.5,28.5,34.97,0.15,47.87,7.18,10.0
2026-09-19 00:36:48,LUM-101,25.5,28.45,28.45,0.0,48.1,0.0,0.0
2026-09-19 00:36:58,LUM-101,25.31,28.53,34.98,0.15,47.8,7.17,10.0
2026-09-19 00:37:08,LUM-101,25.34,28.41,28.41,0.0,48.04,0.0,0.0
2026-09-19 00:37:18,LUM-101,25.33,28.53,35.04,0.15,48.17,7.23,10.0
2026-09-19 00:37:28,LUM-101,25.38,28.39,28.39,0.0,47.88,0.0,0.0
2026-09-19 00:37:38,LUM-101,25.33,28.27,28.27,0.0,47.96,0.0,0.0
2026-09-19 00:37:48,LUM-101,25.4,28.37,34.83,0.15,47.84,7.18,10.0
2026-09-19 00:37:58,LUM-101,25.41,28.49,34.98,0.15,48.03,7.2,10.0
2026-09-19 00:38:08,LUM-101,25.41,28.56,35.03,0.15,47.89,7.18,10.0
2026-09-19 00:38:18,LUM-101,25.32,28.41,28.41,0.0,48.16,0.0,0.0
2026-09-19 00:38:28,LUM-101,25.31,28.47,34.95,0.15,48.04,7.21,10.0
2026-09-19 00:38:38,LUM-101,25.3,28.6,35.08,0.15,48.04,7.21,10.0
2026-09-19 00:38:48,LUM-101,25.46,28.68,35.16,0.15,48.02,7.2,10.0
2026-09-19 00:38:58,LUM-101,25.44,28.82,35.29,0.15,47.96,7.19,10.0
2026-09-19 00:39:08,LUM-101,25.4,28.75,28.75,0.0,48.19,0.0,0.0
2026-09-19 00:39:18,LUM-101,25.44,28.86,35.35,0.15,48.12,7.22,10.0
2026-09-19 00:39:28,LUM-101,25.32,28.69,28.69,0.0,47.98,0.0,0.0
2026-09-19 00:39:38,LUM-101,25.43,28.76,35.25,0.15,48.07,7.21,10.0
2026-09-19 00:39:48,LUM-101,25.45,28.85,35.33,0.15,48.0,7.2,10.0
2026-09-19 00:39:58,LUM-101,25.3,28.71,28.71,0.0,47.81,0.0,0.0
2026-09-19 00:40:08,LUM-101,25.38,28.58,28.58,0.0,47.87,0.0,0.0
2026-09-19 00:40:18,LUM-101,25.39,28.71,35.17,0.15,47.85,7.18,10.0
2026-09-19 00:40:28,LUM-101,25.37,28.56,28.56,0.0,47.99,0.0,0.0
2026-09-19 00:40:38,LUM-101,25.41,28.63,35.1,0.15,47.91,7.19,10.0
2026-09-19 00:40:48,LUM-101,25.45,28.76,35.22,0.15,47.86,7.18,10.0
2026-09-19 00:40:58,LUM-101,25.43,28.85,35.34,0.15,48.07,7.21,10.0
2026-09-19 00:41:08,LUM-101,25.41,28.91,35.38,0.15,47.91,7.19,10.0
2026-09-19 00:41:18,LUM-101,25.28,28.99,35.46,0.15,47.96,7.19,10.0
2026-09-19 00:41:28,LUM-101,25.43,28.88,28.88,0.0,47.83,0.0,0.0
2026-09-19 00:41:38,LUM-101,25.25,29.0,35.49,0.15,48.1,7.22,10.0
2026-09-19 00:41:48,LUM-101,25.25,29.08,35.58,0.15,48.15,7.22,10.0
2026-09-19 00:41:58,LUM-101,25.43,28.92,28.92,0.0,48.16,0.0,0.0
2026-09-19 00:42:08,LUM-101,25.37,28.82,28.82,0.0,48.03,0.0,0.0
2026-09-19 00:42:18,LUM-101,25.24,28.94,35.42,0.15,48.05,7.21,10.0
2026-09-19 00:42:28,LUM-101,25.38,28.86,28.86,0.0,47.92,0.0,0.0
2026-09-19 00:42:38,LUM-101,25.35,28.93,35.41,0.15,47.99,7.2,10.0
2026-09-19 00:42:48,LUM-101,25.36,28.84,28.84,0.0,47.87,0.0,0.0
2026-09-19 00:42:58,LUM-101,25.33,28.94,35.43,0.15,48.06,7.21,10.0
2026-09-19 00:43:08,LUM-101,25.32,28.79,28.79,0.0,48.1,0.0,0.0
2026-09-19 00:43:18,LUM-101,25.38,28.91,35.38,0.15,47.86,7.18,10.0
2026-09-19 00:43:28,LUM-101,25.42,28.96,35.43,0.15,47.94,7.19,10.0
2026-09-19 00:43:38,LUM-101,25.24,29.09,35.58,0.15,48.06,7.21,10.0
2026-09-19 00:43:48,LUM-101,25.25,29.01,29.01,0.0,47.81,0.0,0.0
2026-09-19 00:43:58,LUM-101,25.39,29.05,35.53,0.15,47.99,7.2,10.0
2026-09-19 00:44:08,LUM-101,25.21,29.16,35.66,0.15,48.14,7.22,10.0
2026-09-19 00:44:18,LUM-101,25.35,29.08,29.08,0.0,48.09,0.0,0.0
2026-09-19 00:44:28,LUM-101,25.24,29.14,35.61,0.15,47.89,7.18,10.0
2026-09-19 00:44:38,LUM-101,25.26,28.98,28.98,0.0,48.15,0.0,0.0
2026-09-19 00:44:48,LUM-101,25.38,28.83,28.83,0.0,48.02,0.0,0.0
2026-09-19 00:44:58,LUM-101,25.33,28.76,28.76,0.0,48.03,0.0,0.0
2026-09-19 00:45:08,LUM-101,25.39,28.67,28.67,0.0,48.04,0.0,0.0
2026-09-19 00:45:18,LUM-101,25.33,28.52,28.52,0.0,48.13,0.0,0.0
2026-09-19 00:45:28,LUM-101,25.31,28.58,35.05,0.15,47.92,7.19,10.0
2026-09-19 00:45:38,LUM-101,25.25,28.47,28.47,0.0,47.94,0.0,0.0
2026-09-19 00:45:48,LUM-101,25.2,28.58,35.04,0.15,47.83,7.17,10.0
2026-09-19 00:45:58,LUM-101,25.28,28.44,28.44,0.0,48.18,0.0,0.0
2026-09-19 00:46:08,LUM-101,25.33,28.29,28.29,0.0,48.09,0.0,0.0
2026-09-19 00:46:18,LUM-101,25.23,28.35,34.82,0.15,47.92,7.19,10.0
2026-09-19 00:46:28,LUM-101,25.19,28.2,28.2,0.0,48.03,0.0,0.0
2026-09-19 00:46:38,LUM-101,25.21,28.32,34.8,0.15,47.99,7.2,10.0
2026-09-19 00:46:48,LUM-101,25.34,28.38,34.86,0.15,47.99,7.2,10.0
2026-09-19 00:46:58,LUM-101,25.36,28.27,28.27,0.0,47.96,0.0,0.0
2026-09-19 00:47:08,LUM-101,25.18,28.4,34.86,0.15,47.88,7.18,10.0
2026-09-19 00:47:18,LUM-101,25.28,28.46,34.95,0.15,48.11,7.22,10.0
2026-09-19 00:47:28,LUM-101,25.29,28.31,28.31,0.0,48.17,0.0,0.0
2026-09-19 00:47:38,LUM-101,25.27,28.45,34.92,0.15,47.88,7.18,10.0
2026-09-19 00:47:48,LUM-101,25.33,28.3,28.3,0.0,48.17,0.0,0.0
2026-09-19 00:47:58,LUM-101,25.33,28.16,28.16,0.0,48.07,0.0,0.0
2026-09-19 00:48:08,LUM-101,25.24,28.09,28.09,0.0,48.15,0.0,0.0
2026-09-19 00:48:18,LUM-101,25.17,28.2,34.69,0.15,48.06,7.21,10.0
2026-09-19 00:48:28,LUM-101,25.33,28.08,28.08,0.0,47.85,0.0,0.0
2026-09-19 00:48:38,LUM-101,25.31,28.21,34.7,0.15,48.07,7.21,10.0
2026-09-19 00:48:48,LUM-101,25.34,28.29,34.75,0.15,47.85,7.18,10.0
2026-09-19 00:48:58,LUM-101,25.31,28.19,28.19,0.0,47.93,0.0,0.0
2026-09-19 00:49:08,LUM-101,25.3,28.28,34.78,0.15,48.15,7.22,10.0
2026-09-19 00:49:18,LUM-101,25.19,28.34,34.84,0.15,48.16,7.22,10.0
2026-09-19 00:49:28,LUM-101,25.29,28.27,28.27,0.0,47.81,0.0,0.0
2026-09-19 00:49:38,LUM-101,25.19,28.35,34.83,0.15,48.0,7.2,10.0
2026-09-19 00:49:48,LUM-101,25.32,28.24,28.24,0.0,47.82,0.0,0.0
2026-09-19 00:49:58,LUM-101,25.2,28.17,28.17,0.0,48.19,0.0,0.0
2026-09-19 00:50:08,LUM-101,25.18,28.12,28.12,0.0,48.11,0.0,0.0
2026-09-19 00:50:18,LUM-101,25.32,28.22,34.7,0.15,48.02,7.2,10.0
2026-09-19 00:50:28,LUM-101,25.29,28.1,28.1,0.0,48.11,0.0,0.0
2026-09-19 00:50:38,LUM-101,25.17,28.21,34.68,0.15,47.88,7.18,10.0
2026-09-19 00:50:48,LUM-101,25.28,28.3,34.79,0.15,48.1,7.22,10.0
2026-09-19 00:50:58,LUM-101,25.23,28.21,28.21,0.0,48.17,0.0,0.0
2026-09-19 00:51:08,LUM-101,25.32,28.28,34.79,0.15,48.18,7.23,10.0
2026-09-19 00:51:18,LUM-101,25.29,28.2,28.2,0.0,47.87,0.0,0.0
2026-09-19 00:51:28,LUM-101,25.24,28.1,28.1,0.0,47.94,0.0,0.0
2026-09-19 00:51:38,LUM-101,25.12,28.24,34.71,0.15,47.94,7.19,10.0
2026-09-19 00:51:48,LUM-101,25.15,28.1,28.1,0.0,47.81,0.0,0.0
2026-09-19 00:51:58,LUM-101,25.18,28.16,34.62,0.15,47.8,7.17,10.0
2026-09-19 00:52:08,LUM-101,25.11,28.1,28.1,0.0,48.14,0.0,0.0
2026-09-19 00:52:18,LUM-101,25.23,28.23,34.68,0.15,47.8,7.17,10.0
2026-09-19 00:52:28,LUM-101,25.12,28.32,34.81,0.15,48.02,7.2,10.0
2026-09-19 00:52:38,LUM-101,25.24,28.44,34.92,0.15,48.02,7.2,10.0
2026-09-19 00:52:48,LUM-101,25.12,28.48,34.94,0.15,47.84,7.18,10.0
2026-09-19 00:52:58,LUM-101,25.28,28.34,28.34,0.0,47.93,0.0,0.0
2026-09-19 00:53:08,LUM-101,25.17,28.28,28.28,0.0,47.97,0.0,0.0
2026-09-19 00:53:18,LUM-101,25.21,28.41,34.9,0.15,48.04,7.21,10.0
2026-09-19 00:53:28,LUM-101,25.1,28.34,28.34,0.0,48.08,0.0,0.0
2026-09-19 00:53:38,LUM-101,25.22,28.27,28.27,0.0,48.12,0.0,0.0
2026-09-19 00:53:48,LUM-101,25.2,28.18,28.18,0.0,47.98,0.0,0.0
2026-09-19 00:53:58,LUM-101,25.18,28.06,28.06,0.0,47.9,0.0,0.0
2026-09-19 00:54:08,LUM-101,25.18,27.93,27.93,0.0,47.82,0.0,0.0
2026-09-19 00:54:18,LUM-101,25.12,27.8,27.8,0.0,47.81,0.0,0.0
2026-09-19 00:54:28,LUM-101,25.18,27.88,34.39,0.15,48.16,7.22,10.0
2026-09-19 00:54:38,LUM-101,25.23,27.97,34.47,0.15,48.16,7.22,10.0
2026-09-19 00:54:48,LUM-101,25.23,28.12,34.62,0.15,48.13,7.22,10.0
2026-09-19 00:54:58,LUM-101,25.17,28.01,28.01,0.0,48.18,0.0,0.0
2026-09-19 00:55:08,LUM-101,25.26,28.07,34.55,0.15,47.93,7.19,10.0
2026-09-19 00:55:18,LUM-101,25.17,27.97,27.97,0.0,47.94,0.0,0.0
2026-09-19 00:55:28,LUM-101,25.1,28.09,34.58,0.15,48.05,7.21,10.0
2026-09-19 00:55:38,LUM-101,25.14,27.98,27.98,0.0,48.12,0.0,0.0
2026-09-19 00:55:48,LUM-101,25.08,27.85,27.85,0.0,47.87,0.0,0.0
2026-09-19 00:55:58,LUM-101,25.07,27.76,27.76,0.0,48.02,0.0,0.0
2026-09-19 00:56:08,LUM-101,25.08,27.63,27.63,0.0,47.87,0.0,0.0
2026-09-19 00:56:18,LUM-101,25.11,27.55,27.55,0.0,47.95,0.0,0.0
2026-09-19 00:56:28,LUM-101,25.16,27.65,34.1,0.15,47.81,7.17,10.0
2026-09-19 00:56:38,LUM-101,25.11,27.74,34.2,0.15,47.86,7.18,10.0
2026-09-19 00:56:48,LUM-101,25.12,27.87,34.34,0.15,47.93,7.19,10.0
2026-09-19 00:56:58,LUM-101,25.09,27.82,27.82,0.0,48.07,0.0,0.0
2026-09-19 00:57:08,LUM-101,25.12,27.95,34.44,0.15,48.04,7.21,10.0
2026-09-19 00:57:18,LUM-101,25.18,28.08,34.57,0.15,48.04,7.21,10.0
2026-09-19 00:57:28,LUM-101,25.18,28.22,34.68,0.15,47.88,7.18,10.0
2026-09-19 00:57:38,LUM-101,25.14,28.36,34.83,0.15,47.9,7.18,10.0
2026-09-19 00:57:48,LUM-101,25.04,28.48,34.98,0.15,48.18,7.23,10.0
2026-09-19 00:57:58,LUM-101,25.23,28.32,28.32,0.0,48.16,0.0,0.0
2026-09-19 00:58:08,LUM-101,25.03,28.38,34.84,0.15,47.89,7.18,10.0
2026-09-19 00:58:18,LUM-101,25.18,28.49,34.97,0.15,47.99,7.2,10.0
2026-09-19 00:58:28,LUM-101,25.06,28.33,28.33,0.0,47.88,0.0,0.0
2026-09-19 00:58:38,LUM-101,25.06,28.26,28.26,0.0,47.85,0.0,0.0
2026-09-19 00:58:48,LUM-101,25.05,28.37,34.87,0.15,48.08,7.21,10.0
2026-09-19 00:58:58,LUM-101,25.1,28.42,34.88,0.15,47.84,7.18,10.0
2026-09-19 00:59:08,LUM-101,25.13,28.27,28.27,0.0,47.8,0.0,0.0
2026-09-19 00:59:18,LUM-101,25.02,28.37,34.83,0.15,47.83,7.17,10.0
2026-09-19 00:59:28,LUM-101,25.06,28.45,34.91,0.15,47.83,7.17,10.0
2026-09-19 00:59:38,LUM-101,25.14,28.3,28.3,0.0,48.06,0.0,0.0
2026-09-19 00:59:48,LUM-101,25.01,28.36,34.82,0.15,47.85,7.18,10.0
2026-09-19 00:59:58,LUM-101,25.13,28.29,28.29,0.0,47.89,0.0,0.0
2026-09-19 01:00:08,LUM-101,25.15,28.21,28.21,0.0,48.01,0.0,0.0
2026-09-19 01:00:18,LUM-101,25.02,28.1,28.1,0.0,48.07,0.0,0.0
2026-09-19 01:00:28,LUM-101,25.03,28.22,34.72,0.15,48.18,7.23,10.0
2026-09-19 01:00:38,LUM-101,25.0,28.35,34.84,0.15,48.04,7.21,10.0
2026-09-19 01:00:48,LUM-101,25.12,28.25,28.25,0.0,47.88,0.0,0.0
2026-09-19 01:00:58,LUM-101,25.17,28.15,28.15,0.0,47.85,0.0,0.0
2026-09-19 01:01:08,LUM-101,25.09,28.03,28.03,0.0,47.8,0.0,0.0
2026-09-19 01:01:18,LUM-101,25.09,27.9,27.9,0.0,48.09,0.0,0.0
2026-09-19 01:01:28,LUM-101,25.02,28.03,34.5,0.15,47.93,7.19,10.0
2026-09-19 01:01:38,LUM-101,25.04,28.1,34.57,0.15,47.95,7.19,10.0
2026-09-19 01:01:48,LUM-101,25.16,28.01,28.01,0.0,48.0,0.0,0.0
2026-09-19 01:01:58,LUM-101,25.0,27.9,27.9,0.0,48.15,0.0,0.0
2026-09-19 01:02:08,LUM-101,25.09,28.05,34.54,0.15,48.05,7.21,10.0
2026-09-19 01:02:18,LUM-101,25.03,28.11,34.57,0.15,47.84,7.18,10.0
2026-09-19 01:02:28,LUM-101,25.11,28.18,34.63,0.15,47.81,7.17,10.0
2026-09-19 01:02:38,LUM-101,25.09,28.32,34.8,0.15,47.98,7.2,10.0
2026-09-19 01:02:48,LUM-101,25.05,28.18,28.18,0.0,47.92,0.0,0.0
2026-09-19 01:02:58,LUM-101,24.98,28.06,28.06,0.0,48.06,0.0,0.0
2026-09-19 01:03:08,LUM-101,24.98,27.97,27.97,0.0,48.2,0.0,0.0
2026-09-19 01:03:18,LUM-101,25.12,27.89,27.89,0.0,48.07,0.0,0.0
2026-09-19 01:03:28,LUM-101,25.12,27.98,34.48,0.15,48.12,7.22,10.0
2026-09-19 01:03:38,LUM-101,24.98,27.86,27.86,0.0,48.11,0.0,0.0
2026-09-19 01:03:48,LUM-101,25.08,27.74,27.74,0.0,48.15,0.0,0.0
2026-09-19 01:03:58,LUM-101,25.1,27.67,27.67,0.0,48.12,0.0,0.0
2026-09-19 01:04:08,LUM-101,24.97,27.8,34.26,0.15,47.88,7.18,10.0
2026-09-19 01:04:18,LUM-101,25.01,27.68,27.68,0.0,47.96,0.0,0.0
2026-09-19 01:04:28,LUM-101,25.12,27.77,34.25,0.15,48.02,7.2,10.0
2026-09-19 01:04:38,LUM-101,25.11,27.92,34.41,0.15,48.04,7.21,10.0
2026-09-19 01:04:48,LUM-101,25.04,28.01,34.49,0.15,48.0,7.2,10.0
2026-09-19 01:04:58,LUM-101,25.03,27.9,27.9,0.0,47.83,0.0,0.0
2026-09-19 01:05:08,LUM-101,25.08,27.77,27.77,0.0,48.18,0.0,0.0
2026-09-19 01:05:18,LUM-101,24.96,27.65,27.65,0.0,47.8,0.0,0.0
2026-09-19 01:05:28,LUM-101,24.96,27.6,27.6,0.0,48.15,0.0,0.0
2026-09-19 01:05:38,LUM-101,25.02,27.48,27.48,0.0,47.9,0.0,0.0
2026-09-19 01:05:48,LUM-101,25.05,27.56,34.06,0.15,48.12,7.22,10.0
2026-09-19 01:05:58,LUM-101,25.07,27.48,27.48,0.0,47.92,0.0,0.0
2026-09-19 01:06:08,LUM-101,24.93,27.44,27.44,0.0,47.92,0.0,0.0
2026-09-19 01:06:18,LUM-101,24.96,27.52,34.02,0.15,48.15,7.22,10.0
2026-09-19 01:06:28,LUM-101,24.97,27.39,27.39,0.0,48.18,0.0,0.0
2026-09-19 01:06:38,LUM-101,24.93,27.33,27.33,0.0,47.98,0.0,0.0
2026-09-19 01:06:48,LUM-101,25.06,27.49,33.99,0.15,48.16,7.22,10.0
2026-09-19 01:06:58,LUM-101,25.04,27.46,27.46,0.0,48.06,0.0,0.0
2026-09-19 01:07:08,LUM-101,25.01,27.39,27.39,0.0,47.93,0.0,0.0
2026-09-19 01:07:18,LUM-101,25.0,27.49,33.97,0.15,47.98,7.2,10.0
2026-09-19 01:07:28,LUM-101,24.93,27.41,27.41,0.0,47.91,0.0,0.0
2026-09-19 01:07:38,LUM-101,24.93,27.54,34.02,0.15,47.98,7.2,10.0
2026-09-19 01:07:48,LUM-101,25.01,27.63,34.09,0.15,47.85,7.18,10.0
2026-09-19 01:07:58,LUM-101,24.99,27.55,27.55,0.0,48.01,0.0,0.0
2026-09-19 01:08:08,LUM-101,25.09,27.5,27.5,0.0,47.93,0.0,0.0
2026-09-19 01:08:18,LUM-101,25.0,27.44,27.44,0.0,47.9,0.0,0.0
2026-09-19 01:08:28,LUM-101,24.96,27.33,27.33,0.0,48.17,0.0,0.0
2026-09-19 01:08:38,LUM-101,24.95,27.24,27.24,0.0,47.87,0.0,0.0
2026-09-19 01:08:48,LUM-101,24.91,27.19,27.19,0.0,47.84,0.0,0.0
2026-09-19 01:08:58,LUM-101,25.02,27.1,27.1,0.0,47.98,0.0,0.0
2026-09-19 01:09:08,LUM-101,25.04,27.01,27.01,0.0,47.86,0.0,0.0
2026-09-19 01:09:18,LUM-101,25.03,26.91,26.91,0.0,48.2,0.0,0.0
2026-09-19 01:09:28,LUM-101,24.96,27.0,33.47,0.15,47.88,7.18,10.0
2026-09-19 01:09:38,LUM-101,24.98,27.09,33.55,0.15,47.83,7.17,10.0
2026-09-19 01:09:48,LUM-101,25.01,27.21,33.7,0.15,48.09,7.21,10.0
2026-09-19 01:09:58,LUM-101,24.89,27.15,27.15,0.0,48.19,0.0,0.0
2026-09-19 01:10:08,LUM-101,24.99,27.09,27.09,0.0,47.91,0.0,0.0
2026-09-19 01:10:18,LUM-101,24.88,26.98,26.98,0.0,48.09,0.0,0.0
2026-09-19 01:10:28,LUM-101,25.04,27.11,33.61,0.15,48.15,7.22,10.0
2026-09-19 01:10:38,LUM-101,25.0,27.27,33.77,0.15,48.18,7.23,10.0
2026-09-19 01:10:48,LUM-101,24.98,27.19,27.19,0.0,47.83,0.0,0.0
2026-09-19 01:10:58,LUM-101,24.91,27.12,27.12,0.0,48.14,0.0,0.0
2026-09-19 01:11:08,LUM-101,24.93,27.24,33.71,0.15,47.96,7.19,10.0
2026-09-19 01:11:18,LUM-101,24.87,27.37,33.84,0.15,47.93,7.19,10.0
2026-09-19 01:11:28,LUM-101,24.9,27.46,33.93,0.15,47.92,7.19,10.0
2026-09-19 01:11:38,LUM-101,25.02,27.34,27.34,0.0,47.84,0.0,0.0
2026-09-19 01:11:48,LUM-101,24.97,27.24,27.24,0.0,48.15,0.0,0.0
2026-09-19 01:11:58,LUM-101,25.04,27.42,33.88,0.15,47.87,7.18,10.0
2026-09-19 01:12:08,LUM-101,25.01,27.37,27.37,0.0,48.08,0.0,0.0
2026-09-19 01:12:18,LUM-101,24.98,27.34,27.34,0.0,47.88,0.0,0.0
2026-09-19 01:12:28,LUM-101,25.02,27.27,27.27,0.0,47.86,0.0,0.0
2026-09-19 01:12:38,LUM-101,24.92,27.17,27.17,0.0,47.84,0.0,0.0
2026-09-19 01:12:48,LUM-101,25.0,27.14,27.14,0.0,47.83,0.0,0.0
2026-09-19 01:12:58,LUM-101,24.94,27.04,27.04,0.0,48.17,0.0,0.0
2026-09-19 01:13:08,LUM-101,24.84,26.94,26.94,0.0,47.96,0.0,0.0
2026-09-19 01:13:18,LUM-101,24.86,27.1,33.56,0.15,47.83,7.17,10.0
2026-09-19 01:13:28,LUM-101,24.85,27.27,33.78,0.15,48.18,7.23,10.0
2026-09-19 01:13:38,LUM-101,24.86,27.35,33.85,0.15,48.1,7.22,10.0
2026-09-19 01:13:48,LUM-101,24.97,27.48,33.98,0.15,48.18,7.23,10.0
2026-09-19 01:13:58,LUM-101,24.93,27.34,27.34,0.0,47.85,0.0,0.0
2026-09-19 01:14:08,LUM-101,24.84,27.22,27.22,0.0,47.81,0.0,0.0
2026-09-19 01:14:18,LUM-101,25.02,27.39,33.88,0.15,48.06,7.21,10.0
2026-09-19 01:14:28,LUM-101,24.84,27.49,33.99,0.15,48.17,7.23,10.0
2026-09-19 01:14:38,LUM-101,24.99,27.61,34.09,0.15,47.96,7.19,10.0
2026-09-19 01:14:48,LUM-101,24.9,27.76,34.24,0.15,48.04,7.21,10.0
2026-09-19 01:14:58,LUM-101,24.92,27.83,34.32,0.15,48.12,7.22,10.0
2026-09-19 01:15:08,LUM-101,24.88,27.75,27.75,0.0,48.13,0.0,0.0
2026-09-19 01:15:18,LUM-101,24.81,27.67,27.67,0.0,48.15,0.0,0.0
2026-09-19 01:15:28,LUM-101,24.9,27.6,27.6,0.0,47.9,0.0,0.0
2026-09-19 01:15:38,LUM-101,24.9,27.73,34.21,0.15,47.98,7.2,10.0
2026-09-19 01:15:48,LUM-101,24.94,27.88,34.39,0.15,48.17,7.23,10.0
2026-09-19 01:15:58,LUM-101,24.92,27.79,27.79,0.0,47.85,0.0,0.0
2026-09-19 01:16:08,LUM-101,24.94,27.94,34.42,0.15,47.98,7.2,10.0
2026-09-19 01:16:18,LUM-101,24.82,27.8,27.8,0.0,48.1,0.0,0.0
2026-09-19 01:16:28,LUM-101,24.94,27.87,34.34,0.15,47.95,7.19,10.0
2026-09-19 01:16:38,LUM-101,24.95,27.74,27.74,0.0,48.1,0.0,0.0
2026-09-19 01:16:48,LUM-101,24.81,27.82,34.28,0.15,47.91,7.19,10.0
2026-09-19 01:16:58,LUM-101,24.89,27.72,27.72,0.0,48.07,0.0,0.0
2026-09-19 01:17:08,LUM-101,24.97,27.58,27.58,0.0,47.82,0.0,0.0
2026-09-19 01:17:18,LUM-101,24.88,27.44,27.44,0.0,47.82,0.0,0.0
2026-09-19 01:17:28,LUM-101,24.92,27.59,34.07,0.15,47.97,7.2,10.0
2026-09-19 01:17:38,LUM-101,24.81,27.47,27.47,0.0,47.93,0.0,0.0
2026-09-19 01:17:48,LUM-101,24.87,27.43,27.43,0.0,47.81,0.0,0.0
2026-09-19 01:17:58,LUM-101,24.84,27.33,27.33,0.0,48.05,0.0,0.0
2026-09-19 01:18:08,LUM-101,24.88,27.43,33.91,0.15,47.99,7.2,10.0
2026-09-19 01:18:18,LUM-101,24.83,27.58,34.05,0.15,47.97,7.2,10.0
2026-09-19 01:18:28,LUM-101,24.81,27.44,27.44,0.0,47.99,0.0,0.0
2026-09-19 01:18:38,LUM-101,24.77,27.57,34.04,0.15,47.95,7.19,10.0
2026-09-19 01:18:48,LUM-101,24.86,27.65,34.11,0.15,47.84,7.18,10.0
2026-09-19 01:18:58,LUM-101,24.9,27.53,27.53,0.0,48.05,0.0,0.0
2026-09-19 01:19:08,LUM-101,24.81,27.41,27.41,0.0,47.87,0.0,0.0
2026-09-19 01:19:18,LUM-101,24.9,27.58,34.04,0.15,47.81,7.17,10.0
2026-09-19 01:19:28,LUM-101,24.76,27.46,27.46,0.0,47.88,0.0,0.0
2026-09-19 01:19:38,LUM-101,24.79,27.57,34.04,0.15,47.91,7.19,10.0
2026-09-19 01:19:48,LUM-101,24.8,27.69,34.14,0.15,47.8,7.17,10.0
2026-09-19 01:19:58,LUM-101,24.86,27.58,27.58,0.0,47.95,0.0,0.0
2026-09-19 01:20:08,LUM-101,24.87,27.7,34.16,0.15,47.91,7.19,10.0
2026-09-19 01:20:18,LUM-101,24.88,27.56,27.56,0.0,48.2,0.0,0.0
2026-09-19 01:20:28,LUM-101,24.82,27.65,34.11,0.15,47.87,7.18,10.0
2026-09-19 01:20:38,LUM-101,24.76,27.75,34.21,0.15,47.89,7.18,10.0
2026-09-19 01:20:48,LUM-101,24.74,27.85,34.31,0.15,47.85,7.18,10.0
2026-09-19 01:20:58,LUM-101,24.74,27.93,34.38,0.15,47.84,7.18,10.0
2026-09-19 01:21:08,LUM-101,24.83,28.07,34.53,0.15,47.9,7.18,10.0
2026-09-19 01:21:18,LUM-101,24.86,28.14,34.63,0.15,48.13,7.22,10.0
2026-09-19 01:21:28,LUM-101,24.73,28.07,28.07,0.0,47.83,0.0,0.0
2026-09-19 01:21:38,LUM-101,24.78,27.96,27.96,0.0,48.15,0.0,0.0
2026-09-19 01:21:48,LUM-101,24.78,27.84,27.84,0.0,48.07,0.0,0.0
2026-09-19 01:21:58,LUM-101,24.74,27.69,27.69,0.0,48.12,0.0,0.0
2026-09-19 01:22:08,LUM-101,24.82,27.61,27.61,0.0,48.13,0.0,0.0
2026-09-19 01:22:18,LUM-101,24.75,27.48,27.48,0.0,48.02,0.0,0.0
2026-09-19 01:22:28,LUM-101,24.77,27.62,34.11,0.15,48.13,7.22,10.0
2026-09-19 01:22:38,LUM-101,24.72,27.51,27.51,0.0,48.05,0.0,0.0
2026-09-19 01:22:48,LUM-101,24.71,27.6,34.07,0.15,47.87,7.18,10.0
2026-09-19 01:22:58,LUM-101,24.74,27.54,27.54,0.0,48.15,0.0,0.0
2026-09-19 01:23:08,LUM-101,24.7,27.68,34.14,0.15,47.92,7.19,10.0
2026-09-19 01:23:18,LUM-101,24.8,27.56,27.56,0.0,48.14,0.0,0.0
2026-09-19 01:23:28,LUM-101,24.78,27.7,34.2,0.15,48.16,7.22,10.0
2026-09-19 01:23:38,LUM-101,24.83,27.65,27.65,0.0,48.01,0.0,0.0
2026-09-19 01:23:48,LUM-101,24.72,27.53,27.53,0.0,47.92,0.0,0.0
2026-09-19 01:23:58,LUM-101,24.76,27.65,34.15,0.15,48.14,7.22,10.0
2026-09-19 01:24:08,LUM-101,24.71,27.54,27.54,0.0,48.0,0.0,0.0
2026-09-19 01:24:18,LUM-101,24.74,27.62,34.11,0.15,48.11,7.22,10.0
2026-09-19 01:24:28,LUM-101,24.85,27.7,34.2,0.15,48.18,7.23,10.0
2026-09-19 01:24:38,LUM-101,24.72,27.85,34.34,0.15,48.09,7.21,10.0
2026-09-19 01:24:48,LUM-101,24.71,27.72,27.72,0.0,48.01,0.0,0.0
2026-09-19 01:24:58,LUM-101,24.71,27.61,27.61,0.0,48.09,0.0,0.0
2026-09-19 01:25:08,LUM-101,24.72,27.69,34.16,0.15,47.94,7.19,10.0
2026-09-19 01:25:18,LUM-101,24.81,27.63,27.63,0.0,47.97,0.0,0.0
2026-09-19 01:25:28,LUM-101,24.77,27.57,27.57,0.0,47.91,0.0,0.0
2026-09-19 01:25:38,LUM-101,24.71,27.45,27.45,0.0,48.0,0.0,0.0
2026-09-19 01:25:48,LUM-101,24.68,27.39,27.39,0.0,48.09,0.0,0.0
2026-09-19 01:25:58,LUM-101,24.76,27.27,27.27,0.0,47.95,0.0,0.0
2026-09-19 01:26:08,LUM-101,24.85,27.15,27.15,0.0,47.95,0.0,0.0
2026-09-19 01:26:18,LUM-101,24.77,27.06,27.06,0.0,48.04,0.0,0.0
2026-09-19 01:26:28,LUM-101,24.69,26.95,26.95,0.0,47.96,0.0,0.0
2026-09-19 01:26:38,LUM-101,24.76,26.86,26.86,0.0,48.08,0.0,0.0
2026-09-19 01:26:48,LUM-101,24.79,26.84,26.84,0.0,47.98,0.0,0.0
2026-09-19 01:26:58,LUM-101,24.74,26.81,26.81,0.0,47.86,0.0,0.0
2026-09-19 01:27:08,LUM-101,24.66,26.71,26.71,0.0,47.94,0.0,0.0
2026-09-19 01:27:18,LUM-101,24.69,26.86,33.31,0.15,47.81,7.17,10.0
2026-09-19 01:27:28,LUM-101,24.75,26.8,26.8,0.0,47.96,0.0,0.0
2026-09-19 01:27:38,LUM-101,24.72,26.98,33.48,0.15,48.13,7.22,10.0
2026-09-19 01:27:48,LUM-101,24.76,27.07,33.53,0.15,47.85,7.18,10.0
2026-09-19 01:27:58,LUM-101,24.77,27.18,33.64,0.15,47.88,7.18,10.0
2026-09-19 01:28:08,LUM-101,24.77,27.26,33.74,0.15,48.03,7.2,10.0
2026-09-19 01:28:18,LUM-101,24.65,27.12,27.12,0.0,48.08,0.0,0.0
2026-09-19 01:28:28,LUM-101,24.8,27.09,27.09,0.0,47.95,0.0,0.0
2026-09-19 01:28:38,LUM-101,24.81,27.2,33.69,0.15,48.07,7.21,10.0
2026-09-19 01:28:48,LUM-101,24.68,27.11,27.11,0.0,47.8,0.0,0.0
2026-09-19 01:28:58,LUM-101,24.67,27.25,33.71,0.15,47.83,7.17,10.0
2026-09-19 01:29:08,LUM-101,24.72,27.14,27.14,0.0,47.81,0.0,0.0
2026-09-19 01:29:18,LUM-101,24.71,27.27,33.75,0.15,47.98,7.2,10.0
2026-09-19 01:29:28,LUM-101,24.64,27.23,27.23,0.0,47.95,0.0,0.0
2026-09-19 01:29:38,LUM-101,24.71,27.18,27.18,0.0,47.87,0.0,0.0
2026-09-19 01:29:48,LUM-101,24.79,27.12,27.12,0.0,47.96,0.0,0.0
2026-09-19 01:29:58,LUM-101,24.79,27.0,27.0,0.0,48.2,0.0,0.0
2026-09-19 01:30:08,LUM-101,24.64,27.16,33.66,0.15,48.17,7.22,10.0
2026-09-19 01:30:18,LUM-101,24.67,27.07,27.07,0.0,48.18,0.0,0.0
2026-09-19 01:30:28,LUM-101,24.79,27.22,33.69,0.15,47.91,7.19,10.0
2026-09-19 01:30:38,LUM-101,24.62,27.13,27.13,0.0,48.19,0.0,0.0
2026-09-19 01:30:48,LUM-101,24.67,27.04,27.04,0.0,48.19,0.0,0.0
2026-09-19 01:30:58,LUM-101,24.77,27.0,27.0,0.0,48.0,0.0,0.0
2026-09-19 01:31:08,LUM-101,24.76,27.17,33.67,0.15,48.14,7.22,10.0
2026-09-19 01:31:18,LUM-101,24.6,27.33,33.82,0.15,48.1,7.21,10.0
2026-09-19 01:31:28,LUM-101,24.7,27.49,33.99,0.15,48.11,7.22,10.0
2026-09-19 01:31:38,LUM-101,24.63,27.63,34.1,0.15,47.96,7.19,10.0
2026-09-19 01:31:48,LUM-101,24.66,27.56,27.56,0.0,48.02,0.0,0.0
2026-09-19 01:31:58,LUM-101,24.7,27.67,34.18,0.15,48.16,7.22,10.0
2026-09-19 01:32:08,LUM-101,24.59,27.75,34.25,0.15,48.15,7.22,10.0
2026-09-19 01:32:18,LUM-101,24.75,27.61,27.61,0.0,47.96,0.0,0.0
2026-09-19 01:32:28,LUM-101,24.59,27.52,27.52,0.0,47.87,0.0,0.0
2026-09-19 01:32:38,LUM-101,24.7,27.63,34.13,0.15,48.17,7.23,10.0
2026-09-19 01:32:48,LUM-101,24.6,27.69,34.16,0.15,47.95,7.19,10.0
2026-09-19 01:32:58,LUM-101,24.74,27.55,27.55,0.0,47.84,0.0,0.0
2026-09-19 01:33:08,LUM-101,24.66,27.66,34.14,0.15,48.0,7.2,10.0
2026-09-19 01:33:18,LUM-101,24.75,27.61,27.61,0.0,48.19,0.0,0.0
2026-09-19 01:33:28,LUM-101,24.76,27.5,27.5,0.0,48.17,0.0,0.0
2026-09-19 01:33:38,LUM-101,24.66,27.57,34.05,0.15,47.95,7.19,10.0
2026-09-19 01:33:48,LUM-101,24.68,27.67,34.16,0.15,48.05,7.21,10.0
2026-09-19 01:33:58,LUM-101,24.67,27.62,27.62,0.0,48.03,0.0,0.0
2026-09-19 01:34:08,LUM-101,24.61,27.72,34.2,0.15,47.99,7.2,10.0
2026-09-19 01:34:18,LUM-101,24.74,27.82,34.3,0.15,47.99,7.2,10.0
2026-09-19 01:34:28,LUM-101,24.65,27.67,27.67,0.0,48.06,0.0,0.0
2026-09-19 01:34:38,LUM-101,24.75,27.81,34.27,0.15,47.82,7.17,10.0
2026-09-19 01:34:48,LUM-101,24.74,27.93,34.41,0.15,48.01,7.2,10.0
2026-09-19 01:34:58,LUM-101,24.67,28.03,34.53,0.15,48.14,7.22,10.0
2026-09-19 01:35:08,LUM-101,24.72,27.96,27.96,0.0,48.16,0.0,0.0
2026-09-19 01:35:18,LUM-101,24.72,28.1,34.6,0.15,48.14,7.22,10.0
2026-09-19 01:35:28,LUM-101,24.65,28.0,28.0,0.0,47.89,0.0,0.0
2026-09-19 01:35:38,LUM-101,24.66,27.92,27.92,0.0,47.86,0.0,0.0
2026-09-19 01:35:48,LUM-101,24.7,27.84,27.84,0.0,48.17,0.0,0.0
2026-09-19 01:35:58,LUM-101,24.55,27.69,27.69,0.0,47.89,0.0,0.0
2026-09-19 01:36:08,LUM-101,24.57,27.79,34.26,0.15,47.93,7.19,10.0
2026-09-19 01:36:18,LUM-101,24.68,27.88,34.35,0.15,47.99,7.2,10.0
2026-09-19 01:36:28,LUM-101,24.65,27.75,27.75,0.0,48.11,0.0,0.0
2026-09-19 01:36:38,LUM-101,24.59,27.64,27.64,0.0,47.9,0.0,0.0
2026-09-19 01:36:48,LUM-101,24.68,27.77,34.23,0.15,47.89,7.18,10.0
2026-09-19 01:36:58,LUM-101,24.56,27.92,34.41,0.15,48.06,7.21,10.0
2026-09-19 01:37:08,LUM-101,24.53,28.02,34.5,0.15,48.01,7.2,10.0
2026-09-19 01:37:18,LUM-101,24.71,28.1,34.59,0.15,48.1,7.21,10.0
2026-09-19 01:37:28,LUM-101,24.62,27.98,27.98,0.0,47.99,0.0,0.0
2026-09-19 01:37:38,LUM-101,24.55,27.82,27.82,0.0,48.13,0.0,0.0
2026-09-19 01:37:48,LUM-101,24.57,27.88,34.37,0.15,48.03,7.2,10.0
2026-09-19 01:37:58,LUM-101,24.6,28.01,34.51,0.15,48.12,7.22,10.0
2026-09-19 01:38:08,LUM-101,24.58,28.11,34.61,0.15,48.16,7.22,10.0
2026-09-19 01:38:18,LUM-101,24.63,28.23,34.72,0.15,48.05,7.21,10.0
2026-09-19 01:38:28,LUM-101,24.65,28.31,34.78,0.15,47.91,7.19,10.0
2026-09-19 01:38:38,LUM-101,24.57,28.22,28.22,0.0,48.07,0.0,0.0
2026-09-19 01:38:48,LUM-101,24.68,28.28,34.78,0.15,48.16,7.22,10.0
2026-09-19 01:38:58,LUM-101,24.67,28.12,28.12,0.0,47.96,0.0,0.0
2026-09-19 01:39:08,LUM-101,24.52,28.2,34.67,0.15,47.92,7.19,10.0
2026-09-19 01:39:18,LUM-101,24.66,28.26,34.76,0.15,48.13,7.22,10.0
2026-09-19 01:39:28,LUM-101,24.62,28.11,28.11,0.0,47.86,0.0,0.0
2026-09-19 01:39:38,LUM-101,24.57,28.02,28.02,0.0,48.02,0.0,0.0
2026-09-19 01:39:48,LUM-101,24.54,28.1,34.58,0.15,48.0,7.2,10.0
2026-09-19 01:39:58,LUM-101,24.49,27.99,27.99,0.0,47.97,0.0,0.0
2026-09-19 01:40:08,LUM-101,24.49,28.05,34.55,0.15,48.15,7.22,10.0
2026-09-19 01:40:18,LUM-101,24.6,27.97,27.97,0.0,48.11,0.0,0.0
2026-09-19 01:40:28,LUM-101,24.63,27.84,27.84,0.0,48.13,0.0,0.0
2026-09-19 01:40:38,LUM-101,24.59,27.75,27.75,0.0,47.9,0.0,0.0
2026-09-19 01:40:48,LUM-101,24.6,27.64,27.64,0.0,48.04,0.0,0.0
2026-09-19 01:40:58,LUM-101,24.54,27.72,34.19,0.15,47.94,7.19,10.0
2026-09-19 01:41:08,LUM-101,24.59,27.81,34.31,0.15,48.16,7.22,10.0
2026-09-19 01:41:18,LUM-101,24.62,27.74,27.74,0.0,48.1,0.0,0.0
2026-09-19 01:41:28,LUM-101,24.6,27.83,34.3,0.15,47.96,7.19,10.0
2026-09-19 01:41:38,LUM-101,24.46,27.67,27.67,0.0,47.87,0.0,0.0
2026-09-19 01:41:48,LUM-101,24.59,27.57,27.57,0.0,47.87,0.0,0.0
2026-09-19 01:41:58,LUM-101,24.52,27.51,27.51,0.0,48.02,0.0,0.0
2026-09-19 01:42:08,LUM-101,24.53,27.64,34.12,0.15,48.04,7.21,10.0
2026-09-19 01:42:18,LUM-101,24.45,27.7,34.19,0.15,48.09,7.21,10.0
2026-09-19 01:42:28,LUM-101,24.48,27.8,34.29,0.15,48.05,7.21,10.0
2026-09-19 01:42:38,LUM-101,24.6,27.89,34.34,0.15,47.82,7.17,10.0
2026-09-19 01:42:48,LUM-101,24.58,27.98,34.47,0.15,48.03,7.2,10.0
2026-09-19 01:42:58,LUM-101,24.51,28.12,34.61,0.15,48.05,7.21,10.0
2026-09-19 01:43:08,LUM-101,24.55,27.97,27.97,0.0,47.94,0.0,0.0
2026-09-19 01:43:18,LUM-101,24.62,28.09,34.55,0.15,47.86,7.18,10.0
2026-09-19 01:43:28,LUM-101,24.47,28.18,34.67,0.15,48.04,7.21,10.0
2026-09-19 01:43:38,LUM-101,24.47,28.31,34.8,0.15,48.04,7.21,10.0
2026-09-19 01:43:48,LUM-101,24.5,28.35,34.82,0.15,47.92,7.19,10.0
2026-09-19 01:43:58,LUM-101,24.55,28.26,28.26,0.0,47.82,0.0,0.0
2026-09-19 01:44:08,LUM-101,24.54,28.37,34.86,0.15,48.02,7.2,10.0
2026-09-19 01:44:18,LUM-101,24.54,28.43,34.89,0.15,47.84,7.18,10.0
2026-09-19 01:44:28,LUM-101,24.43,28.28,28.28,0.0,48.15,0.0,0.0
2026-09-19 01:44:38,LUM-101,24.48,28.11,28.11,0.0,47.96,0.0,0.0
2026-09-19 01:44:48,LUM-101,24.53,27.99,27.99,0.0,47.86,0.0,0.0
2026-09-19 01:44:58,LUM-101,24.54,27.84,27.84,0.0,48.12,0.0,0.0
2026-09-19 01:45:08,LUM-101,24.5,27.94,34.42,0.15,47.99,7.2,10.0
2026-09-19 01:45:18,LUM-101,24.58,27.86,27.86,0.0,47.85,0.0,0.0
2026-09-19 01:45:28,LUM-101,24.59,27.96,34.45,0.15,48.13,7.22,10.0
2026-09-19 01:45:38,LUM-101,24.51,28.1,34.57,0.15,47.97,7.2,10.0
2026-09-19 01:45:48,LUM-101,24.51,28.0,28.0,0.0,47.8,0.0,0.0
2026-09-19 01:45:58,LUM-101,24.51,28.08,34.58,0.15,48.1,7.22,10.0
2026-09-19 01:46:08,LUM-101,24.58,28.21,34.7,0.15,48.07,7.21,10.0
2026-09-19 01:46:18,LUM-101,24.49,28.05,28.05,0.0,47.88,0.0,0.0
2026-09-19 01:46:28,LUM-101,24.59,28.15,34.61,0.15,47.82,7.17,10.0
2026-09-19 01:46:38,LUM-101,24.57,28.23,34.72,0.15,48.11,7.22,10.0
2026-09-19 01:46:48,LUM-101,24.55,28.32,34.78,0.15,47.89,7.18,10.0
2026-09-19 01:46:58,LUM-101,24.4,28.37,34.85,0.15,48.02,7.2,10.0
2026-09-19 01:47:08,LUM-101,24.54,28.24,28.24,0.0,48.05,0.0,0.0
2026-09-19 01:47:18,LUM-101,24.4,28.28,34.76,0.15,48.05,7.21,10.0
2026-09-19 01:47:28,LUM-101,24.44,28.11,28.11,0.0,47.89,0.0,0.0
2026-09-19 01:47:38,LUM-101,24.44,28.24,34.74,0.15,48.16,7.22,10.0
2026-09-19 01:47:48,LUM-101,24.41,28.07,28.07,0.0,47.99,0.0,0.0
2026-09-19 01:47:58,LUM-101,24.44,27.93,27.93,0.0,47.96,0.0,0.0
2026-09-19 01:48:08,LUM-101,24.49,28.07,34.57,0.15,48.17,7.23,10.0
2026-09-19 01:48:18,LUM-101,24.42,28.11,34.59,0.15,48.06,7.21,10.0
2026-09-19 01:48:28,LUM-101,24.38,27.99,27.99,0.0,47.98,0.0,0.0
2026-09-19 01:48:38,LUM-101,24.57,28.11,34.57,0.15,47.88,7.18,10.0
2026-09-19 01:48:48,LUM-101,24.44,28.24,34.7,0.15,47.9,7.19,10.0
2026-09-19 01:48:58,LUM-101,24.52,28.08,28.08,0.0,47.88,0.0,0.0
2026-09-19 01:49:08,LUM-101,24.42,28.18,34.64,0.15,47.85,7.18,10.0
2026-09-19 01:49:18,LUM-101,24.43,28.07,28.07,0.0,47.89,0.0,0.0
2026-09-19 01:49:28,LUM-101,24.4,28.14,34.62,0.15,47.98,7.2,10.0
2026-09-19 01:49:38,LUM-101,24.5,27.99,27.99,0.0,48.16,0.0,0.0
2026-09-19 01:49:48,LUM-101,24.42,27.85,27.85,0.0,47.84,0.0,0.0
2026-09-19 01:49:58,LUM-101,24.53,27.69,27.69,0.0,47.99,0.0,0.0
2026-09-19 01:50:08,LUM-101,24.37,27.57,27.57,0.0,47.83,0.0,0.0
2026-09-19 01:50:18,LUM-101,24.39,27.69,34.15,0.15,47.88,7.18,10.0
2026-09-19 01:50:28,LUM-101,24.47,27.6,27.6,0.0,47.84,0.0,0.0
2026-09-19 01:50:38,LUM-101,24.47,27.71,34.17,0.15,47.83,7.17,10.0
2026-09-19 01:50:48,LUM-101,24.54,27.84,34.3,0.15,47.84,7.18,10.0
2026-09-19 01:50:58,LUM-101,24.47,27.7,27.7,0.0,47.87,0.0,0.0
2026-09-19 01:51:08,LUM-101,24.35,27.6,27.6,0.0,48.04,0.0,0.0
2026-09-19 01:51:18,LUM-101,24.43,27.71,34.22,0.15,48.17,7.23,10.0
2026-09-19 01:51:28,LUM-101,24.4,27.6,27.6,0.0,47.92,0.0,0.0
2026-09-19 01:51:38,LUM-101,24.35,27.47,27.47,0.0,47.86,0.0,0.0
2026-09-19 01:51:48,LUM-101,24.36,27.54,34.02,0.15,48.01,7.2,10.0
2026-09-19 01:51:58,LUM-101,24.47,27.46,27.46,0.0,48.14,0.0,0.0
2026-09-19 01:52:08,LUM-101,24.4,27.32,27.32,0.0,48.16,0.0,0.0
2026-09-19 01:52:18,LUM-101,24.37,27.4,33.88,0.15,48.0,7.2,10.0
2026-09-19 01:52:28,LUM-101,24.47,27.52,34.0,0.15,48.0,7.2,10.0
2026-09-19 01:52:38,LUM-101,24.35,27.58,34.04,0.15,47.8,7.17,10.0
2026-09-19 01:52:48,LUM-101,24.45,27.44,27.44,0.0,48.1,0.0,0.0
2026-09-19 01:52:58,LUM-101,24.32,27.5,33.96,0.15,47.88,7.18,10.0
2026-09-19 01:53:08,LUM-101,24.45,27.61,34.07,0.15,47.82,7.17,10.0
2026-09-19 01:53:18,LUM-101,24.51,27.73,34.22,0.15,48.09,7.21,10.0
2026-09-19 01:53:28,LUM-101,24.5,27.66,27.66,0.0,48.18,0.0,0.0
2026-09-19 01:53:38,LUM-101,24.37,27.58,27.58,0.0,47.9,0.0,0.0
2026-09-19 01:53:48,LUM-101,24.44,27.71,34.19,0.15,47.98,7.2,10.0
2026-09-19 01:53:58,LUM-101,24.49,27.81,34.27,0.15,47.84,7.18,10.0
2026-09-19 01:54:08,LUM-101,24.47,27.67,27.67,0.0,48.13,0.0,0.0
2026-09-19 01:54:18,LUM-101,24.39,27.57,27.57,0.0,48.17,0.0,0.0
2026-09-19 01:54:28,LUM-101,24.37,27.42,27.42,0.0,47.85,0.0,0.0
2026-09-19 01:54:38,LUM-101,24.37,27.56,34.03,0.15,47.98,7.2,10.0
2026-09-19 01:54:48,LUM-101,24.43,27.62,34.1,0.15,47.99,7.2,10.0
2026-09-19 01:54:58,LUM-101,24.35,27.7,34.19,0.15,48.06,7.21,10.0
2026-09-19 01:55:08,LUM-101,24.35,27.56,27.56,0.0,48.18,0.0,0.0
2026-09-19 01:55:18,LUM-101,24.33,27.63,34.1,0.15,47.92,7.19,10.0
2026-09-19 01:55:28,LUM-101,24.39,27.52,27.52,0.0,48.02,0.0,0.0
2026-09-19 01:55:38,LUM-101,24.36,27.61,34.1,0.15,48.12,7.22,10.0
2026-09-19 01:55:48,LUM-101,24.44,27.53,27.53,0.0,48.19,0.0,0.0
2026-09-19 01:55:58,LUM-101,24.3,27.42,27.42,0.0,48.14,0.0,0.0
2026-09-19 01:56:08,LUM-101,24.43,27.57,34.06,0.15,48.07,7.21,10.0
2026-09-19 01:56:18,LUM-101,24.33,27.48,27.48,0.0,48.18,0.0,0.0
2026-09-19 01:56:28,LUM-101,24.44,27.61,34.1,0.15,48.06,7.21,10.0
2026-09-19 01:56:38,LUM-101,24.31,27.73,34.19,0.15,47.9,7.18,10.0
2026-09-19 01:56:48,LUM-101,24.28,27.86,34.36,0.15,48.15,7.22,10.0
2026-09-19 01:56:58,LUM-101,24.37,27.79,27.79,0.0,47.9,0.0,0.0
2026-09-19 01:57:08,LUM-101,24.45,27.86,34.34,0.15,47.98,7.2,10.0
2026-09-19 01:57:18,LUM-101,24.36,27.7,27.7,0.0,48.05,0.0,0.0
2026-09-19 01:57:28,LUM-101,24.33,27.64,27.64,0.0,47.87,0.0,0.0
2026-09-19 01:57:38,LUM-101,24.37,27.5,27.5,0.0,47.99,0.0,0.0
2026-09-19 01:57:48,LUM-101,24.26,27.41,27.41,0.0,47.93,0.0,0.0
2026-09-19 01:57:58,LUM-101,24.4,27.29,27.29,0.0,47.94,0.0,0.0
2026-09-19 01:58:08,LUM-101,24.31,27.15,27.15,0.0,47.92,0.0,0.0
2026-09-19 01:58:18,LUM-101,24.39,27.1,27.1,0.0,48.19,0.0,0.0
2026-09-19 01:58:28,LUM-101,24.41,27.03,27.03,0.0,48.18,0.0,0.0
2026-09-19 01:58:38,LUM-101,24.25,26.95,26.95,0.0,47.99,0.0,0.0
2026-09-19 01:58:48,LUM-101,24.38,26.87,26.87,0.0,47.8,0.0,0.0
2026-09-19 01:58:58,LUM-101,24.37,26.79,26.79,0.0,48.17,0.0,0.0
2026-09-19 01:59:08,LUM-101,24.36,26.72,26.72,0.0,48.15,0.0,0.0
2026-09-19 01:59:18,LUM-101,24.39,26.67,26.67,0.0,48.01,0.0,0.0
2026-09-19 01:59:28,LUM-101,24.24,26.55,26.55,0.0,47.82,0.0,0.0
2026-09-19 01:59:38,LUM-101,24.37,26.5,26.5,0.0,47.99,0.0,0.0
2026-09-19 01:59:48,LUM-101,24.38,26.44,26.44,0.0,47.9,0.0,0.0
2026-09-19 01:59:58,LUM-101,24.23,26.4,26.4,0.0,48.11,0.0,0.0
2026-09-19 02:00:08,LUM-101,24.33,26.53,33.03,0.15,48.13,7.22,10.0
2026-09-19 02:00:18,LUM-101,24.31,26.48,26.48,0.0,48.13,0.0,0.0
2026-09-19 02:00:28,LUM-101,24.25,26.43,26.43,0.0,47.98,0.0,0.0
2026-09-19 02:00:38,LUM-101,24.26,26.56,33.05,0.15,48.0,7.2,10.0
2026-09-19 02:00:48,LUM-101,24.31,26.7,33.17,0.15,47.95,7.19,10.0
2026-09-19 02:00:58,LUM-101,24.22,26.57,26.57,0.0,48.13,0.0,0.0
2026-09-19 02:01:08,LUM-101,24.37,26.45,26.45,0.0,47.8,0.0,0.0
2026-09-19 02:01:18,LUM-101,24.38,26.38,26.38,0.0,47.86,0.0,0.0
2026-09-19 02:01:28,LUM-101,24.22,26.28,26.28,0.0,48.04,0.0,0.0
2026-09-19 02:01:38,LUM-101,24.34,26.23,26.23,0.0,48.18,0.0,0.0
2026-09-19 02:01:48,LUM-101,24.38,26.41,32.87,0.15,47.86,7.18,10.0
2026-09-19 02:01:58,LUM-101,24.28,26.54,33.01,0.15,47.91,7.19,10.0
2026-09-19 02:02:08,LUM-101,24.3,26.72,33.19,0.15,47.88,7.18,10.0
2026-09-19 02:02:18,LUM-101,24.33,26.88,33.37,0.15,48.09,7.21,10.0
2026-09-19 02:02:28,LUM-101,24.29,26.81,26.81,0.0,48.15,0.0,0.0
2026-09-19 02:02:38,LUM-101,24.25,26.68,26.68,0.0,47.82,0.0,0.0
2026-09-19 02:02:48,LUM-101,24.26,26.81,33.27,0.15,47.88,7.18,10.0
2026-09-19 02:02:58,LUM-101,24.27,26.98,33.46,0.15,47.99,7.2,10.0
2026-09-19 02:03:08,LUM-101,24.26,27.12,33.57,0.15,47.83,7.17,10.0
2026-09-19 02:03:18,LUM-101,24.26,27.19,33.67,0.15,47.95,7.19,10.0
2026-09-19 02:03:28,LUM-101,24.3,27.3,33.79,0.15,48.05,7.21,10.0
2026-09-19 02:03:38,LUM-101,24.31,27.17,27.17,0.0,47.94,0.0,0.0
2026-09-19 02:03:48,LUM-101,24.24,27.08,27.08,0.0,48.01,0.0,0.0
2026-09-19 02:03:58,LUM-101,24.25,26.95,26.95,0.0,48.19,0.0,0.0
2026-09-19 02:04:08,LUM-101,24.24,27.05,33.53,0.15,48.05,7.21,10.0
2026-09-19 02:04:18,LUM-101,24.2,26.99,26.99,0.0,47.86,0.0,0.0
2026-09-19 02:04:28,LUM-101,24.26,26.87,26.87,0.0,47.8,0.0,0.0
2026-09-19 02:04:38,LUM-101,24.28,26.75,26.75,0.0,48.03,0.0,0.0
2026-09-19 02:04:48,LUM-101,24.18,26.88,33.33,0.15,47.83,7.17,10.0
2026-09-19 02:04:58,LUM-101,24.17,27.03,33.51,0.15,47.96,7.19,10.0
2026-09-19 02:05:08,LUM-101,24.19,27.11,33.56,0.15,47.8,7.17,10.0
2026-09-19 02:05:18,LUM-101,24.19,26.97,26.97,0.0,48.16,0.0,0.0
2026-09-19 02:05:28,LUM-101,24.24,27.14,33.65,0.15,48.19,7.23,10.0
2026-09-19 02:05:38,LUM-101,24.32,27.1,27.1,0.0,48.16,0.0,0.0
2026-09-19 02:05:48,LUM-101,24.16,26.97,26.97,0.0,48.19,0.0,0.0
2026-09-19 02:05:58,LUM-101,24.34,26.91,26.91,0.0,47.91,0.0,0.0
2026-09-19 02:06:08,LUM-101,24.16,26.99,33.45,0.15,47.92,7.19,10.0
2026-09-19 02:06:18,LUM-101,24.18,27.13,33.6,0.15,47.93,7.19,10.0
2026-09-19 02:06:28,LUM-101,24.23,27.0,27.0,0.0,47.83,0.0,0.0
2026-09-19 02:06:38,LUM-101,24.21,26.93,26.93,0.0,48.0,0.0,0.0
2026-09-19 02:06:48,LUM-101,24.32,27.02,33.53,0.15,48.19,7.23,10.0
2026-09-19 02:06:58,LUM-101,24.18,26.94,26.94,0.0,47.84,0.0,0.0
2026-09-19 02:07:08,LUM-101,24.31,27.04,33.53,0.15,48.05,7.21,10.0
2026-09-19 02:07:18,LUM-101,24.26,27.14,33.62,0.15,47.99,7.2,10.0
2026-09-19 02:07:28,LUM-101,24.19,27.0,27.0,0.0,47.96,0.0,0.0
2026-09-19 02:07:38,LUM-101,24.32,27.16,33.66,0.15,48.13,7.22,10.0
2026-09-19 02:07:48,LUM-101,24.13,27.24,33.72,0.15,48.03,7.2,10.0
2026-09-19 02:07:58,LUM-101,24.32,27.14,27.14,0.0,47.94,0.0,0.0
2026-09-19 02:08:08,LUM-101,24.12,27.08,27.08,0.0,48.19,0.0,0.0
2026-09-19 02:08:18,LUM-101,24.25,27.21,33.72,0.15,48.18,7.23,10.0
2026-09-19 02:08:28,LUM-101,24.16,27.33,33.8,0.15,47.96,7.19,10.0
2026-09-19 02:08:38,LUM-101,24.25,27.25,27.25,0.0,47.99,0.0,0.0
2026-09-19 02:08:48,LUM-101,24.14,27.1,27.1,0.0,47.97,0.0,0.0
2026-09-19 02:08:58,LUM-101,24.18,27.24,33.71,0.15,47.94,7.19,10.0
2026-09-19 02:09:08,LUM-101,24.17,27.15,27.15,0.0,47.85,0.0,0.0
2026-09-19 02:09:18,LUM-101,24.23,27.24,33.74,0.15,48.15,7.22,10.0
2026-09-19 02:09:28,LUM-101,24.29,27.34,33.8,0.15,47.86,7.18,10.0
2026-09-19 02:09:38,LUM-101,24.26,27.43,33.9,0.15,47.95,7.19,10.0
2026-09-19 02:09:48,LUM-101,24.19,27.56,34.05,0.15,48.08,7.21,10.0
2026-09-19 02:09:58,LUM-101,24.11,27.69,34.17,0.15,47.99,7.2,10.0
2026-09-19 02:10:08,LUM-101,24.15,27.57,27.57,0.0,48.08,0.0,0.0
2026-09-19 02:10:18,LUM-101,24.21,27.68,34.18,0.15,48.17,7.23,10.0
2026-09-19 02:10:28,LUM-101,24.1,27.57,27.57,0.0,47.85,0.0,0.0
2026-09-19 02:10:38,LUM-101,24.12,27.45,27.45,0.0,47.96,0.0,0.0
2026-09-19 02:10:48,LUM-101,24.23,27.52,34.02,0.15,48.17,7.23,10.0
2026-09-19 02:10:58,LUM-101,24.28,27.66,34.15,0.15,48.1,7.22,10.0
2026-09-19 02:11:08,LUM-101,24.23,27.51,27.51,0.0,48.02,0.0,0.0
2026-09-19 02:11:18,LUM-101,24.2,27.64,34.1,0.15,47.88,7.18,10.0
2026-09-19 02:11:28,LUM-101,24.21,27.78,34.28,0.15,48.14,7.22,10.0
2026-09-19 02:11:38,LUM-101,24.25,27.63,27.63,0.0,48.11,0.0,0.0
2026-09-19 02:11:48,LUM-101,24.09,27.76,34.23,0.15,47.91,7.19,10.0
2026-09-19 02:11:58,LUM-101,24.18,27.87,34.36,0.15,48.09,7.21,10.0
2026-09-19 02:12:08,LUM-101,24.12,27.91,34.37,0.15,47.81,7.17,10.0
2026-09-19 02:12:18,LUM-101,24.13,27.8,27.8,0.0,47.92,0.0,0.0
2026-09-19 02:12:28,LUM-101,24.14,27.65,27.65,0.0,48.19,0.0,0.0
2026-09-19 02:12:38,LUM-101,24.18,27.51,27.51,0.0,47.89,0.0,0.0
2026-09-19 02:12:48,LUM-101,24.23,27.64,34.12,0.15,47.99,7.2,10.0
2026-09-19 02:12:58,LUM-101,24.11,27.71,34.19,0.15,48.05,7.21,10.0
2026-09-19 02:13:08,LUM-101,24.11,27.77,34.26,0.15,48.11,7.22,10.0
2026-09-19 02:13:18,LUM-101,24.07,27.6,27.6,0.0,47.92,0.0,0.0
2026-09-19 02:13:28,LUM-101,24.13,27.48,27.48,0.0,48.16,0.0,0.0
2026-09-19 02:13:38,LUM-101,24.06,27.57,34.03,0.15,47.86,7.18,10.0
2026-09-19 02:13:48,LUM-101,24.17,27.66,34.15,0.15,48.09,7.21,10.0
2026-09-19 02:13:58,LUM-101,24.08,27.53,27.53,0.0,48.06,0.0,0.0
2026-09-19 02:14:08,LUM-101,24.1,27.6,34.09,0.15,48.09,7.21,10.0
2026-09-19 02:14:18,LUM-101,24.12,27.65,34.13,0.15,47.99,7.2,10.0
2026-09-19 02:14:28,LUM-101,24.12,27.74,34.21,0.15,47.94,7.19,10.0
2026-09-19 02:14:38,LUM-101,24.13,27.65,27.65,0.0,47.88,0.0,0.0
2026-09-19 02:14:48,LUM-101,24.1,27.5,27.5,0.0,48.2,0.0,0.0
2026-09-19 02:14:58,LUM-101,24.04,27.37,27.37,0.0,48.12,0.0,0.0
2026-09-19 02:15:08,LUM-101,24.07,27.23,27.23,0.0,48.03,0.0,0.0
2026-09-19 02:15:18,LUM-101,24.06,27.29,33.76,0.15,47.93,7.19,10.0
2026-09-19 02:15:28,LUM-101,24.16,27.4,33.89,0.15,48.1,7.21,10.0
2026-09-19 02:15:38,LUM-101,24.07,27.3,27.3,0.0,48.08,0.0,0.0
2026-09-19 02:15:48,LUM-101,24.08,27.22,27.22,0.0,48.11,0.0,0.0
2026-09-19 02:15:58,LUM-101,24.11,27.09,27.09,0.0,47.84,0.0,0.0
2026-09-19 02:16:08,LUM-101,24.06,27.26,33.76,0.15,48.19,7.23,10.0
2026-09-19 02:16:18,LUM-101,24.1,27.41,33.87,0.15,47.88,7.18,10.0
2026-09-19 02:16:28,LUM-101,24.18,27.47,33.96,0.15,48.12,7.22,10.0
2026-09-19 02:16:38,LUM-101,24.06,27.59,34.05,0.15,47.88,7.18,10.0
2026-09-19 02:16:48,LUM-101,24.19,27.74,34.2,0.15,47.87,7.18,10.0
2026-09-19 02:16:58,LUM-101,24.07,27.62,27.62,0.0,48.04,0.0,0.0
2026-09-19 02:17:08,LUM-101,24.08,27.54,27.54,0.0,48.06,0.0,0.0
2026-09-19 02:17:18,LUM-101,24.07,27.4,27.4,0.0,48.02,0.0,0.0
2026-09-19 02:17:28,LUM-101,24.15,27.53,34.01,0.15,47.97,7.2,10.0
2026-09-19 02:17:38,LUM-101,24.06,27.61,34.09,0.15,47.98,7.2,10.0
2026-09-19 02:17:48,LUM-101,24.02,27.46,27.46,0.0,47.82,0.0,0.0
2026-09-19 02:17:58,LUM-101,24.17,27.59,34.05,0.15,47.87,7.18,10.0
2026-09-19 02:18:08,LUM-101,24.07,27.72,34.21,0.15,48.04,7.21,10.0
2026-09-19 02:18:18,LUM-101,24.09,27.62,27.62,0.0,47.88,0.0,0.0
2026-09-19 02:18:28,LUM-101,24.16,27.75,34.23,0.15,47.99,7.2,10.0
2026-09-19 02:18:38,LUM-101,24.06,27.61,27.61,0.0,48.14,0.0,0.0
2026-09-19 02:18:48,LUM-101,24.02,27.71,34.19,0.15,48.0,7.2,10.0
2026-09-19 02:18:58,LUM-101,24.1,27.58,27.58,0.0,48.12,0.0,0.0
2026-09-19 02:19:08,LUM-101,24.08,27.69,34.16,0.15,47.92,7.19,10.0
2026-09-19 02:19:18,LUM-101,24.08,27.53,27.53,0.0,47.94,0.0,0.0
2026-09-19 02:19:28,LUM-101,24.13,27.66,34.15,0.15,48.11,7.22,10.0
2026-09-19 02:19:38,LUM-101,24.0,27.74,34.24,0.15,48.18,7.23,10.0
2026-09-19 02:19:48,LUM-101,24.01,27.65,27.65,0.0,48.14,0.0,0.0
2026-09-19 02:19:58,LUM-101,24.01,27.52,27.52,0.0,47.94,0.0,0.0
2026-09-19 02:20:08,LUM-101,24.09,27.44,27.44,0.0,48.01,0.0,0.0
2026-09-19 02:20:18,LUM-101,24.04,27.58,34.05,0.15,47.9,7.19,10.0
2026-09-19 02:20:28,LUM-101,24.0,27.65,34.11,0.15,47.86,7.18,10.0
2026-09-19 02:20:38,LUM-101,24.01,27.75,34.25,0.15,48.16,7.22,10.0
2026-09-19 02:20:48,LUM-101,23.99,27.8,34.27,0.15,47.9,7.18,10.0
2026-09-19 02:20:58,LUM-101,24.03,27.88,34.36,0.15,48.04,7.21,10.0
2026-09-19 02:21:08,LUM-101,24.01,27.98,34.48,0.15,48.12,7.22,10.0
2026-09-19 02:21:18,LUM-101,24.0,28.05,34.52,0.15,47.98,7.2,10.0
2026-09-19 02:21:28,LUM-101,24.05,27.92,27.92,0.0,47.89,0.0,0.0
2026-09-19 02:21:38,LUM-101,24.12,28.0,34.49,0.15,48.02,7.2,10.0
2026-09-19 02:21:48,LUM-101,23.96,28.11,34.57,0.15,47.85,7.18,10.0
2026-09-19 02:21:58,LUM-101,24.08,28.23,34.72,0.15,48.04,7.21,10.0
2026-09-19 02:22:08,LUM-101,23.99,28.26,34.73,0.15,47.95,7.19,10.0
2026-09-19 02:22:18,LUM-101,24.01,28.37,34.86,0.15,48.02,7.2,10.0
2026-09-19 02:22:28,LUM-101,23.97,28.25,28.25,0.0,48.01,0.0,0.0
2026-09-19 02:22:38,LUM-101,23.99,28.32,34.8,0.15,48.02,7.2,10.0
2026-09-19 02:22:48,LUM-101,24.06,28.44,34.91,0.15,47.97,7.19,10.0
2026-09-19 02:22:58,LUM-101,24.07,28.34,28.34,0.0,47.87,0.0,0.0
2026-09-19 02:23:08,LUM-101,24.11,28.21,28.21,0.0,47.92,0.0,0.0
2026-09-19 02:23:18,LUM-101,23.96,28.27,34.74,0.15,47.93,7.19,10.0
2026-09-19 02:23:28,LUM-101,24.08,28.33,34.78,0.15,47.82,7.17,10.0
2026-09-19 02:23:38,LUM-101,24.05,28.38,34.84,0.15,47.82,7.17,10.0
2026-09-19 02:23:48,LUM-101,23.96,28.42,34.89,0.15,47.98,7.2,10.0
2026-09-19 02:23:58,LUM-101,24.07,28.53,35.01,0.15,48.01,7.2,10.0
2026-09-19 02:24:08,LUM-101,24.01,28.55,35.03,0.15,47.98,7.2,10.0
2026-09-19 02:24:18,LUM-101,23.93,28.64,35.09,0.15,47.81,7.17,10.0
2026-09-19 02:24:28,LUM-101,24.05,28.48,28.48,0.0,47.82,0.0,0.0
2026-09-19 02:24:38,LUM-101,23.96,28.5,34.98,0.15,47.99,7.2,10.0
2026-09-19 02:24:48,LUM-101,24.08,28.36,28.36,0.0,48.01,0.0,0.0
2026-09-19 02:24:58,LUM-101,24.07,28.44,34.91,0.15,47.96,7.19,10.0
2026-09-19 02:25:08,LUM-101,24.09,28.5,34.98,0.15,47.96,7.19,10.0
2026-09-19 02:25:18,LUM-101,24.02,28.37,28.37,0.0,48.17,0.0,0.0
2026-09-19 02:25:28,LUM-101,24.1,28.43,34.88,0.15,47.83,7.17,10.0
2026-09-19 02:25:38,LUM-101,24.02,28.53,35.03,0.15,48.19,7.23,10.0
2026-09-19 02:25:48,LUM-101,24.05,28.57,35.07,0.15,48.16,7.22,10.0
2026-09-19 02:25:58,LUM-101,23.9,28.6,35.06,0.15,47.91,7.19,10.0
2026-09-19 02:26:08,LUM-101,23.97,28.47,28.47,0.0,47.91,0.0,0.0
2026-09-19 02:26:18,LUM-101,24.06,28.55,35.06,0.15,48.17,7.23,10.0
2026-09-19 02:26:28,LUM-101,23.99,28.66,35.16,0.15,48.13,7.22,10.0
2026-09-19 02:26:38,LUM-101,23.97,28.69,35.17,0.15,48.02,7.2,10.0
2026-09-19 02:26:48,LUM-101,24.08,28.56,28.56,0.0,48.13,0.0,0.0
2026-09-19 02:26:58,LUM-101,23.94,28.37,28.37,0.0,48.0,0.0,0.0
2026-09-19 02:27:08,LUM-101,23.91,28.4,34.87,0.15,47.93,7.19,10.0
2026-09-19 02:27:18,LUM-101,24.05,28.51,35.01,0.15,48.15,7.22,10.0
2026-09-19 02:27:28,LUM-101,23.95,28.37,28.37,0.0,47.85,0.0,0.0
2026-09-19 02:27:38,LUM-101,24.02,28.41,34.87,0.15,47.85,7.18,10.0
2026-09-19 02:27:48,LUM-101,23.95,28.31,28.31,0.0,48.02,0.0,0.0
2026-09-19 02:27:58,LUM-101,24.06,28.4,34.89,0.15,48.09,7.21,10.0
2026-09-19 02:28:08,LUM-101,24.02,28.5,34.96,0.15,47.83,7.18,10.0
2026-09-19 02:28:18,LUM-101,24.02,28.56,35.02,0.15,47.88,7.18,10.0
2026-09-19 02:28:28,LUM-101,24.06,28.42,28.42,0.0,47.91,0.0,0.0
2026-09-19 02:28:38,LUM-101,23.94,28.44,34.93,0.15,48.08,7.21,10.0
2026-09-19 02:28:48,LUM-101,23.97,28.25,28.25,0.0,47.9,0.0,0.0
2026-09-19 02:28:58,LUM-101,24.04,28.13,28.13,0.0,47.83,0.0,0.0
2026-09-19 02:29:08,LUM-101,23.96,28.0,28.0,0.0,47.82,0.0,0.0
2026-09-19 02:29:18,LUM-101,23.86,28.11,34.61,0.15,48.16,7.22,10.0
2026-09-19 02:29:28,LUM-101,23.92,28.0,28.0,0.0,47.81,0.0,0.0
2026-09-19 02:29:38,LUM-101,23.98,28.07,34.52,0.15,47.81,7.17,10.0
2026-09-19 02:29:48,LUM-101,23.86,27.88,27.88,0.0,48.17,0.0,0.0
2026-09-19 02:29:58,LUM-101,23.92,27.94,34.41,0.15,47.91,7.19,10.0
2026-09-19 02:30:08,LUM-101,23.87,28.07,34.55,0.15,48.01,7.2,10.0
2026-09-19 02:30:18,LUM-101,23.86,27.97,27.97,0.0,48.01,0.0,0.0
2026-09-19 02:30:28,LUM-101,24.02,27.82,27.82,0.0,48.02,0.0,0.0
2026-09-19 02:30:38,LUM-101,23.94,27.66,27.66,0.0,48.15,0.0,0.0
2026-09-19 02:30:48,LUM-101,24.0,27.54,27.54,0.0,47.87,0.0,0.0
2026-09-19 02:30:58,LUM-101,24.02,27.44,27.44,0.0,47.96,0.0,0.0
2026-09-19 02:31:08,LUM-101,23.88,27.28,27.28,0.0,48.03,0.0,0.0
2026-09-19 02:31:18,LUM-101,23.87,27.34,33.82,0.15,48.03,7.2,10.0
2026-09-19 02:31:28,LUM-101,23.95,27.43,33.93,0.15,48.11,7.22,10.0
2026-09-19 02:31:38,LUM-101,23.98,27.5,33.99,0.15,48.12,7.22,10.0
2026-09-19 02:31:48,LUM-101,24.0,27.59,34.07,0.15,48.03,7.2,10.0
2026-09-19 02:31:58,LUM-101,23.96,27.47,27.47,0.0,47.8,0.0,0.0
2026-09-19 02:32:08,LUM-101,24.01,27.35,27.35,0.0,48.04,0.0,0.0
2026-09-19 02:32:18,LUM-101,23.96,27.22,27.22,0.0,47.96,0.0,0.0
2026-09-19 02:32:28,LUM-101,24.02,27.31,33.8,0.15,48.11,7.22,10.0
2026-09-19 02:32:38,LUM-101,23.97,27.21,27.21,0.0,48.04,0.0,0.0
2026-09-19 02:32:48,LUM-101,23.99,27.11,27.11,0.0,47.81,0.0,0.0
2026-09-19 02:32:58,LUM-101,23.86,27.21,33.7,0.15,48.04,7.21,10.0
2026-09-19 02:33:08,LUM-101,23.92,27.29,33.77,0.15,47.94,7.19,10.0
2026-09-19 02:33:18,LUM-101,23.93,27.2,27.2,0.0,48.11,0.0,0.0
2026-09-19 02:33:28,LUM-101,23.93,27.28,33.78,0.15,48.17,7.23,10.0
2026-09-19 02:33:38,LUM-101,23.86,27.15,27.15,0.0,48.11,0.0,0.0
2026-09-19 02:33:48,LUM-101,24.0,27.03,27.03,0.0,47.84,0.0,0.0
2026-09-19 02:33:58,LUM-101,23.91,27.17,33.65,0.15,47.95,7.19,10.0
2026-09-19 02:34:08,LUM-101,23.93,27.31,33.77,0.15,47.89,7.18,10.0
2026-09-19 02:34:18,LUM-101,23.9,27.44,33.9,0.15,47.84,7.18,10.0
2026-09-19 02:34:28,LUM-101,23.92,27.31,27.31,0.0,48.04,0.0,0.0
2026-09-19 02:34:38,LUM-101,23.89,27.22,27.22,0.0,47.94,0.0,0.0
2026-09-19 02:34:48,LUM-101,23.93,27.35,33.83,0.15,48.04,7.21,10.0
2026-09-19 02:34:58,LUM-101,23.97,27.25,27.25,0.0,48.1,0.0,0.0
2026-09-19 02:35:08,LUM-101,23.79,27.13,27.13,0.0,48.16,0.0,0.0
2026-09-19 02:35:18,LUM-101,23.91,27.02,27.02,0.0,48.02,0.0,0.0
2026-09-19 02:35:28,LUM-101,23.79,27.17,33.62,0.15,47.83,7.17,10.0
2026-09-19 02:35:38,LUM-101,23.93,27.3,33.78,0.15,48.03,7.2,10.0
2026-09-19 02:35:48,LUM-101,23.87,27.17,27.17,0.0,47.86,0.0,0.0
2026-09-19 02:35:58,LUM-101,23.9,27.29,33.77,0.15,48.01,7.2,10.0
2026-09-19 02:36:08,LUM-101,23.8,27.35,33.81,0.15,47.84,7.18,10.0
2026-09-19 02:36:18,LUM-101,23.87,27.42,33.91,0.15,48.09,7.21,10.0
2026-09-19 02:36:28,LUM-101,23.85,27.28,27.28,0.0,47.98,0.0,0.0
2026-09-19 02:36:38,LUM-101,23.93,27.19,27.19,0.0,48.07,0.0,0.0
2026-09-19 02:36:48,LUM-101,23.95,27.08,27.08,0.0,48.06,0.0,0.0
2026-09-19 02:36:58,LUM-101,23.82,27.21,33.7,0.15,48.13,7.22,10.0
2026-09-19 02:37:08,LUM-101,23.78,27.05,27.05,0.0,47.97,0.0,0.0
2026-09-19 02:37:18,LUM-101,23.86,26.93,26.93,0.0,48.14,0.0,0.0
2026-09-19 02:37:28,LUM-101,23.89,27.05,33.55,0.15,48.12,7.22,10.0
2026-09-19 02:37:38,LUM-101,23.82,26.98,26.98,0.0,47.94,0.0,0.0
2026-09-19 02:37:48,LUM-101,23.82,27.06,33.51,0.15,47.82,7.17,10.0
2026-09-19 02:37:58,LUM-101,23.9,27.13,33.61,0.15,48.0,7.2,10.0
2026-09-19 02:38:08,LUM-101,23.78,27.02,27.02,0.0,48.14,0.0,0.0
2026-09-19 02:38:18,LUM-101,23.87,27.09,33.57,0.15,47.98,7.2,10.0
2026-09-19 02:38:28,LUM-101,23.8,27.0,27.0,0.0,47.92,0.0,0.0
2026-09-19 02:38:38,LUM-101,23.94,27.16,33.63,0.15,47.88,7.18,10.0
2026-09-19 02:38:48,LUM-101,23.81,27.31,33.78,0.15,47.91,7.19,10.0
2026-09-19 02:38:58,LUM-101,23.85,27.45,33.91,0.15,47.86,7.18,10.0
2026-09-19 02:39:08,LUM-101,23.79,27.56,34.03,0.15,47.99,7.2,10.0
2026-09-19 02:39:18,LUM-101,23.87,27.69,34.15,0.15,47.82,7.17,10.0
2026-09-19 02:39:28,LUM-101,23.76,27.57,27.57,0.0,48.11,0.0,0.0
2026-09-19 02:39:38,LUM-101,23.81,27.62,34.07,0.15,47.82,7.17,10.0
2026-09-19 02:39:48,LUM-101,23.76,27.71,34.2,0.15,48.06,7.21,10.0
2026-09-19 02:39:58,LUM-101,23.79,27.61,27.61,0.0,47.82,0.0,0.0
2026-09-19 02:40:08,LUM-101,23.9,27.52,27.52,0.0,47.98,0.0,0.0
2026-09-19 02:40:18,LUM-101,23.89,27.64,34.13,0.15,48.02,7.2,10.0
2026-09-19 02:40:28,LUM-101,23.76,27.71,34.22,0.15,48.2,7.23,10.0
2026-09-19 02:40:38,LUM-101,23.82,27.55,27.55,0.0,48.07,0.0,0.0
2026-09-19 02:40:48,LUM-101,23.9,27.39,27.39,0.0,48.07,0.0,0.0
2026-09-19 02:40:58,LUM-101,23.79,27.46,33.94,0.15,48.02,7.2,10.0
2026-09-19 02:41:08,LUM-101,23.8,27.56,34.05,0.15,48.06,7.21,10.0
2026-09-19 02:41:18,LUM-101,23.73,27.42,27.42,0.0,47.89,0.0,0.0
2026-09-19 02:41:28,LUM-101,23.81,27.33,27.33,0.0,48.14,0.0,0.0
2026-09-19 02:41:38,LUM-101,23.86,27.42,33.9,0.15,47.98,7.2,10.0
2026-09-19 02:41:48,LUM-101,23.79,27.32,27.32,0.0,48.08,0.0,0.0
2026-09-19 02:41:58,LUM-101,23.74,27.45,33.92,0.15,47.88,7.18,10.0
2026-09-19 02:42:08,LUM-101,23.83,27.52,33.98,0.15,47.86,7.18,10.0
2026-09-19 02:42:18,LUM-101,23.84,27.64,34.13,0.15,48.06,7.21,10.0
2026-09-19 02:42:28,LUM-101,23.87,27.54,27.54,0.0,48.14,0.0,0.0
2026-09-19 02:42:38,LUM-101,23.81,27.65,34.15,0.15,48.1,7.22,10.0
2026-09-19 02:42:48,LUM-101,23.78,27.7,34.18,0.15,48.0,7.2,10.0
2026-09-19 02:42:58,LUM-101,23.81,27.56,27.56,0.0,47.97,0.0,0.0
2026-09-19 02:43:08,LUM-101,23.77,27.69,34.17,0.15,47.96,7.19,10.0
2026-09-19 02:43:18,LUM-101,23.87,27.83,34.31,0.15,47.98,7.2,10.0
2026-09-19 02:43:28,LUM-101,23.75,27.9,34.4,0.15,48.17,7.22,10.0
2026-09-19 02:43:38,LUM-101,23.75,27.79,27.79,0.0,48.0,0.0,0.0
2026-09-19 02:43:48,LUM-101,23.71,27.84,34.31,0.15,47.95,7.19,10.0
2026-09-19 02:43:58,LUM-101,23.84,27.92,34.39,0.15,47.93,7.19,10.0
2026-09-19 02:44:08,LUM-101,23.84,28.01,34.47,0.15,47.81,7.17,10.0
2026-09-19 02:44:18,LUM-101,23.82,28.1,34.58,0.15,47.96,7.19,10.0
2026-09-19 02:44:28,LUM-101,23.73,27.93,27.93,0.0,47.96,0.0,0.0
2026-09-19 02:44:38,LUM-101,23.67,27.75,27.75,0.0,47.94,0.0,0.0
2026-09-19 02:44:48,LUM-101,23.78,27.65,27.65,0.0,48.0,0.0,0.0
2026-09-19 02:44:58,LUM-101,23.75,27.72,34.19,0.15,47.91,7.19,10.0
2026-09-19 02:45:08,LUM-101,23.68,27.54,27.54,0.0,48.1,0.0,0.0
2026-09-19 02:45:18,LUM-101,23.78,27.65,34.15,0.15,48.18,7.23,10.0
2026-09-19 02:45:28,LUM-101,23.74,27.74,34.24,0.15,48.11,7.22,10.0
2026-09-19 02:45:38,LUM-101,23.72,27.6,27.6,0.0,47.97,0.0,0.0
2026-09-19 02:45:48,LUM-101,23.68,27.68,34.17,0.15,48.09,7.21,10.0
2026-09-19 02:45:58,LUM-101,23.74,27.79,34.27,0.15,47.99,7.2,10.0
2026-09-19 02:46:08,LUM-101,23.7,27.63,27.63,0.0,48.13,0.0,0.0
2026-09-19 02:46:18,LUM-101,23.75,27.5,27.5,0.0,48.06,0.0,0.0
2026-09-19 02:46:28,LUM-101,23.72,27.4,27.4,0.0,47.9,0.0,0.0
2026-09-19 02:46:38,LUM-101,23.78,27.48,33.99,0.15,48.18,7.23,10.0
2026-09-19 02:46:48,LUM-101,23.76,27.41,27.41,0.0,47.81,0.0,0.0
2026-09-19 02:46:58,LUM-101,23.74,27.26,27.26,0.0,47.89,0.0,0.0
2026-09-19 02:47:08,LUM-101,23.84,27.18,27.18,0.0,48.04,0.0,0.0
2026-09-19 02:47:18,LUM-101,23.76,27.26,33.74,0.15,47.99,7.2,10.0
2026-09-19 02:47:28,LUM-101,23.83,27.4,33.87,0.15,47.89,7.18,10.0
2026-09-19 02:47:38,LUM-101,23.64,27.24,27.24,0.0,47.83,0.0,0.0
2026-09-19 02:47:48,LUM-101,23.75,27.33,33.81,0.15,48.06,7.21,10.0
2026-09-19 02:47:58,LUM-101,23.63,27.25,27.25,0.0,47.87,0.0,0.0
2026-09-19 02:48:08,LUM-101,23.78,27.17,27.17,0.0,48.17,0.0,0.0
2026-09-19 02:48:18,LUM-101,23.65,27.04,27.04,0.0,47.86,0.0,0.0
2026-09-19 02:48:28,LUM-101,23.8,26.94,26.94,0.0,47.99,0.0,0.0
2026-09-19 02:48:38,LUM-101,23.79,26.81,26.81,0.0,48.19,0.0,0.0
2026-09-19 02:48:48,LUM-101,23.81,26.72,26.72,0.0,48.07,0.0,0.0
2026-09-19 02:48:58,LUM-101,23.71,26.87,33.37,0.15,48.16,7.22,10.0
2026-09-19 02:49:08,LUM-101,23.63,26.81,26.81,0.0,47.84,0.0,0.0
2026-09-19 02:49:18,LUM-101,23.65,26.92,33.42,0.15,48.11,7.22,10.0
2026-09-19 02:49:28,LUM-101,23.78,27.08,33.54,0.15,47.84,7.18,10.0
2026-09-19 02:49:38,LUM-101,23.66,26.99,26.99,0.0,47.86,0.0,0.0
2026-09-19 02:49:48,LUM-101,23.78,26.9,26.9,0.0,47.89,0.0,0.0
2026-09-19 02:49:58,LUM-101,23.75,26.78,26.78,0.0,47.81,0.0,0.0
2026-09-19 02:50:08,LUM-101,23.65,26.91,33.37,0.15,47.87,7.18,10.0
2026-09-19 02:50:18,LUM-101,23.79,26.77,26.77,0.0,47.94,0.0,0.0
2026-09-19 02:50:28,LUM-101,23.78,26.86,33.37,0.15,48.17,7.23,10.0
2026-09-19 02:50:38,LUM-101,23.74,26.98,33.46,0.15,48.05,7.21,10.0
2026-09-19 02:50:48,LUM-101,23.64,26.84,26.84,0.0,48.11,0.0,0.0
2026-09-19 02:50:58,LUM-101,23.78,27.01,33.47,0.15,47.81,7.17,10.0
2026-09-19 02:51:08,LUM-101,23.77,26.88,26.88,0.0,48.02,0.0,0.0
2026-09-19 02:51:18,LUM-101,23.71,27.03,33.5,0.15,47.91,7.19,10.0
2026-09-19 02:51:28,LUM-101,23.74,26.95,26.95,0.0,48.01,0.0,0.0
2026-09-19 02:51:38,LUM-101,23.74,26.83,26.83,0.0,48.09,0.0,0.0
2026-09-19 02:51:48,LUM-101,23.6,26.71,26.71,0.0,48.04,0.0,0.0
2026-09-19 02:51:58,LUM-101,23.75,26.8,33.27,0.15,47.93,7.19,10.0
2026-09-19 02:52:08,LUM-101,23.75,26.95,33.42,0.15,47.91,7.19,10.0
2026-09-19 02:52:18,LUM-101,23.6,26.86,26.86,0.0,48.14,0.0,0.0
2026-09-19 02:52:28,LUM-101,23.72,26.73,26.73,0.0,47.93,0.0,0.0
2026-09-19 02:52:38,LUM-101,23.75,26.66,26.66,0.0,48.18,0.0,0.0
2026-09-19 02:52:48,LUM-101,23.68,26.75,33.24,0.15,48.09,7.21,10.0
2026-09-19 02:52:58,LUM-101,23.73,26.87,33.37,0.15,48.13,7.22,10.0
2026-09-19 02:53:08,LUM-101,23.65,26.77,26.77,0.0,47.85,0.0,0.0
2026-09-19 02:53:18,LUM-101,23.66,26.87,33.33,0.15,47.83,7.17,10.0
2026-09-19 02:53:28,LUM-101,23.67,26.79,26.79,0.0,47.84,0.0,0.0
2026-09-19 02:53:38,LUM-101,23.74,26.69,26.69,0.0,47.95,0.0,0.0
2026-09-19 02:53:48,LUM-101,23.61,26.58,26.58,0.0,48.03,0.0,0.0
2026-09-19 02:53:58,LUM-101,23.7,26.45,26.45,0.0,47.87,0.0,0.0
2026-09-19 02:54:08,LUM-101,23.65,26.61,33.11,0.15,48.15,7.22,10.0
2026-09-19 02:54:18,LUM-101,23.68,26.71,33.16,0.15,47.8,7.17,10.0
2026-09-19 02:54:28,LUM-101,23.74,26.56,26.56,0.0,47.93,0.0,0.0
2026-09-19 02:54:38,LUM-101,23.71,26.66,33.16,0.15,48.15,7.22,10.0
2026-09-19 02:54:48,LUM-101,23.66,26.6,26.6,0.0,48.17,0.0,0.0
2026-09-19 02:54:58,LUM-101,23.57,26.76,33.23,0.15,47.98,7.2,10.0
2026-09-19 02:55:08,LUM-101,23.64,26.84,33.33,0.15,48.06,7.21,10.0
2026-09-19 02:55:18,LUM-101,23.62,26.96,33.45,0.15,48.1,7.21,10.0
2026-09-19 02:55:28,LUM-101,23.68,27.06,33.52,0.15,47.83,7.17,10.0
2026-09-19 02:55:38,LUM-101,23.72,27.18,33.64,0.15,47.88,7.18,10.0
2026-09-19 02:55:48,LUM-101,23.62,27.08,27.08,0.0,47.81,0.0,0.0
2026-09-19 02:55:58,LUM-101,23.71,27.14,33.62,0.15,48.01,7.2,10.0
2026-09-19 02:56:08,LUM-101,23.67,27.27,33.77,0.15,48.11,7.22,10.0
2026-09-19 02:56:18,LUM-101,23.64,27.34,33.82,0.15,48.02,7.2,10.0
2026-09-19 02:56:28,LUM-101,23.73,27.2,27.2,0.0,48.1,0.0,0.0
2026-09-19 02:56:38,LUM-101,23.71,27.29,33.78,0.15,48.02,7.2,10.0
2026-09-19 02:56:48,LUM-101,23.66,27.44,33.94,0.15,48.14,7.22,10.0
2026-09-19 02:56:58,LUM-101,23.59,27.53,34.02,0.15,48.1,7.22,10.0
2026-09-19 02:57:08,LUM-101,23.64,27.44,27.44,0.0,48.1,0.0,0.0
2026-09-19 02:57:18,LUM-101,23.6,27.52,34.03,0.15,48.17,7.23,10.0
2026-09-19 02:57:28,LUM-101,23.59,27.66,34.14,0.15,48.01,7.2,10.0
2026-09-19 02:57:38,LUM-101,23.52,27.55,27.55,0.0,48.12,0.0,0.0
2026-09-19 02:57:48,LUM-101,23.69,27.62,34.11,0.15,48.11,7.22,10.0
2026-09-19 02:57:58,LUM-101,23.61,27.74,34.23,0.15,48.05,7.21,10.0
2026-09-19 02:58:08,LUM-101,23.71,27.57,27.57,0.0,48.09,0.0,0.0
2026-09-19 02:58:18,LUM-101,23.57,27.65,34.11,0.15,47.84,7.18,10.0
2026-09-19 02:58:28,LUM-101,23.55,27.79,34.24,0.15,47.83,7.17,10.0
2026-09-19 02:58:38,LUM-101,23.65,27.68,27.68,0.0,47.9,0.0,0.0
2026-09-19 02:58:48,LUM-101,23.6,27.54,27.54,0.0,48.06,0.0,0.0
2026-09-19 02:58:58,LUM-101,23.66,27.65,34.14,0.15,48.09,7.21,10.0
2026-09-19 02:59:08,LUM-101,23.68,27.53,27.53,0.0,48.0,0.0,0.0
2026-09-19 02:59:18,LUM-101,23.55,27.61,34.12,0.15,48.19,7.23,10.0
2026-09-19 02:59:28,LUM-101,23.57,27.48,27.48,0.0,48.14,0.0,0.0
2026-09-19 02:59:38,LUM-101,23.64,27.36,27.36,0.0,48.11,0.0,0.0
2026-09-19 02:59:48,LUM-101,23.5,27.47,33.94,0.15,47.93,7.19,10.0
2026-09-19 02:59:58,LUM-101,23.57,27.35,27.35,0.0,48.09,0.0,0.0
2026-09-19 03:00:08,LUM-101,23.53,27.25,27.25,0.0,47.9,0.0,0.0
2026-09-19 03:00:18,LUM-101,23.6,27.38,33.86,0.15,48.0,7.2,10.0
2026-09-19 03:00:28,LUM-101,23.58,27.24,27.24,0.0,48.04,0.0,0.0
2026-09-19 03:00:38,LUM-101,23.52,27.16,27.16,0.0,48.14,0.0,0.0
2026-09-19 03:00:48,LUM-101,23.63,27.31,33.8,0.15,48.12,7.22,10.0
2026-09-19 03:00:58,LUM-101,23.52,27.37,33.87,0.15,48.14,7.22,10.0
2026-09-19 03:01:08,LUM-101,23.55,27.47,33.93,0.15,47.84,7.18,10.0
2026-09-19 03:01:18,LUM-101,23.64,27.32,27.32,0.0,47.87,0.0,0.0
2026-09-19 03:01:28,LUM-101,23.63,27.16,27.16,0.0,48.02,0.0,0.0
2026-09-19 03:01:38,LUM-101,23.61,27.06,27.06,0.0,47.86,0.0,0.0
2026-09-19 03:01:48,LUM-101,23.48,27.17,33.62,0.15,47.81,7.17,10.0
2026-09-19 03:01:58,LUM-101,23.57,27.25,33.7,0.15,47.81,7.17,10.0
2026-09-19 03:02:08,LUM-101,23.66,27.33,33.8,0.15,47.9,7.19,10.0
2026-09-19 03:02:18,LUM-101,23.62,27.16,27.16,0.0,48.16,0.0,0.0
2026-09-19 03:02:28,LUM-101,23.56,27.27,33.77,0.15,48.13,7.22,10.0
2026-09-19 03:02:38,LUM-101,23.66,27.33,33.81,0.15,48.04,7.21,10.0
2026-09-19 03:02:48,LUM-101,23.61,27.23,27.23,0.0,48.0,0.0,0.0
2026-09-19 03:02:58,LUM-101,23.5,27.33,33.78,0.15,47.84,7.18,10.0
2026-09-19 03:03:08,LUM-101,23.56,27.23,27.23,0.0,48.04,0.0,0.0
2026-09-19 03:03:18,LUM-101,23.62,27.09,27.09,0.0,47.83,0.0,0.0
2026-09-19 03:03:28,LUM-101,23.54,27.23,33.72,0.15,48.09,7.21,10.0
2026-09-19 03:03:38,LUM-101,23.59,27.28,33.74,0.15,47.91,7.19,10.0
2026-09-19 03:03:48,LUM-101,23.5,27.15,27.15,0.0,47.9,0.0,0.0
2026-09-19 03:03:58,LUM-101,23.45,27.28,33.78,0.15,48.16,7.22,10.0
2026-09-19 03:04:08,LUM-101,23.59,27.35,33.8,0.15,47.83,7.17,10.0
2026-09-19 03:04:18,LUM-101,23.59,27.48,33.98,0.15,48.1,7.21,10.0
2026-09-19 03:04:28,LUM-101,23.55,27.61,34.11,0.15,48.13,7.22,10.0
2026-09-19 03:04:38,LUM-101,23.63,27.72,34.21,0.15,48.08,7.21,10.0
2026-09-19 03:04:48,LUM-101,23.49,27.54,27.54,0.0,47.92,0.0,0.0
2026-09-19 03:04:58,LUM-101,23.59,27.64,34.11,0.15,47.98,7.2,10.0
2026-09-19 03:05:08,LUM-101,23.63,27.55,27.55,0.0,48.03,0.0,0.0
2026-09-19 03:05:18,LUM-101,23.49,27.41,27.41,0.0,47.81,0.0,0.0
2026-09-19 03:05:28,LUM-101,23.61,27.25,27.25,0.0,48.15,0.0,0.0
2026-09-19 03:05:38,LUM-101,23.54,27.37,33.83,0.15,47.85,7.18,10.0
2026-09-19 03:05:48,LUM-101,23.52,27.23,27.23,0.0,47.89,0.0,0.0
2026-09-19 03:05:58,LUM-101,23.43,27.1,27.1,0.0,47.91,0.0,0.0
2026-09-19 03:06:08,LUM-101,23.47,26.98,26.98,0.0,48.09,0.0,0.0
2026-09-19 03:06:18,LUM-101,23.6,26.89,26.89,0.0,47.97,0.0,0.0
2026-09-19 03:06:28,LUM-101,23.61,26.99,33.48,0.15,48.06,7.21,10.0
2026-09-19 03:06:38,LUM-101,23.45,27.08,33.54,0.15,47.85,7.18,10.0
2026-09-19 03:06:48,LUM-101,23.52,27.2,33.69,0.15,48.09,7.21,10.0
2026-09-19 03:06:58,LUM-101,23.42,27.07,27.07,0.0,47.97,0.0,0.0
2026-09-19 03:07:08,LUM-101,23.44,27.21,33.7,0.15,48.09,7.21,10.0
2026-09-19 03:07:18,LUM-101,23.48,27.06,27.06,0.0,47.83,0.0,0.0
2026-09-19 03:07:28,LUM-101,23.6,26.99,26.99,0.0,48.05,0.0,0.0
2026-09-19 03:07:38,LUM-101,23.55,27.05,33.55,0.15,48.14,7.22,10.0
2026-09-19 03:07:48,LUM-101,23.43,27.12,33.58,0.15,47.83,7.17,10.0
2026-09-19 03:07:58,LUM-101,23.45,27.27,33.77,0.15,48.18,7.23,10.0
2026-09-19 03:08:08,LUM-101,23.46,27.39,33.86,0.15,47.97,7.2,10.0
2026-09-19 03:08:18,LUM-101,23.42,27.46,33.91,0.15,47.81,7.17,10.0
2026-09-19 03:08:28,LUM-101,23.56,27.31,27.31,0.0,48.04,0.0,0.0
2026-09-19 03:08:38,LUM-101,23.56,27.21,27.21,0.0,47.96,0.0,0.0
2026-09-19 03:08:48,LUM-101,23.56,27.05,27.05,0.0,48.02,0.0,0.0
2026-09-19 03:08:58,LUM-101,23.43,26.95,26.95,0.0,47.84,0.0,0.0
2026-09-19 03:09:08,LUM-101,23.39,26.84,26.84,0.0,47.82,0.0,0.0
2026-09-19 03:09:18,LUM-101,23.41,26.91,33.38,0.15,47.87,7.18,10.0
2026-09-19 03:09:28,LUM-101,23.41,27.06,33.55,0.15,48.03,7.21,10.0
2026-09-19 03:09:38,LUM-101,23.45,26.96,26.96,0.0,47.96,0.0,0.0
2026-09-19 03:09:48,LUM-101,23.39,27.03,33.51,0.15,48.0,7.2,10.0
2026-09-19 03:09:58,LUM-101,23.5,27.14,33.61,0.15,47.89,7.18,10.0
2026-09-19 03:10:08,LUM-101,23.42,26.99,26.99,0.0,48.17,0.0,0.0
2026-09-19 03:10:18,LUM-101,23.45,26.91,26.91,0.0,48.15,0.0,0.0
2026-09-19 03:10:28,LUM-101,23.5,26.99,33.46,0.15,47.97,7.2,10.0
2026-09-19 03:10:38,LUM-101,23.52,26.85,26.85,0.0,47.97,0.0,0.0
2026-09-19 03:10:48,LUM-101,23.51,26.92,33.39,0.15,47.98,7.2,10.0
2026-09-19 03:10:58,LUM-101,23.53,26.78,26.78,0.0,47.97,0.0,0.0
2026-09-19 03:11:08,LUM-101,23.48,26.66,26.66,0.0,48.15,0.0,0.0
2026-09-19 03:11:18,LUM-101,23.38,26.81,33.28,0.15,47.93,7.19,10.0
2026-09-19 03:11:28,LUM-101,23.56,26.93,33.44,0.15,48.18,7.23,10.0
2026-09-19 03:11:38,LUM-101,23.39,27.0,33.47,0.15,47.87,7.18,10.0
2026-09-19 03:11:48,LUM-101,23.43,26.86,26.86,0.0,47.94,0.0,0.0
2026-09-19 03:11:58,LUM-101,23.44,26.75,26.75,0.0,47.85,0.0,0.0
2026-09-19 03:12:08,LUM-101,23.55,26.85,33.32,0.15,47.92,7.19,10.0
2026-09-19 03:12:18,LUM-101,23.4,26.73,26.73,0.0,48.18,0.0,0.0
2026-09-19 03:12:28,LUM-101,23.52,26.65,26.65,0.0,48.0,0.0,0.0
2026-09-19 03:12:38,LUM-101,23.54,26.51,26.51,0.0,48.02,0.0,0.0
2026-09-19 03:12:48,LUM-101,23.49,26.63,33.13,0.15,48.16,7.22,10.0
2026-09-19 03:12:58,LUM-101,23.41,26.51,26.51,0.0,47.86,0.0,0.0
2026-09-19 03:13:08,LUM-101,23.51,26.41,26.41,0.0,47.89,0.0,0.0
2026-09-19 03:13:18,LUM-101,23.52,26.27,26.27,0.0,47.96,0.0,0.0
2026-09-19 03:13:28,LUM-101,23.5,26.13,26.13,0.0,48.15,0.0,0.0
2026-09-19 03:13:38,LUM-101,23.39,26.27,32.74,0.15,47.96,7.19,10.0
2026-09-19 03:13:48,LUM-101,23.42,26.16,26.16,0.0,48.16,0.0,0.0
2026-09-19 03:13:58,LUM-101,23.53,26.33,32.78,0.15,47.81,7.17,10.0
2026-09-19 03:14:08,LUM-101,23.38,26.27,26.27,0.0,47.98,0.0,0.0
2026-09-19 03:14:18,LUM-101,23.48,26.18,26.18,0.0,48.18,0.0,0.0
2026-09-19 03:14:28,LUM-101,23.45,26.27,32.77,0.15,48.15,7.22,10.0
2026-09-19 03:14:38,LUM-101,23.51,26.18,26.18,0.0,47.96,0.0,0.0
2026-09-19 03:14:48,LUM-101,23.35,26.3,32.79,0.15,48.01,7.2,10.0
2026-09-19 03:14:58,LUM-101,23.46,26.22,26.22,0.0,47.86,0.0,0.0
2026-09-19 03:15:08,LUM-101,23.47,26.1,26.1,0.0,48.01,0.0,0.0
2026-09-19 03:15:18,LUM-101,23.51,26.27,32.72,0.15,47.81,7.17,10.0
2026-09-19 03:15:28,LUM-101,23.46,26.39,32.89,0.15,48.18,7.23,10.0
2026-09-19 03:15:38,LUM-101,23.33,26.26,26.26,0.0,47.9,0.0,0.0
2026-09-19 03:15:48,LUM-101,23.5,26.19,26.19,0.0,47.9,0.0,0.0
2026-09-19 03:15:58,LUM-101,23.34,26.15,26.15,0.0,47.84,0.0,0.0
2026-09-19 03:16:08,LUM-101,23.42,26.25,32.71,0.15,47.85,7.18,10.0
2026-09-19 03:16:18,LUM-101,23.33,26.37,32.86,0.15,48.04,7.21,10.0
2026-09-19 03:16:28,LUM-101,23.31,26.25,26.25,0.0,47.92,0.0,0.0
2026-09-19 03:16:38,LUM-101,23.39,26.37,32.84,0.15,47.96,7.19,10.0
2026-09-19 03:16:48,LUM-101,23.49,26.28,26.28,0.0,48.2,0.0,0.0
2026-09-19 03:16:58,LUM-101,23.39,26.23,26.23,0.0,48.05,0.0,0.0
2026-09-19 03:17:08,LUM-101,23.39,26.39,32.86,0.15,47.88,7.18,10.0
2026-09-19 03:17:18,LUM-101,23.4,26.54,33.03,0.15,48.05,7.21,10.0
2026-09-19 03:17:28,LUM-101,23.3,26.67,33.15,0.15,47.97,7.2,10.0
2026-09-19 03:17:38,LUM-101,23.41,26.81,33.29,0.15,48.0,7.2,10.0
2026-09-19 03:17:48,LUM-101,23.32,26.71,26.71,0.0,47.89,0.0,0.0
2026-09-19 03:17:58,LUM-101,23.35,26.65,26.65,0.0,47.97,0.0,0.0
2026-09-19 03:18:08,LUM-101,23.47,26.75,33.21,0.15,47.88,7.18,10.0
2026-09-19 03:18:18,LUM-101,23.31,26.87,33.34,0.15,47.92,7.19,10.0
2026-09-19 03:18:28,LUM-101,23.38,26.99,33.47,0.15,47.94,7.19,10.0
2026-09-19 03:18:38,LUM-101,23.35,27.15,33.62,0.15,47.93,7.19,10.0
2026-09-19 03:18:48,LUM-101,23.35,27.02,27.02,0.0,48.08,0.0,0.0
2026-09-19 03:18:58,LUM-101,23.3,27.09,33.56,0.15,47.9,7.18,10.0
2026-09-19 03:19:08,LUM-101,23.29,27.18,33.68,0.15,48.17,7.23,10.0
2026-09-19 03:19:18,LUM-101,23.37,27.03,27.03,0.0,48.11,0.0,0.0
2026-09-19 03:19:28,LUM-101,23.29,26.93,26.93,0.0,47.97,0.0,0.0
2026-09-19 03:19:38,LUM-101,23.45,27.08,33.56,0.15,48.0,7.2,10.0
2026-09-19 03:19:48,LUM-101,23.32,27.15,33.63,0.15,48.0,7.2,10.0
2026-09-19 03:19:58,LUM-101,23.33,27.23,33.72,0.15,48.08,7.21,10.0
2026-09-19 03:20:08,LUM-101,23.4,27.12,27.12,0.0,48.04,0.0,0.0
2026-09-19 03:20:18,LUM-101,23.36,26.97,26.97,0.0,47.98,0.0,0.0
2026-09-19 03:20:28,LUM-101,23.44,26.8,26.8,0.0,47.83,0.0,0.0
2026-09-19 03:20:38,LUM-101,23.34,26.9,33.38,0.15,48.01,7.2,10.0
2026-09-19 03:20:48,LUM-101,23.29,27.02,33.49,0.15,47.93,7.19,10.0
2026-09-19 03:20:58,LUM-101,23.32,27.11,33.6,0.15,48.06,7.21,10.0
2026-09-19 03:21:08,LUM-101,23.29,27.21,33.71,0.15,48.15,7.22,10.0
2026-09-19 03:21:18,LUM-101,23.37,27.32,33.78,0.15,47.82,7.17,10.0
2026-09-19 03:21:28,LUM-101,23.36,27.22,27.22,0.0,48.2,0.0,0.0
2026-09-19 03:21:38,LUM-101,23.28,27.13,27.13,0.0,48.06,0.0,0.0
2026-09-19 03:21:48,LUM-101,23.26,27.2,33.7,0.15,48.19,7.23,10.0
2026-09-19 03:21:58,LUM-101,23.26,27.3,33.77,0.15,47.96,7.19,10.0
2026-09-19 03:22:08,LUM-101,23.4,27.14,27.14,0.0,48.14,0.0,0.0
2026-09-19 03:22:18,LUM-101,23.3,27.27,33.77,0.15,48.15,7.22,10.0
2026-09-19 03:22:28,LUM-101,23.41,27.34,33.79,0.15,47.81,7.17,10.0
2026-09-19 03:22:38,LUM-101,23.28,27.19,27.19,0.0,48.15,0.0,0.0
2026-09-19 03:22:48,LUM-101,23.43,27.08,27.08,0.0,48.13,0.0,0.0
2026-09-19 03:22:58,LUM-101,23.28,27.0,27.0,0.0,47.92,0.0,0.0
2026-09-19 03:23:08,LUM-101,23.27,27.07,33.56,0.15,48.03,7.21,10.0
2026-09-19 03:23:18,LUM-101,23.3,26.95,26.95,0.0,48.04,0.0,0.0
2026-09-19 03:23:28,LUM-101,23.36,26.79,26.79,0.0,48.03,0.0,0.0
2026-09-19 03:23:38,LUM-101,23.28,26.72,26.72,0.0,48.07,0.0,0.0
2026-09-19 03:23:48,LUM-101,23.37,26.88,33.34,0.15,47.84,7.18,10.0
2026-09-19 03:23:58,LUM-101,23.41,26.95,33.44,0.15,48.06,7.21,10.0
2026-09-19 03:24:08,LUM-101,23.3,27.06,33.52,0.15,47.85,7.18,10.0
2026-09-19 03:24:18,LUM-101,23.3,27.13,33.61,0.15,48.01,7.2,10.0
2026-09-19 03:24:28,LUM-101,23.23,26.99,26.99,0.0,47.86,0.0,0.0
2026-09-19 03:24:38,LUM-101,23.37,26.83,26.83,0.0,48.13,0.0,0.0
2026-09-19 03:24:48,LUM-101,23.32,26.69,26.69,0.0,47.91,0.0,0.0
2026-09-19 03:24:58,LUM-101,23.35,26.61,26.61,0.0,47.98,0.0,0.0
2026-09-19 03:25:08,LUM-101,23.24,26.75,33.23,0.15,48.05,7.21,10.0
2026-09-19 03:25:18,LUM-101,23.21,26.87,33.34,0.15,47.9,7.18,10.0
2026-09-19 03:25:28,LUM-101,23.38,26.78,26.78,0.0,48.07,0.0,0.0
2026-09-19 03:25:38,LUM-101,23.31,26.88,33.36,0.15,48.01,7.2,10.0
2026-09-19 03:25:48,LUM-101,23.28,26.79,26.79,0.0,47.81,0.0,0.0
2026-09-19 03:25:58,LUM-101,23.24,26.87,33.37,0.15,48.11,7.22,10.0
2026-09-19 03:26:08,LUM-101,23.34,26.99,33.48,0.15,48.03,7.2,10.0
2026-09-19 03:26:18,LUM-101,23.24,26.86,26.86,0.0,47.93,0.0,0.0
2026-09-19 03:26:28,LUM-101,23.27,27.0,33.47,0.15,47.92,7.19,10.0
2026-09-19 03:26:38,LUM-101,23.27,27.13,33.63,0.15,48.18,7.23,10.0
2026-09-19 03:26:48,LUM-101,23.33,26.96,26.96,0.0,48.12,0.0,0.0
2026-09-19 03:26:58,LUM-101,23.31,27.04,33.51,0.15,47.96,7.19,10.0
2026-09-19 03:27:08,LUM-101,23.21,26.89,26.89,0.0,47.93,0.0,0.0
2026-09-19 03:27:18,LUM-101,23.2,27.01,33.47,0.15,47.86,7.18,10.0
2026-09-19 03:27:28,LUM-101,23.22,27.16,33.66,0.15,48.15,7.22,10.0
2026-09-19 03:27:38,LUM-101,23.26,27.04,27.04,0.0,47.83,0.0,0.0
2026-09-19 03:27:48,LUM-101,23.25,26.88,26.88,0.0,48.07,0.0,0.0
2026-09-19 03:27:58,LUM-101,23.35,26.8,26.8,0.0,47.81,0.0,0.0
2026-09-19 03:28:08,LUM-101,23.18,26.64,26.64,0.0,47.85,0.0,0.0
2026-09-19 03:28:18,LUM-101,23.26,26.49,26.49,0.0,47.93,0.0,0.0
2026-09-19 03:28:28,LUM-101,23.25,26.57,33.04,0.15,47.94,7.19,10.0
2026-09-19 03:28:38,LUM-101,23.29,26.43,26.43,0.0,48.11,0.0,0.0
2026-09-19 03:28:48,LUM-101,23.32,26.32,26.32,0.0,47.99,0.0,0.0
2026-09-19 03:28:58,LUM-101,23.19,26.45,32.95,0.15,48.19,7.23,10.0
2026-09-19 03:29:08,LUM-101,23.21,26.59,33.09,0.15,48.17,7.23,10.0
2026-09-19 03:29:18,LUM-101,23.33,26.49,26.49,0.0,48.11,0.0,0.0
2026-09-19 03:29:28,LUM-101,23.32,26.62,33.11,0.15,48.09,7.21,10.0
2026-09-19 03:29:38,LUM-101,23.31,26.72,33.18,0.15,47.91,7.19,10.0
2026-09-19 03:29:48,LUM-101,23.18,26.63,26.63,0.0,48.02,0.0,0.0
2026-09-19 03:29:58,LUM-101,23.21,26.53,26.53,0.0,48.15,0.0,0.0
2026-09-19 03:30:08,LUM-101,23.26,26.61,33.08,0.15,47.93,7.19,10.0
2026-09-19 03:30:18,LUM-101,23.23,26.46,26.46,0.0,47.99,0.0,0.0
2026-09-19 03:30:28,LUM-101,23.31,26.39,26.39,0.0,48.19,0.0,0.0
2026-09-19 03:30:38,LUM-101,23.23,26.5,32.95,0.15,47.81,7.17,10.0
2026-09-19 03:30:48,LUM-101,23.17,26.44,26.44,0.0,47.85,0.0,0.0
2026-09-19 03:30:58,LUM-101,23.31,26.54,33.02,0.15,48.04,7.21,10.0
2026-09-19 03:31:08,LUM-101,23.19,26.64,33.13,0.15,48.07,7.21,10.0
2026-09-19 03:31:18,LUM-101,23.15,26.75,33.25,0.15,48.19,7.23,10.0
2026-09-19 03:31:28,LUM-101,23.2,26.68,26.68,0.0,48.04,0.0,0.0
2026-09-19 03:31:38,LUM-101,23.23,26.58,26.58,0.0,48.02,0.0,0.0
2026-09-19 03:31:48,LUM-101,23.17,26.46,26.46,0.0,48.15,0.0,0.0
2026-09-19 03:31:58,LUM-101,23.15,26.57,33.05,0.15,48.01,7.2,10.0
2026-09-19 03:32:08,LUM-101,23.2,26.46,26.46,0.0,47.93,0.0,0.0
2026-09-19 03:32:18,LUM-101,23.3,26.38,26.38,0.0,48.04,0.0,0.0
2026-09-19 03:32:28,LUM-101,23.29,26.5,33.0,0.15,48.12,7.22,10.0
2026-09-19 03:32:38,LUM-101,23.33,26.67,33.13,0.15,47.83,7.17,10.0
2026-09-19 03:32:48,LUM-101,23.23,26.6,26.6,0.0,47.82,0.0,0.0
2026-09-19 03:32:58,LUM-101,23.24,26.67,33.17,0.15,48.14,7.22,10.0
2026-09-19 03:33:08,LUM-101,23.13,26.6,26.6,0.0,47.83,0.0,0.0
2026-09-19 03:33:18,LUM-101,23.28,26.46,26.46,0.0,48.17,0.0,0.0
2026-09-19 03:33:28,LUM-101,23.29,26.61,33.07,0.15,47.87,7.18,10.0
2026-09-19 03:33:38,LUM-101,23.15,26.75,33.22,0.15,47.95,7.19,10.0
2026-09-19 03:33:48,LUM-101,23.24,26.61,26.61,0.0,48.11,0.0,0.0
2026-09-19 03:33:58,LUM-101,23.31,26.73,33.2,0.15,47.91,7.19,10.0
2026-09-19 03:34:08,LUM-101,23.15,26.56,26.56,0.0,47.84,0.0,0.0
2026-09-19 03:34:18,LUM-101,23.25,26.47,26.47,0.0,47.9,0.0,0.0
2026-09-19 03:34:28,LUM-101,23.21,26.37,26.37,0.0,48.13,0.0,0.0
2026-09-19 03:34:38,LUM-101,23.21,26.52,33.01,0.15,48.11,7.22,10.0
2026-09-19 03:34:48,LUM-101,23.29,26.41,26.41,0.0,47.96,0.0,0.0
2026-09-19 03:34:58,LUM-101,23.13,26.49,32.98,0.15,48.06,7.21,10.0
2026-09-19 03:35:08,LUM-101,23.29,26.59,33.06,0.15,47.93,7.19,10.0
2026-09-19 03:35:18,LUM-101,23.19,26.5,26.5,0.0,48.1,0.0,0.0
2026-09-19 03:35:28,LUM-101,23.12,26.4,26.4,0.0,47.92,0.0,0.0
2026-09-19 03:35:38,LUM-101,23.16,26.33,26.33,0.0,47.84,0.0,0.0
2026-09-19 03:35:48,LUM-101,23.15,26.27,26.27,0.0,47.81,0.0,0.0
2026-09-19 03:35:58,LUM-101,23.16,26.41,32.87,0.15,47.83,7.17,10.0
2026-09-19 03:36:08,LUM-101,23.17,26.29,26.29,0.0,48.1,0.0,0.0
2026-09-19 03:36:18,LUM-101,23.17,26.38,32.86,0.15,47.96,7.19,10.0
2026-09-19 03:36:28,LUM-101,23.17,26.29,26.29,0.0,48.18,0.0,0.0
2026-09-19 03:36:38,LUM-101,23.17,26.47,32.95,0.15,48.04,7.21,10.0
2026-09-19 03:36:48,LUM-101,23.11,26.62,33.12,0.15,48.14,7.22,10.0
2026-09-19 03:36:58,LUM-101,23.18,26.47,26.47,0.0,47.88,0.0,0.0
2026-09-19 03:37:08,LUM-101,23.26,26.33,26.33,0.0,47.97,0.0,0.0
2026-09-19 03:37:18,LUM-101,23.14,26.27,26.27,0.0,48.15,0.0,0.0
2026-09-19 03:37:28,LUM-101,23.19,26.43,32.91,0.15,47.99,7.2,10.0
2026-09-19 03:37:38,LUM-101,23.21,26.54,33.05,0.15,48.19,7.23,10.0
2026-09-19 03:37:48,LUM-101,23.24,26.48,26.48,0.0,47.92,0.0,0.0
2026-09-19 03:37:58,LUM-101,23.2,26.41,26.41,0.0,47.98,0.0,0.0
2026-09-19 03:38:08,LUM-101,23.26,26.3,26.3,0.0,48.18,0.0,0.0
2026-09-19 03:38:18,LUM-101,23.14,26.41,32.89,0.15,47.99,7.2,10.0
2026-09-19 03:38:28,LUM-101,23.08,26.54,33.04,0.15,48.15,7.22,10.0
2026-09-19 03:38:38,LUM-101,23.11,26.63,33.09,0.15,47.81,7.17,10.0
2026-09-19 03:38:48,LUM-101,23.2,26.48,26.48,0.0,47.95,0.0,0.0
2026-09-19 03:38:58,LUM-101,23.25,26.37,26.37,0.0,47.95,0.0,0.0
2026-09-19 03:39:08,LUM-101,23.13,26.52,33.0,0.15,48.03,7.21,10.0
2026-09-19 03:39:18,LUM-101,23.17,26.64,33.11,0.15,47.87,7.18,10.0
2026-09-19 03:39:28,LUM-101,23.25,26.51,26.51,0.0,48.03,0.0,0.0
2026-09-19 03:39:38,LUM-101,23.14,26.44,26.44,0.0,47.96,0.0,0.0
2026-09-19 03:39:48,LUM-101,23.1,26.58,33.05,0.15,47.93,7.19,10.0
2026-09-19 03:39:58,LUM-101,23.16,26.45,26.45,0.0,47.97,0.0,0.0
2026-09-19 03:40:08,LUM-101,23.18,26.38,26.38,0.0,47.93,0.0,0.0
2026-09-19 03:40:18,LUM-101,23.06,26.3,26.3,0.0,47.99,0.0,0.0
2026-09-19 03:40:28,LUM-101,23.18,26.17,26.17,0.0,47.85,0.0,0.0
2026-09-19 03:40:38,LUM-101,23.15,26.3,32.8,0.15,48.13,7.22,10.0
2026-09-19 03:40:48,LUM-101,23.16,26.46,32.93,0.15,47.94,7.19,10.0
2026-09-19 03:40:58,LUM-101,23.16,26.6,33.1,0.15,48.15,7.22,10.0
2026-09-19 03:41:08,LUM-101,23.18,26.67,33.15,0.15,48.04,7.21,10.0
2026-09-19 03:41:18,LUM-101,23.13,26.73,33.21,0.15,47.96,7.19,10.0
2026-09-19 03:41:28,LUM-101,23.19,26.83,33.31,0.15,47.96,7.19,10.0
2026-09-19 03:41:38,LUM-101,23.2,26.73,26.73,0.0,47.84,0.0,0.0
2026-09-19 03:41:48,LUM-101,23.18,26.88,33.37,0.15,48.04,7.21,10.0
2026-09-19 03:41:58,LUM-101,23.06,26.98,33.44,0.15,47.87,7.18,10.0
2026-09-19 03:42:08,LUM-101,23.05,27.05,33.55,0.15,48.15,7.22,10.0
2026-09-19 03:42:18,LUM-101,23.15,27.2,33.66,0.15,47.87,7.18,10.0
2026-09-19 03:42:28,LUM-101,23.06,27.32,33.8,0.15,48.0,7.2,10.0
2026-09-19 03:42:38,LUM-101,23.06,27.15,27.15,0.0,47.96,0.0,0.0
2026-09-19 03:42:48,LUM-101,23.09,27.0,27.0,0.0,48.01,0.0,0.0
2026-09-19 03:42:58,LUM-101,23.11,27.14,33.62,0.15,47.95,7.19,10.0
2026-09-19 03:43:08,LUM-101,23.07,27.02,27.02,0.0,47.84,0.0,0.0
2026-09-19 03:43:18,LUM-101,23.06,27.15,33.65,0.15,48.15,7.22,10.0
2026-09-19 03:43:28,LUM-101,23.03,27.27,33.76,0.15,48.06,7.21,10.0
2026-09-19 03:43:38,LUM-101,23.07,27.32,33.77,0.15,47.84,7.18,10.0
2026-09-19 03:43:48,LUM-101,23.13,27.15,27.15,0.0,47.99,0.0,0.0
2026-09-19 03:43:58,LUM-101,23.06,27.28,33.78,0.15,48.15,7.22,10.0
2026-09-19 03:44:08,LUM-101,23.05,27.18,27.18,0.0,47.96,0.0,0.0
2026-09-19 03:44:18,LUM-101,23.17,27.06,27.06,0.0,48.15,0.0,0.0
2026-09-19 03:44:28,LUM-101,23.03,26.92,26.92,0.0,48.12,0.0,0.0
2026-09-19 03:44:38,LUM-101,23.12,26.78,26.78,0.0,47.84,0.0,0.0
2026-09-19 03:44:48,LUM-101,23.17,26.63,26.63,0.0,47.82,0.0,0.0
2026-09-19 03:44:58,LUM-101,23.18,26.75,33.23,0.15,48.02,7.2,10.0
2026-09-19 03:45:08,LUM-101,23.13,26.88,33.37,0.15,48.04,7.21,10.0
2026-09-19 03:45:18,LUM-101,23.09,26.99,33.46,0.15,47.91,7.19,10.0
2026-09-19 03:45:28,LUM-101,23.05,26.83,26.83,0.0,47.85,0.0,0.0
2026-09-19 03:45:38,LUM-101,23.09,26.97,33.42,0.15,47.84,7.18,10.0
2026-09-19 03:45:48,LUM-101,23.07,27.05,33.56,0.15,48.2,7.23,10.0
2026-09-19 03:45:58,LUM-101,23.06,27.15,33.63,0.15,48.0,7.2,10.0
2026-09-19 03:46:08,LUM-101,23.14,27.23,33.7,0.15,47.88,7.18,10.0
2026-09-19 03:46:18,LUM-101,23.17,27.08,27.08,0.0,48.17,0.0,0.0
2026-09-19 03:46:28,LUM-101,23.07,27.14,33.61,0.15,47.93,7.19,10.0
2026-09-19 03:46:38,LUM-101,23.0,27.26,33.75,0.15,48.1,7.21,10.0
2026-09-19 03:46:48,LUM-101,23.07,27.37,33.83,0.15,47.87,7.18,10.0
2026-09-19 03:46:58,LUM-101,23.14,27.45,33.94,0.15,48.05,7.21,10.0
2026-09-19 03:47:08,LUM-101,23.02,27.5,33.97,0.15,47.91,7.19,10.0
2026-09-19 03:47:18,LUM-101,22.99,27.38,27.38,0.0,48.11,0.0,0.0
2026-09-19 03:47:28,LUM-101,23.17,27.44,33.91,0.15,47.89,7.18,10.0
2026-09-19 03:47:38,LUM-101,23.13,27.52,34.0,0.15,48.0,7.2,10.0
2026-09-19 03:47:48,LUM-101,23.07,27.61,34.12,0.15,48.19,7.23,10.0
2026-09-19 03:47:58,LUM-101,23.15,27.48,27.48,0.0,47.93,0.0,0.0
2026-09-19 03:48:08,LUM-101,23.15,27.32,27.32,0.0,47.88,0.0,0.0
2026-09-19 03:48:18,LUM-101,23.07,27.39,33.85,0.15,47.82,7.17,10.0
2026-09-19 03:48:28,LUM-101,23.15,27.23,27.23,0.0,48.11,0.0,0.0
2026-09-19 03:48:38,LUM-101,23.04,27.37,33.86,0.15,48.11,7.22,10.0
2026-09-19 03:48:48,LUM-101,23.02,27.5,33.99,0.15,48.14,7.22,10.0
2026-09-19 03:48:58,LUM-101,23.05,27.32,27.32,0.0,48.19,0.0,0.0
2026-09-19 03:49:08,LUM-101,23.03,27.15,27.15,0.0,47.89,0.0,0.0
2026-09-19 03:49:18,LUM-101,23.01,27.27,33.74,0.15,47.89,7.18,10.0
2026-09-19 03:49:28,LUM-101,23.07,27.37,33.84,0.15,47.89,7.18,10.0
2026-09-19 03:49:38,LUM-101,22.96,27.26,27.26,0.0,48.1,0.0,0.0
2026-09-19 03:49:48,LUM-101,23.06,27.15,27.15,0.0,48.06,0.0,0.0
2026-09-19 03:49:58,LUM-101,23.02,27.27,33.76,0.15,48.08,7.21,10.0
2026-09-19 03:50:08,LUM-101,23.09,27.4,33.88,0.15,47.99,7.2,10.0
2026-09-19 03:50:18,LUM-101,23.01,27.46,33.93,0.15,47.91,7.19,10.0
2026-09-19 03:50:28,LUM-101,23.12,27.56,34.06,0.15,48.09,7.21,10.0
2026-09-19 03:50:38,LUM-101,23.1,27.45,27.45,0.0,48.11,0.0,0.0
2026-09-19 03:50:48,LUM-101,23.12,27.34,27.34,0.0,47.97,0.0,0.0
2026-09-19 03:50:58,LUM-101,23.02,27.45,33.91,0.15,47.85,7.18,10.0
2026-09-19 03:51:08,LUM-101,22.94,27.3,27.3,0.0,48.0,0.0,0.0
2026-09-19 03:51:18,LUM-101,23.1,27.16,27.16,0.0,48.18,0.0,0.0
2026-09-19 03:51:28,LUM-101,22.96,27.02,27.02,0.0,47.96,0.0,0.0
2026-09-19 03:51:38,LUM-101,22.97,26.84,26.84,0.0,48.02,0.0,0.0
2026-09-19 03:51:48,LUM-101,23.09,26.68,26.68,0.0,48.0,0.0,0.0
2026-09-19 03:51:58,LUM-101,23.05,26.75,33.24,0.15,48.08,7.21,10.0
2026-09-19 03:52:08,LUM-101,22.95,26.85,33.35,0.15,48.15,7.22,10.0
2026-09-19 03:52:18,LUM-101,22.94,26.95,33.42,0.15,47.9,7.19,10.0
2026-09-19 03:52:28,LUM-101,23.03,26.82,26.82,0.0,48.05,0.0,0.0
2026-09-19 03:52:38,LUM-101,23.08,26.71,26.71,0.0,48.01,0.0,0.0
2026-09-19 03:52:48,LUM-101,22.94,26.77,33.25,0.15,48.0,7.2,10.0
2026-09-19 03:52:58,LUM-101,23.04,26.64,26.64,0.0,47.92,0.0,0.0
2026-09-19 03:53:08,LUM-101,22.96,26.5,26.5,0.0,48.08,0.0,0.0
2026-09-19 03:53:18,LUM-101,23.06,26.36,26.36,0.0,47.89,0.0,0.0
2026-09-19 03:53:28,LUM-101,23.0,26.28,26.28,0.0,48.2,0.0,0.0
2026-09-19 03:53:38,LUM-101,22.97,26.45,32.91,0.15,47.84,7.18,10.0
2026-09-19 03:53:48,LUM-101,23.02,26.36,26.36,0.0,47.98,0.0,0.0
2026-09-19 03:53:58,LUM-101,23.02,26.46,32.95,0.15,48.02,7.2,10.0
2026-09-19 03:54:08,LUM-101,23.01,26.53,32.99,0.15,47.83,7.17,10.0
2026-09-19 03:54:18,LUM-101,22.94,26.65,33.13,0.15,48.03,7.21,10.0
2026-09-19 03:54:28,LUM-101,23.0,26.72,33.2,0.15,48.02,7.2,10.0
2026-09-19 03:54:38,LUM-101,22.95,26.8,33.31,0.15,48.18,7.23,10.0
2026-09-19 03:54:48,LUM-101,22.94,26.87,33.38,0.15,48.2,7.23,10.0
2026-09-19 03:54:58,LUM-101,23.08,26.77,26.77,0.0,47.84,0.0,0.0
2026-09-19 03:55:08,LUM-101,23.02,26.63,26.63,0.0,47.89,0.0,0.0
2026-09-19 03:55:18,LUM-101,22.93,26.53,26.53,0.0,47.84,0.0,0.0
2026-09-19 03:55:28,LUM-101,22.97,26.43,26.43,0.0,48.1,0.0,0.0
2026-09-19 03:55:38,LUM-101,23.06,26.28,26.28,0.0,48.01,0.0,0.0
2026-09-19 03:55:48,LUM-101,22.95,26.22,26.22,0.0,48.12,0.0,0.0
2026-09-19 03:55:58,LUM-101,22.91,26.13,26.13,0.0,48.1,0.0,0.0
2026-09-19 03:56:08,LUM-101,23.01,25.99,25.99,0.0,47.94,0.0,0.0
2026-09-19 03:56:18,LUM-101,22.91,26.17,32.68,0.15,48.19,7.23,10.0
2026-09-19 03:56:28,LUM-101,22.94,26.09,26.09,0.0,47.81,0.0,0.0
2026-09-19 03:56:38,LUM-101,22.89,25.98,25.98,0.0,47.99,0.0,0.0
2026-09-19 03:56:48,LUM-101,23.03,25.88,25.88,0.0,48.0,0.0,0.0
2026-09-19 03:56:58,LUM-101,23.01,25.75,25.75,0.0,47.9,0.0,0.0
2026-09-19 03:57:08,LUM-101,23.08,25.93,32.38,0.15,47.82,7.17,10.0
2026-09-19 03:57:18,LUM-101,23.03,26.04,32.51,0.15,47.96,7.19,10.0
2026-09-19 03:57:28,LUM-101,23.01,26.15,32.62,0.15,47.94,7.19,10.0
2026-09-19 03:57:38,LUM-101,23.04,26.09,26.09,0.0,48.08,0.0,0.0
2026-09-19 03:57:48,LUM-101,22.88,26.26,32.76,0.15,48.15,7.22,10.0
2026-09-19 03:57:58,LUM-101,22.97,26.14,26.14,0.0,47.92,0.0,0.0
2026-09-19 03:58:08,LUM-101,22.95,26.3,32.78,0.15,48.01,7.2,10.0
2026-09-19 03:58:18,LUM-101,22.96,26.14,26.14,0.0,48.19,0.0,0.0
2026-09-19 03:58:28,LUM-101,22.97,25.99,25.99,0.0,47.95,0.0,0.0
2026-09-19 03:58:38,LUM-101,23.0,26.09,32.58,0.15,48.05,7.21,10.0
2026-09-19 03:58:48,LUM-101,23.02,26.02,26.02,0.0,48.1,0.0,0.0
2026-09-19 03:58:58,LUM-101,22.95,26.18,32.67,0.15,48.07,7.21,10.0
2026-09-19 03:59:08,LUM-101,23.05,26.03,26.03,0.0,48.03,0.0,0.0
2026-09-19 03:59:18,LUM-101,22.95,25.91,25.91,0.0,48.17,0.0,0.0
2026-09-19 03:59:28,LUM-101,22.98,25.84,25.84,0.0,47.98,0.0,0.0
2026-09-19 03:59:38,LUM-101,22.94,25.72,25.72,0.0,48.07,0.0,0.0
2026-09-19 03:59:48,LUM-101,22.89,25.67,25.67,0.0,48.08,0.0,0.0
2026-09-19 03:59:58,LUM-101,22.87,25.6,25.6,0.0,47.95,0.0,0.0
2026-09-19 04:00:08,LUM-101,23.03,25.5,25.5,0.0,47.83,0.0,0.0
2026-09-19 04:00:18,LUM-101,23.01,25.66,32.16,0.15,48.14,7.22,10.0
2026-09-19 04:00:28,LUM-101,22.9,25.59,25.59,0.0,47.82,0.0,0.0
2026-09-19 04:00:38,LUM-101,22.99,25.5,25.5,0.0,47.9,0.0,0.0
2026-09-19 04:00:48,LUM-101,22.91,25.45,25.45,0.0,48.2,0.0,0.0
2026-09-19 04:00:58,LUM-101,22.88,25.4,25.4,0.0,48.03,0.0,0.0
2026-09-19 04:01:08,LUM-101,22.9,25.53,31.99,0.15,47.84,7.18,10.0
2026-09-19 04:01:18,LUM-101,22.95,25.43,25.43,0.0,48.0,0.0,0.0
2026-09-19 04:01:28,LUM-101,22.84,25.33,25.33,0.0,48.18,0.0,0.0
2026-09-19 04:01:38,LUM-101,23.03,25.22,25.22,0.0,47.93,0.0,0.0
2026-09-19 04:01:48,LUM-101,22.89,25.15,25.15,0.0,47.85,0.0,0.0
2026-09-19 04:01:58,LUM-101,22.86,25.03,25.03,0.0,48.18,0.0,0.0
2026-09-19 04:02:08,LUM-101,22.94,24.93,24.93,0.0,47.84,0.0,0.0
2026-09-19 04:02:18,LUM-101,23.02,24.87,24.87,0.0,48.05,0.0,0.0
2026-09-19 04:02:28,LUM-101,22.84,24.84,24.84,0.0,47.91,0.0,0.0
2026-09-19 04:02:38,LUM-101,22.93,25.06,31.52,0.15,47.89,7.18,10.0
2026-09-19 04:02:48,LUM-101,22.9,24.97,24.97,0.0,47.88,0.0,0.0
2026-09-19 04:02:58,LUM-101,22.9,24.92,24.92,0.0,47.94,0.0,0.0
2026-09-19 04:03:08,LUM-101,22.84,25.1,31.59,0.15,48.08,7.21,10.0
2026-09-19 04:03:18,LUM-101,22.98,24.99,24.99,0.0,47.9,0.0,0.0
2026-09-19 04:03:28,LUM-101,22.85,25.13,31.59,0.15,47.86,7.18,10.0
2026-09-19 04:03:38,LUM-101,22.93,25.04,25.04,0.0,48.13,0.0,0.0
2026-09-19 04:03:48,LUM-101,22.87,25.22,31.72,0.15,48.14,7.22,10.0
2026-09-19 04:03:58,LUM-101,22.94,25.39,31.89,0.15,48.17,7.23,10.0
2026-09-19 04:04:08,LUM-101,22.97,25.35,25.35,0.0,48.18,0.0,0.0
2026-09-19 04:04:18,LUM-101,22.82,25.3,25.3,0.0,47.9,0.0,0.0
2026-09-19 04:04:28,LUM-101,22.87,25.18,25.18,0.0,47.96,0.0,0.0
2026-09-19 04:04:38,LUM-101,22.9,25.12,25.12,0.0,47.95,0.0,0.0
2026-09-19 04:04:48,LUM-101,22.82,25.05,25.05,0.0,47.97,0.0,0.0
2026-09-19 04:04:58,LUM-101,22.89,24.97,24.97,0.0,48.17,0.0,0.0
2026-09-19 04:05:08,LUM-101,22.97,25.16,31.65,0.15,48.1,7.21,10.0
2026-09-19 04:05:18,LUM-101,22.81,25.35,31.82,0.15,47.91,7.19,10.0
2026-09-19 04:05:28,LUM-101,22.84,25.5,31.99,0.15,48.01,7.2,10.0
2026-09-19 04:05:38,LUM-101,22.96,25.65,32.13,0.15,47.96,7.19,10.0
2026-09-19 04:05:48,LUM-101,22.83,25.59,25.59,0.0,48.08,0.0,0.0
2026-09-19 04:05:58,LUM-101,22.86,25.55,25.55,0.0,48.09,0.0,0.0
2026-09-19 04:06:08,LUM-101,22.85,25.44,25.44,0.0,47.8,0.0,0.0
2026-09-19 04:06:18,LUM-101,22.85,25.35,25.35,0.0,48.18,0.0,0.0
2026-09-19 04:06:28,LUM-101,22.99,25.26,25.26,0.0,47.88,0.0,0.0
2026-09-19 04:06:38,LUM-101,22.84,25.46,31.92,0.15,47.9,7.18,10.0
2026-09-19 04:06:48,LUM-101,22.82,25.61,32.06,0.15,47.83,7.17,10.0
2026-09-19 04:06:58,LUM-101,22.95,25.71,32.2,0.15,48.07,7.21,10.0
2026-09-19 04:07:08,LUM-101,22.9,25.62,25.62,0.0,47.84,0.0,0.0
2026-09-19 04:07:18,LUM-101,22.83,25.58,25.58,0.0,47.82,0.0,0.0
2026-09-19 04:07:28,LUM-101,22.8,25.72,32.21,0.15,48.07,7.21,10.0
2026-09-19 04:07:38,LUM-101,22.92,25.86,32.35,0.15,48.04,7.21,10.0
2026-09-19 04:07:48,LUM-101,22.86,26.02,32.51,0.15,48.05,7.21,10.0
2026-09-19 04:07:58,LUM-101,22.92,26.15,32.63,0.15,48.02,7.2,10.0
2026-09-19 04:08:08,LUM-101,22.93,26.04,26.04,0.0,47.85,0.0,0.0
2026-09-19 04:08:18,LUM-101,22.87,25.92,25.92,0.0,48.13,0.0,0.0
2026-09-19 04:08:28,LUM-101,22.82,26.01,32.51,0.15,48.18,7.23,10.0
2026-09-19 04:08:38,LUM-101,22.79,25.89,25.89,0.0,47.91,0.0,0.0
2026-09-19 04:08:48,LUM-101,22.87,25.76,25.76,0.0,48.16,0.0,0.0
2026-09-19 04:08:58,LUM-101,22.78,25.88,32.37,0.15,48.09,7.21,10.0
2026-09-19 04:09:08,LUM-101,22.95,25.78,25.78,0.0,47.98,0.0,0.0
2026-09-19 04:09:18,LUM-101,22.94,25.71,25.71,0.0,47.82,0.0,0.0
2026-09-19 04:09:28,LUM-101,22.89,25.89,32.38,0.15,48.07,7.21,10.0
2026-09-19 04:09:38,LUM-101,22.79,25.82,25.82,0.0,48.2,0.0,0.0
2026-09-19 04:09:48,LUM-101,22.91,25.92,32.42,0.15,48.1,7.22,10.0
2026-09-19 04:09:58,LUM-101,22.78,25.79,25.79,0.0,47.82,0.0,0.0
2026-09-19 04:10:08,LUM-101,22.87,25.74,25.74,0.0,48.09,0.0,0.0
2026-09-19 04:10:18,LUM-101,22.78,25.85,32.32,0.15,47.89,7.18,10.0
2026-09-19 04:10:28,LUM-101,22.83,25.72,25.72,0.0,48.05,0.0,0.0
2026-09-19 04:10:38,LUM-101,22.87,25.64,25.64,0.0,47.98,0.0,0.0
2026-09-19 04:10:48,LUM-101,22.77,25.54,25.54,0.0,47.84,0.0,0.0
2026-09-19 04:10:58,LUM-101,22.79,25.43,25.43,0.0,47.93,0.0,0.0
2026-09-19 04:11:08,LUM-101,22.85,25.56,32.04,0.15,48.0,7.2,10.0
2026-09-19 04:11:18,LUM-101,22.87,25.71,32.19,0.15,47.99,7.2,10.0
2026-09-19 04:11:28,LUM-101,22.75,25.8,32.3,0.15,48.11,7.22,10.0
2026-09-19 04:11:38,LUM-101,22.76,25.91,32.41,0.15,48.17,7.23,10.0
2026-09-19 04:11:48,LUM-101,22.84,25.79,25.79,0.0,47.88,0.0,0.0
2026-09-19 04:11:58,LUM-101,22.88,25.68,25.68,0.0,47.83,0.0,0.0
2026-09-19 04:12:08,LUM-101,22.9,25.61,25.61,0.0,48.08,0.0,0.0
2026-09-19 04:12:18,LUM-101,22.77,25.49,25.49,0.0,47.92,0.0,0.0
2026-09-19 04:12:28,LUM-101,22.76,25.66,32.17,0.15,48.19,7.23,10.0
2026-09-19 04:12:38,LUM-101,22.75,25.6,25.6,0.0,48.03,0.0,0.0
2026-09-19 04:12:48,LUM-101,22.91,25.74,32.24,0.15,48.16,7.22,10.0
2026-09-19 04:12:58,LUM-101,22.86,25.91,32.36,0.15,47.81,7.17,10.0
2026-09-19 04:13:08,LUM-101,22.74,25.79,25.79,0.0,48.09,0.0,0.0
2026-09-19 04:13:18,LUM-101,22.88,25.92,32.39,0.15,47.98,7.2,10.0
2026-09-19 04:13:28,LUM-101,22.77,25.83,25.83,0.0,48.13,0.0,0.0
2026-09-19 04:13:38,LUM-101,22.86,25.99,32.45,0.15,47.84,7.18,10.0
2026-09-19 04:13:48,LUM-101,22.82,25.84,25.84,0.0,48.17,0.0,0.0
2026-09-19 04:13:58,LUM-101,22.78,25.97,32.43,0.15,47.82,7.17,10.0
2026-09-19 04:14:08,LUM-101,22.84,25.88,25.88,0.0,48.0,0.0,0.0
2026-09-19 04:14:18,LUM-101,22.75,26.04,32.5,0.15,47.85,7.18,10.0
2026-09-19 04:14:28,LUM-101,22.79,25.93,25.93,0.0,47.84,0.0,0.0
2026-09-19 04:14:38,LUM-101,22.86,26.09,32.55,0.15,47.86,7.18,10.0
2026-09-19 04:14:48,LUM-101,22.91,26.24,32.72,0.15,48.05,7.21,10.0
2026-09-19 04:14:58,LUM-101,22.84,26.08,26.08,0.0,48.02,0.0,0.0
2026-09-19 04:15:08,LUM-101,22.79,26.2,32.66,0.15,47.9,7.18,10.0
2026-09-19 04:15:18,LUM-101,22.77,26.28,32.76,0.15,47.97,7.2,10.0
2026-09-19 04:15:28,LUM-101,22.89,26.22,26.22,0.0,47.86,0.0,0.0
2026-09-19 04:15:38,LUM-101,22.73,26.06,26.06,0.0,48.02,0.0,0.0
2026-09-19 04:15:48,LUM-101,22.87,25.98,25.98,0.0,47.99,0.0,0.0
2026-09-19 04:15:58,LUM-101,22.89,25.88,25.88,0.0,48.07,0.0,0.0
2026-09-19 04:16:08,LUM-101,22.8,25.72,25.72,0.0,47.94,0.0,0.0
2026-09-19 04:16:18,LUM-101,22.76,25.58,25.58,0.0,47.99,0.0,0.0
2026-09-19 04:16:28,LUM-101,22.76,25.45,25.45,0.0,48.13,0.0,0.0
2026-09-19 04:16:38,LUM-101,22.8,25.4,25.4,0.0,47.92,0.0,0.0
2026-09-19 04:16:48,LUM-101,22.88,25.58,32.05,0.15,47.92,7.19,10.0
2026-09-19 04:16:58,LUM-101,22.85,25.5,25.5,0.0,48.01,0.0,0.0
2026-09-19 04:17:08,LUM-101,22.79,25.64,32.09,0.15,47.82,7.17,10.0
2026-09-19 04:17:18,LUM-101,22.87,25.57,25.57,0.0,47.96,0.0,0.0
2026-09-19 04:17:28,LUM-101,22.75,25.45,25.45,0.0,48.11,0.0,0.0
2026-09-19 04:17:38,LUM-101,22.85,25.61,32.09,0.15,48.0,7.2,10.0
2026-09-19 04:17:48,LUM-101,22.82,25.54,25.54,0.0,47.87,0.0,0.0
2026-09-19 04:17:58,LUM-101,22.73,25.43,25.43,0.0,48.15,0.0,0.0
2026-09-19 04:18:08,LUM-101,22.69,25.33,25.33,0.0,47.87,0.0,0.0
2026-09-19 04:18:18,LUM-101,22.74,25.52,31.99,0.15,47.86,7.18,10.0
2026-09-19 04:18:28,LUM-101,22.82,25.68,32.17,0.15,48.12,7.22,10.0
2026-09-19 04:18:38,LUM-101,22.83,25.54,25.54,0.0,48.14,0.0,0.0
2026-09-19 04:18:48,LUM-101,22.73,25.45,25.45,0.0,47.9,0.0,0.0
2026-09-19 04:18:58,LUM-101,22.88,25.63,32.11,0.15,48.01,7.2,10.0
2026-09-19 04:19:08,LUM-101,22.7,25.57,25.57,0.0,47.81,0.0,0.0
2026-09-19 04:19:18,LUM-101,22.8,25.49,25.49,0.0,47.84,0.0,0.0
2026-09-19 04:19:28,LUM-101,22.68,25.44,25.44,0.0,48.09,0.0,0.0
2026-09-19 04:19:38,LUM-101,22.85,25.37,25.37,0.0,48.11,0.0,0.0
2026-09-19 04:19:48,LUM-101,22.8,25.5,31.98,0.15,47.98,7.2,10.0
2026-09-19 04:19:58,LUM-101,22.73,25.4,25.4,0.0,48.06,0.0,0.0
2026-09-19 04:20:08,LUM-101,22.8,25.57,32.04,0.15,47.96,7.19,10.0
2026-09-19 04:20:18,LUM-101,22.8,25.76,32.22,0.15,47.9,7.18,10.0
2026-09-19 04:20:28,LUM-101,22.78,25.68,25.68,0.0,48.1,0.0,0.0
2026-09-19 04:20:38,LUM-101,22.81,25.58,25.58,0.0,47.93,0.0,0.0
2026-09-19 04:20:48,LUM-101,22.84,25.46,25.46,0.0,47.85,0.0,0.0
2026-09-19 04:20:58,LUM-101,22.68,25.59,32.06,0.15,47.96,7.19,10.0
2026-09-19 04:21:08,LUM-101,22.77,25.77,32.24,0.15,47.95,7.19,10.0
2026-09-19 04:21:18,LUM-101,22.68,25.7,25.7,0.0,47.82,0.0,0.0
2026-09-19 04:21:28,LUM-101,22.66,25.81,32.26,0.15,47.82,7.17,10.0
2026-09-19 04:21:38,LUM-101,22.66,25.95,32.44,0.15,48.09,7.21,10.0
2026-09-19 04:21:48,LUM-101,22.72,25.87,25.87,0.0,47.99,0.0,0.0
2026-09-19 04:21:58,LUM-101,22.82,25.81,25.81,0.0,47.8,0.0,0.0
2026-09-19 04:22:08,LUM-101,22.8,25.74,25.74,0.0,47.97,0.0,0.0
2026-09-19 04:22:18,LUM-101,22.76,25.67,25.67,0.0,48.08,0.0,0.0
2026-09-19 04:22:28,LUM-101,22.84,25.83,32.33,0.15,48.11,7.22,10.0
2026-09-19 04:22:38,LUM-101,22.82,25.74,25.74,0.0,48.2,0.0,0.0
2026-09-19 04:22:48,LUM-101,22.8,25.85,32.34,0.15,48.04,7.21,10.0
2026-09-19 04:22:58,LUM-101,22.75,26.0,32.48,0.15,48.04,7.21,10.0
2026-09-19 04:23:08,LUM-101,22.75,26.17,32.63,0.15,47.91,7.19,10.0
2026-09-19 04:23:18,LUM-101,22.75,26.27,32.74,0.15,47.87,7.18,10.0
2026-09-19 04:23:28,LUM-101,22.75,26.34,32.84,0.15,48.14,7.22,10.0
2026-09-19 04:23:38,LUM-101,22.77,26.23,26.23,0.0,47.86,0.0,0.0
2026-09-19 04:23:48,LUM-101,22.77,26.14,26.14,0.0,47.87,0.0,0.0
2026-09-19 04:23:58,LUM-101,22.77,26.0,26.0,0.0,47.98,0.0,0.0
2026-09-19 04:24:08,LUM-101,22.79,25.88,25.88,0.0,47.9,0.0,0.0
2026-09-19 04:24:18,LUM-101,22.73,26.07,32.57,0.15,48.19,7.23,10.0
2026-09-19 04:24:28,LUM-101,22.63,25.94,25.94,0.0,48.04,0.0,0.0
2026-09-19 04:24:38,LUM-101,22.7,25.85,25.85,0.0,48.11,0.0,0.0
2026-09-19 04:24:48,LUM-101,22.81,25.77,25.77,0.0,48.02,0.0,0.0
2026-09-19 04:24:58,LUM-101,22.81,25.89,32.38,0.15,48.02,7.2,10.0
2026-09-19 04:25:08,LUM-101,22.65,26.01,32.48,0.15,47.94,7.19,10.0
2026-09-19 04:25:18,LUM-101,22.8,25.89,25.89,0.0,47.95,0.0,0.0
2026-09-19 04:25:28,LUM-101,22.65,25.79,25.79,0.0,47.9,0.0,0.0
2026-09-19 04:25:38,LUM-101,22.73,25.9,32.36,0.15,47.81,7.17,10.0
2026-09-19 04:25:48,LUM-101,22.63,26.05,32.55,0.15,48.11,7.22,10.0
2026-09-19 04:25:58,LUM-101,22.7,25.92,25.92,0.0,47.91,0.0,0.0
2026-09-19 04:26:08,LUM-101,22.75,25.82,25.82,0.0,48.01,0.0,0.0
2026-09-19 04:26:18,LUM-101,22.76,25.92,32.39,0.15,47.9,7.19,10.0
2026-09-19 04:26:28,LUM-101,22.76,25.77,25.77,0.0,48.15,0.0,0.0
2026-09-19 04:26:38,LUM-101,22.65,25.88,32.36,0.15,48.04,7.21,10.0
2026-09-19 04:26:48,LUM-101,22.64,25.74,25.74,0.0,48.04,0.0,0.0
2026-09-19 04:26:58,LUM-101,22.65,25.6,25.6,0.0,47.97,0.0,0.0
2026-09-19 04:27:08,LUM-101,22.78,25.5,25.5,0.0,48.11,0.0,0.0
2026-09-19 04:27:18,LUM-101,22.61,25.39,25.39,0.0,47.95,0.0,0.0
2026-09-19 04:27:28,LUM-101,22.78,25.59,32.07,0.15,47.99,7.2,10.0
2026-09-19 04:27:38,LUM-101,22.7,25.75,32.24,0.15,48.08,7.21,10.0
2026-09-19 04:27:48,LUM-101,22.62,25.63,25.63,0.0,47.81,0.0,0.0
2026-09-19 04:27:58,LUM-101,22.62,25.55,25.55,0.0,47.84,0.0,0.0
2026-09-19 04:28:08,LUM-101,22.66,25.42,25.42,0.0,48.12,0.0,0.0
2026-09-19 04:28:18,LUM-101,22.78,25.34,25.34,0.0,47.91,0.0,0.0
2026-09-19 04:28:28,LUM-101,22.62,25.49,31.94,0.15,47.83,7.17,10.0
2026-09-19 04:28:38,LUM-101,22.74,25.64,32.15,0.15,48.19,7.23,10.0
2026-09-19 04:28:48,LUM-101,22.63,25.52,25.52,0.0,47.8,0.0,0.0
2026-09-19 04:28:58,LUM-101,22.61,25.63,32.09,0.15,47.85,7.18,10.0
2026-09-19 04:29:08,LUM-101,22.64,25.57,25.57,0.0,47.98,0.0,0.0
2026-09-19 04:29:18,LUM-101,22.66,25.69,32.17,0.15,47.94,7.19,10.0
2026-09-19 04:29:28,LUM-101,22.71,25.63,25.63,0.0,47.81,0.0,0.0
2026-09-19 04:29:38,LUM-101,22.72,25.75,32.23,0.15,47.97,7.2,10.0
2026-09-19 04:29:48,LUM-101,22.75,25.89,32.35,0.15,47.86,7.18,10.0
2026-09-19 04:29:58,LUM-101,22.62,26.03,32.48,0.15,47.81,7.17,10.0
2026-09-19 04:30:08,LUM-101,22.73,26.18,32.68,0.15,48.08,7.21,10.0
2026-09-19 04:30:18,LUM-101,22.63,26.26,32.75,0.15,48.07,7.21,10.0
2026-09-19 04:30:28,LUM-101,22.74,26.17,26.17,0.0,47.8,0.0,0.0
2026-09-19 04:30:38,LUM-101,22.64,26.3,32.8,0.15,48.14,7.22,10.0
2026-09-19 04:30:48,LUM-101,22.77,26.39,32.88,0.15,48.11,7.22,10.0
2026-09-19 04:30:58,LUM-101,22.75,26.31,26.31,0.0,48.17,0.0,0.0
2026-09-19 04:31:08,LUM-101,22.59,26.19,26.19,0.0,48.01,0.0,0.0
2026-09-19 04:31:18,LUM-101,22.64,26.11,26.11,0.0,48.1,0.0,0.0
2026-09-19 04:31:28,LUM-101,22.77,26.2,32.68,0.15,48.01,7.2,10.0
2026-09-19 04:31:38,LUM-101,22.58,26.1,26.1,0.0,47.88,0.0,0.0
2026-09-19 04:31:48,LUM-101,22.65,26.22,32.7,0.15,47.99,7.2,10.0
2026-09-19 04:31:58,LUM-101,22.62,26.15,26.15,0.0,48.04,0.0,0.0
2026-09-19 04:32:08,LUM-101,22.75,26.27,32.77,0.15,48.19,7.23,10.0
2026-09-19 04:32:18,LUM-101,22.74,26.15,26.15,0.0,47.88,0.0,0.0
2026-09-19 04:32:28,LUM-101,22.64,26.24,32.74,0.15,48.13,7.22,10.0
2026-09-19 04:32:38,LUM-101,22.58,26.08,26.08,0.0,47.86,0.0,0.0
2026-09-19 04:32:48,LUM-101,22.75,26.16,32.64,0.15,47.98,7.2,10.0
2026-09-19 04:32:58,LUM-101,22.76,26.06,26.06,0.0,47.92,0.0,0.0
2026-09-19 04:33:08,LUM-101,22.71,25.9,25.9,0.0,48.02,0.0,0.0
2026-09-19 04:33:18,LUM-101,22.63,26.05,32.55,0.15,48.15,7.22,10.0
2026-09-19 04:33:28,LUM-101,22.71,26.19,32.69,0.15,48.17,7.23,10.0
2026-09-19 04:33:38,LUM-101,22.74,26.36,32.85,0.15,48.06,7.21,10.0
2026-09-19 04:33:48,LUM-101,22.75,26.24,26.24,0.0,47.83,0.0,0.0
2026-09-19 04:33:58,LUM-101,22.67,26.4,32.9,0.15,48.18,7.23,10.0
2026-09-19 04:34:08,LUM-101,22.65,26.54,33.04,0.15,48.14,7.22,10.0
2026-09-19 04:34:18,LUM-101,22.7,26.69,33.17,0.15,47.97,7.19,10.0
2026-09-19 04:34:28,LUM-101,22.58,26.56,26.56,0.0,47.87,0.0,0.0
2026-09-19 04:34:38,LUM-101,22.59,26.71,33.18,0.15,47.93,7.19,10.0
2026-09-19 04:34:48,LUM-101,22.66,26.86,33.34,0.15,48.05,7.21,10.0
2026-09-19 04:34:58,LUM-101,22.69,26.69,26.69,0.0,48.17,0.0,0.0
2026-09-19 04:35:08,LUM-101,22.67,26.59,26.59,0.0,48.04,0.0,0.0
2026-09-19 04:35:18,LUM-101,22.71,26.67,33.12,0.15,47.81,7.17,10.0
2026-09-19 04:35:28,LUM-101,22.72,26.75,33.24,0.15,48.09,7.21,10.0
2026-09-19 04:35:38,LUM-101,22.63,26.84,33.32,0.15,47.95,7.19,10.0
2026-09-19 04:35:48,LUM-101,22.64,26.96,33.46,0.15,48.14,7.22,10.0
2026-09-19 04:35:58,LUM-101,22.56,26.82,26.82,0.0,47.98,0.0,0.0
2026-09-19 04:36:08,LUM-101,22.66,26.64,26.64,0.0,48.0,0.0,0.0
2026-09-19 04:36:18,LUM-101,22.57,26.73,33.22,0.15,48.09,7.21,10.0
2026-09-19 04:36:28,LUM-101,22.57,26.82,33.31,0.15,48.08,7.21,10.0
2026-09-19 04:36:38,LUM-101,22.72,26.96,33.45,0.15,48.1,7.21,10.0
2026-09-19 04:36:48,LUM-101,22.57,26.8,26.8,0.0,47.83,0.0,0.0
2026-09-19 04:36:58,LUM-101,22.56,26.9,33.37,0.15,47.96,7.19,10.0
2026-09-19 04:37:08,LUM-101,22.61,26.76,26.76,0.0,48.08,0.0,0.0
2026-09-19 04:37:18,LUM-101,22.57,26.66,26.66,0.0,48.18,0.0,0.0
2026-09-19 04:37:28,LUM-101,22.52,26.77,33.23,0.15,47.85,7.18,10.0
2026-09-19 04:37:38,LUM-101,22.63,26.67,26.67,0.0,47.95,0.0,0.0
2026-09-19 04:37:48,LUM-101,22.64,26.52,26.52,0.0,48.12,0.0,0.0
2026-09-19 04:37:58,LUM-101,22.57,26.36,26.36,0.0,48.1,0.0,0.0
2026-09-19 04:38:08,LUM-101,22.55,26.46,32.92,0.15,47.85,7.18,10.0
2026-09-19 04:38:18,LUM-101,22.62,26.3,26.3,0.0,47.97,0.0,0.0
2026-09-19 04:38:28,LUM-101,22.62,26.41,32.89,0.15,48.03,7.2,10.0
2026-09-19 04:38:38,LUM-101,22.69,26.34,26.34,0.0,48.07,0.0,0.0
2026-09-19 04:38:48,LUM-101,22.55,26.47,32.97,0.15,48.17,7.22,10.0
2026-09-19 04:38:58,LUM-101,22.65,26.36,26.36,0.0,47.95,0.0,0.0
2026-09-19 04:39:08,LUM-101,22.58,26.42,32.9,0.15,47.95,7.19,10.0
2026-09-19 04:39:18,LUM-101,22.64,26.56,33.03,0.15,47.91,7.19,10.0
2026-09-19 04:39:28,LUM-101,22.68,26.43,26.43,0.0,47.82,0.0,0.0
2026-09-19 04:39:38,LUM-101,22.57,26.58,33.04,0.15,47.88,7.18,10.0
2026-09-19 04:39:48,LUM-101,22.6,26.45,26.45,0.0,47.9,0.0,0.0
2026-09-19 04:39:58,LUM-101,22.58,26.58,33.08,0.15,48.15,7.22,10.0
2026-09-19 04:40:08,LUM-101,22.69,26.74,33.23,0.15,48.1,7.21,10.0
2026-09-19 04:40:18,LUM-101,22.54,26.59,26.59,0.0,48.01,0.0,0.0
2026-09-19 04:40:28,LUM-101,22.64,26.68,33.14,0.15,47.82,7.17,10.0
2026-09-19 04:40:38,LUM-101,22.7,26.58,26.58,0.0,47.85,0.0,0.0
2026-09-19 04:40:48,LUM-101,22.53,26.68,33.15,0.15,47.95,7.19,10.0
2026-09-19 04:40:58,LUM-101,22.56,26.83,33.31,0.15,48.0,7.2,10.0
2026-09-19 04:41:08,LUM-101,22.57,26.89,33.36,0.15,47.93,7.19,10.0
2026-09-19 04:41:18,LUM-101,22.53,26.71,26.71,0.0,47.84,0.0,0.0
2026-09-19 04:41:28,LUM-101,22.57,26.77,33.26,0.15,48.08,7.21,10.0
2026-09-19 04:41:38,LUM-101,22.69,26.83,33.3,0.15,47.93,7.19,10.0
2026-09-19 04:41:48,LUM-101,22.59,26.98,33.48,0.15,48.15,7.22,10.0
2026-09-19 04:41:58,LUM-101,22.57,27.07,33.55,0.15,48.02,7.2,10.0
2026-09-19 04:42:08,LUM-101,22.6,26.93,26.93,0.0,48.05,0.0,0.0
2026-09-19 04:42:18,LUM-101,22.63,27.06,33.51,0.15,47.8,7.17,10.0
2026-09-19 04:42:28,LUM-101,22.58,26.9,26.9,0.0,47.97,0.0,0.0
2026-09-19 04:42:38,LUM-101,22.62,27.03,33.53,0.15,48.13,7.22,10.0
2026-09-19 04:42:48,LUM-101,22.54,27.17,33.63,0.15,47.81,7.17,10.0
2026-09-19 04:42:58,LUM-101,22.62,27.29,33.76,0.15,47.95,7.19,10.0
2026-09-19 04:43:08,LUM-101,22.67,27.1,27.1,0.0,47.84,0.0,0.0
2026-09-19 04:43:18,LUM-101,22.62,26.92,26.92,0.0,47.87,0.0,0.0
2026-09-19 04:43:28,LUM-101,22.67,26.82,26.82,0.0,48.03,0.0,0.0
2026-09-19 04:43:38,LUM-101,22.53,26.9,33.36,0.15,47.81,7.17,10.0
2026-09-19 04:43:48,LUM-101,22.6,26.99,33.46,0.15,47.95,7.19,10.0
2026-09-19 04:43:58,LUM-101,22.57,26.81,26.81,0.0,48.02,0.0,0.0
2026-09-19 04:44:08,LUM-101,22.57,26.88,33.36,0.15,47.99,7.2,10.0
2026-09-19 04:44:18,LUM-101,22.48,26.97,33.46,0.15,48.09,7.21,10.0
2026-09-19 04:44:28,LUM-101,22.59,26.83,26.83,0.0,48.19,0.0,0.0
2026-09-19 04:44:38,LUM-101,22.51,26.72,26.72,0.0,47.87,0.0,0.0
2026-09-19 04:44:48,LUM-101,22.47,26.55,26.55,0.0,48.09,0.0,0.0
2026-09-19 04:44:58,LUM-101,22.65,26.39,26.39,0.0,47.86,0.0,0.0
2026-09-19 04:45:08,LUM-101,22.61,26.27,26.27,0.0,47.99,0.0,0.0
2026-09-19 04:45:18,LUM-101,22.53,26.18,26.18,0.0,48.06,0.0,0.0
2026-09-19 04:45:28,LUM-101,22.49,26.35,32.84,0.15,48.11,7.22,10.0
2026-09-19 04:45:38,LUM-101,22.61,26.51,32.99,0.15,48.01,7.2,10.0
2026-09-19 04:45:48,LUM-101,22.57,26.33,26.33,0.0,47.83,0.0,0.0
2026-09-19 04:45:58,LUM-101,22.54,26.24,26.24,0.0,47.94,0.0,0.0
2026-09-19 04:46:08,LUM-101,22.65,26.33,32.78,0.15,47.81,7.17,10.0
2026-09-19 04:46:18,LUM-101,22.53,26.24,26.24,0.0,48.0,0.0,0.0
2026-09-19 04:46:28,LUM-101,22.62,26.09,26.09,0.0,47.95,0.0,0.0
2026-09-19 04:46:38,LUM-101,22.62,25.97,25.97,0.0,48.19,0.0,0.0
2026-09-19 04:46:48,LUM-101,22.48,26.06,32.55,0.15,48.07,7.21,10.0
2026-09-19 04:46:58,LUM-101,22.59,25.9,25.9,0.0,48.12,0.0,0.0
2026-09-19 04:47:08,LUM-101,22.45,25.79,25.79,0.0,48.17,0.0,0.0
2026-09-19 04:47:18,LUM-101,22.51,25.69,25.69,0.0,48.17,0.0,0.0
2026-09-19 04:47:28,LUM-101,22.46,25.86,32.33,0.15,47.92,7.19,10.0
2026-09-19 04:47:38,LUM-101,22.53,25.8,25.8,0.0,47.95,0.0,0.0
2026-09-19 04:47:48,LUM-101,22.51,25.71,25.71,0.0,47.97,0.0,0.0
2026-09-19 04:47:58,LUM-101,22.53,25.84,32.35,0.15,48.19,7.23,10.0
2026-09-19 04:48:08,LUM-101,22.58,25.77,25.77,0.0,48.17,0.0,0.0
2026-09-19 04:48:18,LUM-101,22.58,25.88,32.37,0.15,48.08,7.21,10.0
2026-09-19 04:48:28,LUM-101,22.59,26.0,32.48,0.15,47.99,7.2,10.0
2026-09-19 04:48:38,LUM-101,22.59,26.09,32.56,0.15,47.89,7.18,10.0
2026-09-19 04:48:48,LUM-101,22.55,26.25,32.71,0.15,47.88,7.18,10.0
2026-09-19 04:48:58,LUM-101,22.51,26.38,32.88,0.15,48.16,7.22,10.0
2026-09-19 04:49:08,LUM-101,22.63,26.31,26.31,0.0,48.11,0.0,0.0
2026-09-19 04:49:18,LUM-101,22.53,26.17,26.17,0.0,47.99,0.0,0.0
2026-09-19 04:49:28,LUM-101,22.58,26.09,26.09,0.0,47.83,0.0,0.0
2026-09-19 04:49:38,LUM-101,22.59,25.96,25.96,0.0,47.89,0.0,0.0
2026-09-19 04:49:48,LUM-101,22.56,25.87,25.87,0.0,48.15,0.0,0.0
2026-09-19 04:49:58,LUM-101,22.59,25.76,25.76,0.0,47.98,0.0,0.0
2026-09-19 04:50:08,LUM-101,22.46,25.63,25.63,0.0,48.12,0.0,0.0
2026-09-19 04:50:18,LUM-101,22.54,25.49,25.49,0.0,48.03,0.0,0.0
2026-09-19 04:50:28,LUM-101,22.55,25.61,32.12,0.15,48.17,7.23,10.0
2026-09-19 04:50:38,LUM-101,22.49,25.79,32.28,0.15,48.03,7.2,10.0
2026-09-19 04:50:48,LUM-101,22.49,25.7,25.7,0.0,48.07,0.0,0.0
2026-09-19 04:50:58,LUM-101,22.45,25.84,32.34,0.15,48.17,7.23,10.0
2026-09-19 04:51:08,LUM-101,22.5,25.72,25.72,0.0,47.87,0.0,0.0
2026-09-19 04:51:18,LUM-101,22.6,25.57,25.57,0.0,48.1,0.0,0.0
2026-09-19 04:51:28,LUM-101,22.55,25.44,25.44,0.0,48.15,0.0,0.0
2026-09-19 04:51:38,LUM-101,22.55,25.35,25.35,0.0,47.87,0.0,0.0
2026-09-19 04:51:48,LUM-101,22.61,25.28,25.28,0.0,47.91,0.0,0.0
2026-09-19 04:51:58,LUM-101,22.43,25.43,31.89,0.15,47.86,7.18,10.0
2026-09-19 04:52:08,LUM-101,22.56,25.37,25.37,0.0,48.07,0.0,0.0
2026-09-19 04:52:18,LUM-101,22.6,25.53,32.02,0.15,48.07,7.21,10.0
2026-09-19 04:52:28,LUM-101,22.58,25.69,32.14,0.15,47.81,7.17,10.0
2026-09-19 04:52:38,LUM-101,22.54,25.85,32.33,0.15,48.0,7.2,10.0
2026-09-19 04:52:48,LUM-101,22.44,25.7,25.7,0.0,48.03,0.0,0.0
2026-09-19 04:52:58,LUM-101,22.43,25.87,32.36,0.15,48.08,7.21,10.0
2026-09-19 04:53:08,LUM-101,22.55,25.97,32.46,0.15,48.06,7.21,10.0
2026-09-19 04:53:18,LUM-101,22.53,25.85,25.85,0.0,48.12,0.0,0.0
2026-09-19 04:53:28,LUM-101,22.44,25.77,25.77,0.0,48.1,0.0,0.0
2026-09-19 04:53:38,LUM-101,22.41,25.69,25.69,0.0,47.9,0.0,0.0
2026-09-19 04:53:48,LUM-101,22.59,25.86,32.35,0.15,48.11,7.22,10.0
2026-09-19 04:53:58,LUM-101,22.59,26.04,32.54,0.15,48.18,7.23,10.0
2026-09-19 04:54:08,LUM-101,22.44,25.93,25.93,0.0,48.14,0.0,0.0
2026-09-19 04:54:18,LUM-101,22.41,25.83,25.83,0.0,48.12,0.0,0.0
2026-09-19 04:54:28,LUM-101,22.45,25.69,25.69,0.0,47.9,0.0,0.0
2026-09-19 04:54:38,LUM-101,22.57,25.62,25.62,0.0,47.92,0.0,0.0
2026-09-19 04:54:48,LUM-101,22.58,25.8,32.27,0.15,47.88,7.18,10.0
2026-09-19 04:54:58,LUM-101,22.48,25.92,32.38,0.15,47.87,7.18,10.0
2026-09-19 04:55:08,LUM-101,22.58,26.09,32.59,0.15,48.12,7.22,10.0
2026-09-19 04:55:18,LUM-101,22.41,26.17,32.64,0.15,47.88,7.18,10.0
2026-09-19 04:55:28,LUM-101,22.41,26.25,32.74,0.15,48.02,7.2,10.0
2026-09-19 04:55:38,LUM-101,22.53,26.4,32.87,0.15,47.9,7.18,10.0
2026-09-19 04:55:48,LUM-101,22.42,26.32,26.32,0.0,48.15,0.0,0.0
2026-09-19 04:55:58,LUM-101,22.5,26.16,26.16,0.0,47.97,0.0,0.0
2026-09-19 04:56:08,LUM-101,22.48,26.3,32.79,0.15,48.11,7.22,10.0
2026-09-19 04:56:18,LUM-101,22.39,26.12,26.12,0.0,48.2,0.0,0.0
2026-09-19 04:56:28,LUM-101,22.43,26.24,32.72,0.15,48.01,7.2,10.0
2026-09-19 04:56:38,LUM-101,22.42,26.09,26.09,0.0,48.03,0.0,0.0
2026-09-19 04:56:48,LUM-101,22.42,25.99,25.99,0.0,47.92,0.0,0.0
2026-09-19 04:56:58,LUM-101,22.41,26.14,32.62,0.15,47.96,7.19,10.0
2026-09-19 04:57:08,LUM-101,22.5,26.23,32.72,0.15,48.02,7.2,10.0
2026-09-19 04:57:18,LUM-101,22.56,26.14,26.14,0.0,48.03,0.0,0.0
2026-09-19 04:57:28,LUM-101,22.39,25.97,25.97,0.0,48.11,0.0,0.0
2026-09-19 04:57:38,LUM-101,22.38,25.84,25.84,0.0,48.16,0.0,0.0
2026-09-19 04:57:48,LUM-101,22.46,25.94,32.42,0.15,48.05,7.21,10.0
2026-09-19 04:57:58,LUM-101,22.42,26.1,32.59,0.15,48.08,7.21,10.0
2026-09-19 04:58:08,LUM-101,22.54,26.2,32.69,0.15,48.06,7.21,10.0
2026-09-19 04:58:18,LUM-101,22.39,26.04,26.04,0.0,48.2,0.0,0.0
2026-09-19 04:58:28,LUM-101,22.42,26.18,32.64,0.15,47.81,7.17,10.0
2026-09-19 04:58:38,LUM-101,22.42,26.29,32.8,0.15,48.19,7.23,10.0
2026-09-19 04:58:48,LUM-101,22.42,26.43,32.88,0.15,47.83,7.17,10.0
2026-09-19 04:58:58,LUM-101,22.41,26.27,26.27,0.0,47.93,0.0,0.0
2026-09-19 04:59:08,LUM-101,22.5,26.43,32.92,0.15,48.09,7.21,10.0
2026-09-19 04:59:18,LUM-101,22.46,26.34,26.34,0.0,48.01,0.0,0.0
2026-09-19 04:59:28,LUM-101,22.46,26.25,26.25,0.0,47.81,0.0,0.0
2026-09-19 04:59:38,LUM-101,22.42,26.11,26.11,0.0,48.13,0.0,0.0
2026-09-19 04:59:48,LUM-101,22.5,26.0,26.0,0.0,47.97,0.0,0.0
2026-09-19 04:59:58,LUM-101,22.44,26.16,32.63,0.15,47.87,7.18,10.0
2026-09-19 05:00:08,LUM-101,22.37,26.26,32.76,0.15,48.17,7.23,10.0
2026-09-19 05:00:18,LUM-101,22.49,26.37,32.85,0.15,48.0,7.2,10.0
2026-09-19 05:00:28,LUM-101,22.5,26.23,26.23,0.0,47.89,0.0,0.0
2026-09-19 05:00:38,LUM-101,22.46,26.31,32.81,0.15,48.16,7.22,10.0
2026-09-19 05:00:48,LUM-101,22.4,26.19,26.19,0.0,48.01,0.0,0.0
2026-09-19 05:00:58,LUM-101,22.39,26.3,32.77,0.15,47.94,7.19,10.0
2026-09-19 05:01:08,LUM-101,22.51,26.43,32.91,0.15,48.06,7.21,10.0
2026-09-19 05:01:18,LUM-101,22.51,26.29,26.29,0.0,48.13,0.0,0.0
2026-09-19 05:01:28,LUM-101,22.54,26.38,32.85,0.15,47.95,7.19,10.0
2026-09-19 05:01:38,LUM-101,22.4,26.2,26.2,0.0,47.81,0.0,0.0
2026-09-19 05:01:48,LUM-101,22.53,26.31,32.77,0.15,47.89,7.18,10.0
2026-09-19 05:01:58,LUM-101,22.46,26.38,32.88,0.15,48.13,7.22,10.0
2026-09-19 05:02:08,LUM-101,22.49,26.45,32.94,0.15,48.08,7.21,10.0
2026-09-19 05:02:18,LUM-101,22.5,26.37,26.37,0.0,48.17,0.0,0.0
2026-09-19 05:02:28,LUM-101,22.43,26.44,32.91,0.15,47.9,7.19,10.0
2026-09-19 05:02:38,LUM-101,22.51,26.32,26.32,0.0,48.12,0.0,0.0
2026-09-19 05:02:48,LUM-101,22.44,26.17,26.17,0.0,48.07,0.0,0.0
2026-09-19 05:02:58,LUM-101,22.47,26.26,32.75,0.15,48.09,7.21,10.0
2026-09-19 05:03:08,LUM-101,22.51,26.35,32.82,0.15,47.93,7.19,10.0
2026-09-19 05:03:18,LUM-101,22.35,26.17,26.17,0.0,48.02,0.0,0.0
2026-09-19 05:03:28,LUM-101,22.37,26.28,32.74,0.15,47.88,7.18,10.0
2026-09-19 05:03:38,LUM-101,22.41,26.18,26.18,0.0,47.84,0.0,0.0
2026-09-19 05:03:48,LUM-101,22.34,26.02,26.02,0.0,48.0,0.0,0.0
2026-09-19 05:03:58,LUM-101,22.52,25.85,25.85,0.0,48.0,0.0,0.0
2026-09-19 05:04:08,LUM-101,22.49,25.77,25.77,0.0,48.18,0.0,0.0
2026-09-19 05:04:18,LUM-101,22.47,25.88,32.35,0.15,47.92,7.19,10.0
2026-09-19 05:04:28,LUM-101,22.34,25.81,25.81,0.0,48.12,0.0,0.0
2026-09-19 05:04:38,LUM-101,22.38,25.73,25.73,0.0,47.94,0.0,0.0
2026-09-19 05:04:48,LUM-101,22.46,25.62,25.62,0.0,47.9,0.0,0.0
2026-09-19 05:04:58,LUM-101,22.36,25.55,25.55,0.0,48.0,0.0,0.0
2026-09-19 05:05:08,LUM-101,22.49,25.7,32.15,0.15,47.81,7.17,10.0
2026-09-19 05:05:18,LUM-101,22.42,25.63,25.63,0.0,47.89,0.0,0.0
2026-09-19 05:05:28,LUM-101,22.51,25.55,25.55,0.0,47.91,0.0,0.0
2026-09-19 05:05:38,LUM-101,22.51,25.46,25.46,0.0,47.99,0.0,0.0
2026-09-19 05:05:48,LUM-101,22.49,25.4,25.4,0.0,47.9,0.0,0.0
2026-09-19 05:05:58,LUM-101,22.34,25.49,31.99,0.15,48.14,7.22,10.0
2026-09-19 05:06:08,LUM-101,22.47,25.66,32.16,0.15,48.1,7.21,10.0
2026-09-19 05:06:18,LUM-101,22.38,25.54,25.54,0.0,48.07,0.0,0.0
2026-09-19 05:06:28,LUM-101,22.42,25.48,25.48,0.0,47.85,0.0,0.0
2026-09-19 05:06:38,LUM-101,22.48,25.63,32.12,0.15,48.08,7.21,10.0
2026-09-19 05:06:48,LUM-101,22.46,25.8,32.29,0.15,48.06,7.21,10.0
2026-09-19 05:06:58,LUM-101,22.49,25.94,32.45,0.15,48.17,7.23,10.0
2026-09-19 05:07:08,LUM-101,22.39,26.1,32.61,0.15,48.19,7.23,10.0
2026-09-19 05:07:18,LUM-101,22.36,26.22,32.7,0.15,48.06,7.21,10.0
2026-09-19 05:07:28,LUM-101,22.47,26.12,26.12,0.0,47.88,0.0,0.0
2026-09-19 05:07:38,LUM-101,22.43,26.24,32.7,0.15,47.86,7.18,10.0
2026-09-19 05:07:48,LUM-101,22.32,26.15,26.15,0.0,48.09,0.0,0.0
2026-09-19 05:07:58,LUM-101,22.38,26.27,32.77,0.15,48.11,7.22,10.0
2026-09-19 05:08:08,LUM-101,22.47,26.14,26.14,0.0,47.97,0.0,0.0
2026-09-19 05:08:18,LUM-101,22.48,26.03,26.03,0.0,48.05,0.0,0.0
2026-09-19 05:08:28,LUM-101,22.34,26.11,32.62,0.15,48.19,7.23,10.0
2026-09-19 05:08:38,LUM-101,22.31,26.25,32.73,0.15,48.0,7.2,10.0
2026-09-19 05:08:48,LUM-101,22.35,26.33,32.79,0.15,47.85,7.18,10.0
2026-09-19 05:08:58,LUM-101,22.36,26.44,32.92,0.15,47.99,7.2,10.0
2026-09-19 05:09:08,LUM-101,22.48,26.33,26.33,0.0,48.09,0.0,0.0
2026-09-19 05:09:18,LUM-101,22.44,26.17,26.17,0.0,47.86,0.0,0.0
2026-09-19 05:09:28,LUM-101,22.45,26.0,26.0,0.0,47.91,0.0,0.0
2026-09-19 05:09:38,LUM-101,22.39,25.89,25.89,0.0,48.19,0.0,0.0
2026-09-19 05:09:48,LUM-101,22.4,26.01,32.48,0.15,47.96,7.19,10.0
2026-09-19 05:09:58,LUM-101,22.36,25.88,25.88,0.0,47.98,0.0,0.0
2026-09-19 05:10:08,LUM-101,22.48,25.78,25.78,0.0,48.06,0.0,0.0
2026-09-19 05:10:18,LUM-101,22.33,25.65,25.65,0.0,48.18,0.0,0.0
2026-09-19 05:10:28,LUM-101,22.42,25.53,25.53,0.0,48.17,0.0,0.0
2026-09-19 05:10:38,LUM-101,22.45,25.43,25.43,0.0,47.93,0.0,0.0
2026-09-19 05:10:48,LUM-101,22.45,25.55,32.03,0.15,48.04,7.21,10.0
2026-09-19 05:10:58,LUM-101,22.44,25.49,25.49,0.0,48.07,0.0,0.0
2026-09-19 05:11:08,LUM-101,22.33,25.6,32.06,0.15,47.83,7.17,10.0
2026-09-19 05:11:18,LUM-101,22.47,25.52,25.52,0.0,48.06,0.0,0.0
2026-09-19 05:11:28,LUM-101,22.38,25.7,32.16,0.15,47.86,7.18,10.0
2026-09-19 05:11:38,LUM-101,22.29,25.83,32.31,0.15,47.93,7.19,10.0
2026-09-19 05:11:48,LUM-101,22.35,25.77,25.77,0.0,48.11,0.0,0.0
2026-09-19 05:11:58,LUM-101,22.35,25.86,32.33,0.15,47.9,7.18,10.0
2026-09-19 05:12:08,LUM-101,22.47,25.75,25.75,0.0,47.97,0.0,0.0
2026-09-19 05:12:18,LUM-101,22.29,25.89,32.34,0.15,47.8,7.17,10.0
2026-09-19 05:12:28,LUM-101,22.33,26.02,32.48,0.15,47.89,7.18,10.0
2026-09-19 05:12:38,LUM-101,22.37,25.92,25.92,0.0,47.96,0.0,0.0
2026-09-19 05:12:48,LUM-101,22.44,26.03,32.54,0.15,48.19,7.23,10.0
2026-09-19 05:12:58,LUM-101,22.33,26.19,32.66,0.15,47.91,7.19,10.0
2026-09-19 05:13:08,LUM-101,22.3,26.1,26.1,0.0,48.05,0.0,0.0
2026-09-19 05:13:18,LUM-101,22.32,26.2,32.67,0.15,47.9,7.19,10.0
2026-09-19 05:13:28,LUM-101,22.27,26.07,26.07,0.0,47.98,0.0,0.0
2026-09-19 05:13:38,LUM-101,22.37,26.23,32.71,0.15,48.03,7.2,10.0
2026-09-19 05:13:48,LUM-101,22.27,26.36,32.86,0.15,48.14,7.22,10.0
2026-09-19 05:13:58,LUM-101,22.35,26.21,26.21,0.0,47.8,0.0,0.0
2026-09-19 05:14:08,LUM-101,22.38,26.11,26.11,0.0,47.8,0.0,0.0
2026-09-19 05:14:18,LUM-101,22.31,26.27,32.75,0.15,48.0,7.2,10.0
2026-09-19 05:14:28,LUM-101,22.36,26.1,26.1,0.0,47.83,0.0,0.0
2026-09-19 05:14:38,LUM-101,22.41,26.23,32.73,0.15,48.09,7.21,10.0
2026-09-19 05:14:48,LUM-101,22.38,26.07,26.07,0.0,47.87,0.0,0.0
2026-09-19 05:14:58,LUM-101,22.33,25.95,25.95,0.0,48.02,0.0,0.0
2026-09-19 05:15:08,LUM-101,22.37,25.8,25.8,0.0,48.08,0.0,0.0
2026-09-19 05:15:18,LUM-101,22.41,25.69,25.69,0.0,47.97,0.0,0.0
2026-09-19 05:15:28,LUM-101,22.29,25.85,32.31,0.15,47.87,7.18,10.0
2026-09-19 05:15:38,LUM-101,22.26,25.96,32.43,0.15,47.96,7.19,10.0
2026-09-19 05:15:48,LUM-101,22.3,25.86,25.86,0.0,48.09,0.0,0.0
2026-09-19 05:15:58,LUM-101,22.37,25.76,25.76,0.0,47.84,0.0,0.0
2026-09-19 05:16:08,LUM-101,22.31,25.86,32.33,0.15,47.93,7.19,10.0
2026-09-19 05:16:18,LUM-101,22.32,25.95,32.41,0.15,47.82,7.17,10.0
2026-09-19 05:16:28,LUM-101,22.28,26.04,32.52,0.15,47.99,7.2,10.0
2026-09-19 05:16:38,LUM-101,22.28,26.2,32.66,0.15,47.86,7.18,10.0
2026-09-19 05:16:48,LUM-101,22.42,26.34,32.81,0.15,47.96,7.19,10.0
2026-09-19 05:16:58,LUM-101,22.32,26.23,26.23,0.0,48.04,0.0,0.0
2026-09-19 05:17:08,LUM-101,22.25,26.14,26.14,0.0,47.86,0.0,0.0
2026-09-19 05:17:18,LUM-101,22.41,26.04,26.04,0.0,48.09,0.0,0.0
2026-09-19 05:17:28,LUM-101,22.3,26.19,32.67,0.15,47.98,7.2,10.0
2026-09-19 05:17:38,LUM-101,22.25,26.29,32.78,0.15,48.14,7.22,10.0
2026-09-19 05:17:48,LUM-101,22.35,26.18,26.18,0.0,48.13,0.0,0.0
2026-09-19 05:17:58,LUM-101,22.34,26.34,32.84,0.15,48.16,7.22,10.0
2026-09-19 05:18:08,LUM-101,22.31,26.19,26.19,0.0,48.06,0.0,0.0
2026-09-19 05:18:18,LUM-101,22.29,26.06,26.06,0.0,48.12,0.0,0.0
2026-09-19 05:18:28,LUM-101,22.34,25.9,25.9,0.0,47.92,0.0,0.0
2026-09-19 05:18:38,LUM-101,22.28,25.83,25.83,0.0,47.82,0.0,0.0
2026-09-19 05:18:48,LUM-101,22.29,25.98,32.47,0.15,48.09,7.21,10.0
2026-09-19 05:18:58,LUM-101,22.3,26.15,32.65,0.15,48.1,7.22,10.0
2026-09-19 05:19:08,LUM-101,22.37,26.25,32.75,0.15,48.19,7.23,10.0
2026-09-19 05:19:18,LUM-101,22.36,26.16,26.16,0.0,48.07,0.0,0.0
2026-09-19 05:19:28,LUM-101,22.3,26.03,26.03,0.0,48.02,0.0,0.0
2026-09-19 05:19:38,LUM-101,22.41,26.17,32.66,0.15,48.03,7.2,10.0
2026-09-19 05:19:48,LUM-101,22.25,26.02,26.02,0.0,47.83,0.0,0.0
2026-09-19 05:19:58,LUM-101,22.24,26.14,32.64,0.15,48.12,7.22,10.0
2026-09-19 05:20:08,LUM-101,22.3,26.29,32.76,0.15,47.88,7.18,10.0
2026-09-19 05:20:18,LUM-101,22.29,26.39,32.88,0.15,48.09,7.21,10.0
2026-09-19 05:20:28,LUM-101,22.38,26.52,32.97,0.15,47.83,7.17,10.0
2026-09-19 05:20:38,LUM-101,22.38,26.42,26.42,0.0,48.01,0.0,0.0
2026-09-19 05:20:48,LUM-101,22.33,26.49,32.97,0.15,48.01,7.2,10.0
2026-09-19 05:20:58,LUM-101,22.4,26.61,33.09,0.15,47.98,7.2,10.0
2026-09-19 05:21:08,LUM-101,22.37,26.49,26.49,0.0,47.91,0.0,0.0
2026-09-19 05:21:18,LUM-101,22.38,26.6,33.05,0.15,47.8,7.17,10.0
2026-09-19 05:21:28,LUM-101,22.4,26.75,33.2,0.15,47.81,7.17,10.0
2026-09-19 05:21:38,LUM-101,22.25,26.64,26.64,0.0,47.84,0.0,0.0
2026-09-19 05:21:48,LUM-101,22.38,26.54,26.54,0.0,47.93,0.0,0.0
2026-09-19 05:21:58,LUM-101,22.28,26.41,26.41,0.0,48.04,0.0,0.0
2026-09-19 05:22:08,LUM-101,22.34,26.5,33.0,0.15,48.18,7.23,10.0
2026-09-19 05:22:18,LUM-101,22.25,26.62,33.11,0.15,48.12,7.22,10.0
2026-09-19 05:22:28,LUM-101,22.41,26.73,33.19,0.15,47.82,7.17,10.0
2026-09-19 05:22:38,LUM-101,22.26,26.88,33.34,0.15,47.85,7.18,10.0
2026-09-19 05:22:48,LUM-101,22.23,27.0,33.46,0.15,47.86,7.18,10.0
2026-09-19 05:22:58,LUM-101,22.3,26.89,26.89,0.0,47.94,0.0,0.0
2026-09-19 05:23:08,LUM-101,22.23,26.96,33.41,0.15,47.84,7.18,10.0
2026-09-19 05:23:18,LUM-101,22.35,26.76,26.76,0.0,48.01,0.0,0.0
2026-09-19 05:23:28,LUM-101,22.3,26.83,33.33,0.15,48.11,7.22,10.0
2026-09-19 05:23:38,LUM-101,22.33,26.91,33.37,0.15,47.87,7.18,10.0
2026-09-19 05:23:48,LUM-101,22.39,26.78,26.78,0.0,47.83,0.0,0.0
2026-09-19 05:23:58,LUM-101,22.21,26.84,33.3,0.15,47.88,7.18,10.0
2026-09-19 05:24:08,LUM-101,22.28,26.89,33.37,0.15,47.99,7.2,10.0
2026-09-19 05:24:18,LUM-101,22.23,26.78,26.78,0.0,47.98,0.0,0.0
2026-09-19 05:24:28,LUM-101,22.21,26.9,33.36,0.15,47.85,7.18,10.0
2026-09-19 05:24:38,LUM-101,22.39,26.74,26.74,0.0,47.85,0.0,0.0
2026-09-19 05:24:48,LUM-101,22.21,26.8,33.27,0.15,47.93,7.19,10.0
2026-09-19 05:24:58,LUM-101,22.27,26.61,26.61,0.0,48.06,0.0,0.0
2026-09-19 05:25:08,LUM-101,22.26,26.74,33.21,0.15,47.9,7.18,10.0
2026-09-19 05:25:18,LUM-101,22.27,26.59,26.59,0.0,47.97,0.0,0.0
2026-09-19 05:25:28,LUM-101,22.31,26.66,33.17,0.15,48.2,7.23,10.0
2026-09-19 05:25:38,LUM-101,22.31,26.79,33.28,0.15,48.11,7.22,10.0
2026-09-19 05:25:48,LUM-101,22.31,26.86,33.34,0.15,48.07,7.21,10.0
2026-09-19 05:25:58,LUM-101,22.24,26.7,26.7,0.0,48.18,0.0,0.0
2026-09-19 05:26:08,LUM-101,22.26,26.56,26.56,0.0,48.18,0.0,0.0
2026-09-19 05:26:18,LUM-101,22.28,26.4,26.4,0.0,47.96,0.0,0.0
2026-09-19 05:26:28,LUM-101,22.29,26.5,32.96,0.15,47.92,7.19,10.0
2026-09-19 05:26:38,LUM-101,22.34,26.4,26.4,0.0,48.13,0.0,0.0
2026-09-19 05:26:48,LUM-101,22.3,26.27,26.27,0.0,48.02,0.0,0.0
2026-09-19 05:26:58,LUM-101,22.28,26.38,32.86,0.15,47.98,7.2,10.0
2026-09-19 05:27:08,LUM-101,22.3,26.25,26.25,0.0,47.84,0.0,0.0
2026-09-19 05:27:18,LUM-101,22.31,26.08,26.08,0.0,48.03,0.0,0.0
2026-09-19 05:27:28,LUM-101,22.26,26.25,32.71,0.15,47.89,7.18,10.0
2026-09-19 05:27:38,LUM-101,22.3,26.33,32.81,0.15,47.96,7.19,10.0
2026-09-19 05:27:48,LUM-101,22.18,26.22,26.22,0.0,47.86,0.0,0.0
2026-09-19 05:27:58,LUM-101,22.19,26.33,32.8,0.15,47.92,7.19,10.0
2026-09-19 05:28:08,LUM-101,22.38,26.23,26.23,0.0,48.02,0.0,0.0
2026-09-19 05:28:18,LUM-101,22.38,26.09,26.09,0.0,47.93,0.0,0.0
2026-09-19 05:28:28,LUM-101,22.23,26.22,32.7,0.15,48.02,7.2,10.0
2026-09-19 05:28:38,LUM-101,22.32,26.06,26.06,0.0,48.13,0.0,0.0
2026-09-19 05:28:48,LUM-101,22.31,25.92,25.92,0.0,48.11,0.0,0.0
2026-09-19 05:28:58,LUM-101,22.19,25.8,25.8,0.0,48.18,0.0,0.0
2026-09-19 05:29:08,LUM-101,22.22,25.64,25.64,0.0,47.93,0.0,0.0
2026-09-19 05:29:18,LUM-101,22.18,25.78,32.25,0.15,47.9,7.19,10.0
2026-09-19 05:29:28,LUM-101,22.28,25.96,32.43,0.15,47.95,7.19,10.0
2026-09-19 05:29:38,LUM-101,22.26,25.85,25.85,0.0,48.14,0.0,0.0
2026-09-19 05:29:48,LUM-101,22.18,25.95,32.43,0.15,48.02,7.2,10.0
2026-09-19 05:29:58,LUM-101,22.22,25.8,25.8,0.0,48.01,0.0,0.0
2026-09-19 05:30:08,LUM-101,22.28,25.7,25.7,0.0,48.08,0.0,0.0
2026-09-19 05:30:18,LUM-101,22.23,25.85,32.33,0.15,47.95,7.19,10.0
2026-09-19 05:30:28,LUM-101,22.25,25.94,32.42,0.15,48.06,7.21,10.0
2026-09-19 05:30:38,LUM-101,22.24,26.09,32.58,0.15,48.09,7.21,10.0
2026-09-19 05:30:48,LUM-101,22.26,26.26,32.71,0.15,47.84,7.18,10.0
2026-09-19 05:30:58,LUM-101,22.18,26.14,26.14,0.0,48.03,0.0,0.0
2026-09-19 05:31:08,LUM-101,22.18,26.31,32.78,0.15,47.96,7.19,10.0
2026-09-19 05:31:18,LUM-101,22.22,26.2,26.2,0.0,47.89,0.0,0.0
2026-09-19 05:31:28,LUM-101,22.22,26.08,26.08,0.0,47.88,0.0,0.0
2026-09-19 05:31:38,LUM-101,22.21,26.2,32.71,0.15,48.18,7.23,10.0
2026-09-19 05:31:48,LUM-101,22.17,26.32,32.79,0.15,47.96,7.19,10.0
2026-09-19 05:31:58,LUM-101,22.26,26.47,32.97,0.15,48.14,7.22,10.0
2026-09-19 05:32:08,LUM-101,22.28,26.31,26.31,0.0,48.02,0.0,0.0
2026-09-19 05:32:18,LUM-101,22.33,26.19,26.19,0.0,47.85,0.0,0.0
2026-09-19 05:32:28,LUM-101,22.2,26.04,26.04,0.0,48.07,0.0,0.0
2026-09-19 05:32:38,LUM-101,22.27,25.95,25.95,0.0,48.09,0.0,0.0
2026-09-19 05:32:48,LUM-101,22.28,25.78,25.78,0.0,48.07,0.0,0.0
2026-09-19 05:32:58,LUM-101,22.28,25.92,32.4,0.15,48.01,7.2,10.0
2026-09-19 05:33:08,LUM-101,22.19,25.84,25.84,0.0,48.05,0.0,0.0
2026-09-19 05:33:18,LUM-101,22.17,25.71,25.71,0.0,47.98,0.0,0.0
2026-09-19 05:33:28,LUM-101,22.28,25.61,25.61,0.0,47.85,0.0,0.0
2026-09-19 05:33:38,LUM-101,22.19,25.75,32.22,0.15,47.94,7.19,10.0
2026-09-19 05:33:48,LUM-101,22.17,25.9,32.37,0.15,47.96,7.19,10.0
2026-09-19 05:33:58,LUM-101,22.25,26.01,32.49,0.15,47.99,7.2,10.0
2026-09-19 05:34:08,LUM-101,22.16,25.9,25.9,0.0,47.94,0.0,0.0
2026-09-19 05:34:18,LUM-101,22.22,25.82,25.82,0.0,47.89,0.0,0.0
2026-09-19 05:34:28,LUM-101,22.35,25.66,25.66,0.0,48.07,0.0,0.0
2026-09-19 05:34:38,LUM-101,22.16,25.8,32.3,0.15,48.15,7.22,10.0
2026-09-19 05:34:48,LUM-101,22.34,25.72,25.72,0.0,48.2,0.0,0.0
2026-09-19 05:34:58,LUM-101,22.21,25.83,32.31,0.15,48.02,7.2,10.0
2026-09-19 05:35:08,LUM-101,22.3,25.69,25.69,0.0,48.17,0.0,0.0
2026-09-19 05:35:18,LUM-101,22.29,25.87,32.35,0.15,47.98,7.2,10.0
2026-09-19 05:35:28,LUM-101,22.27,25.97,32.47,0.15,48.12,7.22,10.0
2026-09-19 05:35:38,LUM-101,22.27,25.81,25.81,0.0,47.9,0.0,0.0
2026-09-19 05:35:48,LUM-101,22.21,25.68,25.68,0.0,48.19,0.0,0.0
2026-09-19 05:35:58,LUM-101,22.16,25.52,25.52,0.0,47.99,0.0,0.0
2026-09-19 05:36:08,LUM-101,22.16,25.41,25.41,0.0,47.86,0.0,0.0
2026-09-19 05:36:18,LUM-101,22.32,25.57,32.05,0.15,47.99,7.2,10.0
2026-09-19 05:36:28,LUM-101,22.22,25.73,32.21,0.15,47.95,7.19,10.0
2026-09-19 05:36:38,LUM-101,22.23,25.88,32.37,0.15,48.06,7.21,10.0
2026-09-19 05:36:48,LUM-101,22.31,25.72,25.72,0.0,48.16,0.0,0.0
2026-09-19 05:36:58,LUM-101,22.32,25.63,25.63,0.0,48.08,0.0,0.0
2026-09-19 05:37:08,LUM-101,22.25,25.5,25.5,0.0,48.15,0.0,0.0
2026-09-19 05:37:18,LUM-101,22.17,25.38,25.38,0.0,47.95,0.0,0.0
2026-09-19 05:37:28,LUM-101,22.2,25.32,25.32,0.0,47.89,0.0,0.0
2026-09-19 05:37:38,LUM-101,22.2,25.21,25.21,0.0,48.18,0.0,0.0
2026-09-19 05:37:48,LUM-101,22.21,25.32,31.82,0.15,48.17,7.23,10.0
2026-09-19 05:37:58,LUM-101,22.14,25.44,31.9,0.15,47.89,7.18,10.0
2026-09-19 05:38:08,LUM-101,22.16,25.55,32.05,0.15,48.15,7.22,10.0
2026-09-19 05:38:18,LUM-101,22.16,25.72,32.2,0.15,48.0,7.2,10.0
2026-09-19 05:38:28,LUM-101,22.18,25.61,25.61,0.0,48.02,0.0,0.0
2026-09-19 05:38:38,LUM-101,22.25,25.72,32.23,0.15,48.19,7.23,10.0
2026-09-19 05:38:48,LUM-101,22.29,25.84,32.31,0.15,47.93,7.19,10.0
2026-09-19 05:38:58,LUM-101,22.3,25.71,25.71,0.0,47.89,0.0,0.0
2026-09-19 05:39:08,LUM-101,22.3,25.82,32.32,0.15,48.15,7.22,10.0
2026-09-19 05:39:18,LUM-101,22.22,25.94,32.4,0.15,47.86,7.18,10.0
2026-09-19 05:39:28,LUM-101,22.17,26.08,32.57,0.15,48.08,7.21,10.0
2026-09-19 05:39:38,LUM-101,22.22,26.0,26.0,0.0,47.96,0.0,0.0
2026-09-19 05:39:48,LUM-101,22.21,25.87,25.87,0.0,48.08,0.0,0.0
2026-09-19 05:39:58,LUM-101,22.24,25.79,25.79,0.0,47.81,0.0,0.0
2026-09-19 05:40:08,LUM-101,22.21,25.88,32.36,0.15,48.0,7.2,10.0
2026-09-19 05:40:18,LUM-101,22.19,25.73,25.73,0.0,47.81,0.0,0.0
2026-09-19 05:40:28,LUM-101,22.23,25.57,25.57,0.0,47.83,0.0,0.0
2026-09-19 05:40:38,LUM-101,22.26,25.47,25.47,0.0,48.03,0.0,0.0
2026-09-19 05:40:48,LUM-101,22.22,25.39,25.39,0.0,48.16,0.0,0.0
2026-09-19 05:40:58,LUM-101,22.27,25.52,32.0,0.15,47.95,7.19,10.0
2026-09-19 05:41:08,LUM-101,22.22,25.44,25.44,0.0,48.0,0.0,0.0
2026-09-19 05:41:18,LUM-101,22.2,25.59,32.08,0.15,48.02,7.2,10.0
2026-09-19 05:41:28,LUM-101,22.2,25.7,32.2,0.15,48.15,7.22,10.0
2026-09-19 05:41:38,LUM-101,22.13,25.58,25.58,0.0,47.86,0.0,0.0
2026-09-19 05:41:48,LUM-101,22.26,25.7,32.2,0.15,48.19,7.23,10.0
2026-09-19 05:41:58,LUM-101,22.14,25.62,25.62,0.0,48.17,0.0,0.0
2026-09-19 05:42:08,LUM-101,22.13,25.74,32.21,0.15,47.98,7.2,10.0
2026-09-19 05:42:18,LUM-101,22.19,25.67,25.67,0.0,48.02,0.0,0.0
2026-09-19 05:42:28,LUM-101,22.18,25.55,25.55,0.0,48.13,0.0,0.0
2026-09-19 05:42:38,LUM-101,22.24,25.43,25.43,0.0,48.03,0.0,0.0
2026-09-19 05:42:48,LUM-101,22.16,25.34,25.34,0.0,47.81,0.0,0.0
2026-09-19 05:42:58,LUM-101,22.26,25.28,25.28,0.0,48.05,0.0,0.0
2026-09-19 05:43:08,LUM-101,22.28,25.44,31.9,0.15,47.88,7.18,10.0
2026-09-19 05:43:18,LUM-101,22.26,25.56,32.03,0.15,47.87,7.18,10.0
2026-09-19 05:43:28,LUM-101,22.25,25.44,25.44,0.0,48.04,0.0,0.0
2026-09-19 05:43:38,LUM-101,22.1,25.37,25.37,0.0,48.14,0.0,0.0
2026-09-19 05:43:48,LUM-101,22.12,25.54,32.0,0.15,47.87,7.18,10.0
2026-09-19 05:43:58,LUM-101,22.27,25.46,25.46,0.0,48.03,0.0,0.0
2026-09-19 05:44:08,LUM-101,22.16,25.62,32.11,0.15,48.06,7.21,10.0
2026-09-19 05:44:18,LUM-101,22.17,25.76,32.26,0.15,48.16,7.22,10.0
2026-09-19 05:44:28,LUM-101,22.19,25.94,32.43,0.15,48.09,7.21,10.0
2026-09-19 05:44:38,LUM-101,22.2,25.84,25.84,0.0,48.19,0.0,0.0
2026-09-19 05:44:48,LUM-101,22.12,25.69,25.69,0.0,47.81,0.0,0.0
2026-09-19 05:44:58,LUM-101,22.2,25.53,25.53,0.0,48.16,0.0,0.0
2026-09-19 05:45:08,LUM-101,22.23,25.43,25.43,0.0,47.85,0.0,0.0
2026-09-19 05:45:18,LUM-101,22.25,25.54,32.01,0.15,47.92,7.19,10.0
2026-09-19 05:45:28,LUM-101,22.15,25.64,32.1,0.15,47.83,7.17,10.0
2026-09-19 05:45:38,LUM-101,22.2,25.55,25.55,0.0,47.95,0.0,0.0
2026-09-19 05:45:48,LUM-101,22.1,25.72,32.19,0.15,47.9,7.18,10.0
2026-09-19 05:45:58,LUM-101,22.29,25.58,25.58,0.0,48.17,0.0,0.0
2026-09-19 05:46:08,LUM-101,22.1,25.52,25.52,0.0,47.91,0.0,0.0
2026-09-19 05:46:18,LUM-101,22.21,25.43,25.43,0.0,48.19,0.0,0.0
2026-09-19 05:46:28,LUM-101,22.2,25.53,32.0,0.15,47.95,7.19,10.0
2026-09-19 05:46:38,LUM-101,22.09,25.69,32.15,0.15,47.85,7.18,10.0
2026-09-19 05:46:48,LUM-101,22.21,25.84,32.34,0.15,48.14,7.22,10.0
2026-09-19 05:46:58,LUM-101,22.19,25.96,32.46,0.15,48.18,7.23,10.0
2026-09-19 05:47:08,LUM-101,22.26,25.81,25.81,0.0,48.08,0.0,0.0
2026-09-19 05:47:18,LUM-101,22.26,25.73,25.73,0.0,47.95,0.0,0.0
2026-09-19 05:47:28,LUM-101,22.17,25.85,32.32,0.15,47.94,7.19,10.0
2026-09-19 05:47:38,LUM-101,22.22,26.01,32.5,0.15,48.05,7.21,10.0
2026-09-19 05:47:48,LUM-101,22.19,26.17,32.62,0.15,47.82,7.17,10.0
2026-09-19 05:47:58,LUM-101,22.25,26.07,26.07,0.0,48.16,0.0,0.0
2026-09-19 05:48:08,LUM-101,22.27,25.89,25.89,0.0,47.94,0.0,0.0
2026-09-19 05:48:18,LUM-101,22.08,25.98,32.44,0.15,47.87,7.18,10.0
2026-09-19 05:48:28,LUM-101,22.26,26.07,32.54,0.15,47.9,7.19,10.0
2026-09-19 05:48:38,LUM-101,22.1,26.2,32.66,0.15,47.88,7.18,10.0
2026-09-19 05:48:48,LUM-101,22.27,26.09,26.09,0.0,48.02,0.0,0.0
2026-09-19 05:48:58,LUM-101,22.21,25.94,25.94,0.0,47.8,0.0,0.0
2026-09-19 05:49:08,LUM-101,22.22,26.03,32.53,0.15,48.16,7.22,10.0
2026-09-19 05:49:18,LUM-101,22.08,26.16,32.62,0.15,47.88,7.18,10.0
2026-09-19 05:49:28,LUM-101,22.13,25.99,25.99,0.0,47.88,0.0,0.0
2026-09-19 05:49:38,LUM-101,22.11,25.88,25.88,0.0,48.19,0.0,0.0
2026-09-19 05:49:48,LUM-101,22.21,26.05,32.52,0.15,47.95,7.19,10.0
2026-09-19 05:49:58,LUM-101,22.23,26.2,32.69,0.15,48.05,7.21,10.0
2026-09-19 05:50:08,LUM-101,22.13,26.09,26.09,0.0,48.18,0.0,0.0
2026-09-19 05:50:18,LUM-101,22.26,26.23,32.69,0.15,47.84,7.18,10.0
2026-09-19 05:50:28,LUM-101,22.22,26.07,26.07,0.0,47.83,0.0,0.0
2026-09-19 05:50:38,LUM-101,22.25,26.22,32.67,0.15,47.82,7.17,10.0
2026-09-19 05:50:48,LUM-101,22.17,26.28,32.78,0.15,48.12,7.22,10.0
2026-09-19 05:50:58,LUM-101,22.16,26.35,32.81,0.15,47.85,7.18,10.0
2026-09-19 05:51:08,LUM-101,22.11,26.46,32.96,0.15,48.11,7.22,10.0
2026-09-19 05:51:18,LUM-101,22.15,26.54,33.01,0.15,47.95,7.19,10.0
2026-09-19 05:51:28,LUM-101,22.11,26.35,26.35,0.0,47.92,0.0,0.0
2026-09-19 05:51:38,LUM-101,22.1,26.22,26.22,0.0,48.2,0.0,0.0
2026-09-19 05:51:48,LUM-101,22.16,26.36,32.84,0.15,48.06,7.21,10.0
2026-09-19 05:51:58,LUM-101,22.15,26.49,32.98,0.15,48.11,7.22,10.0
2026-09-19 05:52:08,LUM-101,22.21,26.35,26.35,0.0,47.82,0.0,0.0
2026-09-19 05:52:18,LUM-101,22.16,26.51,33.01,0.15,48.18,7.23,10.0
2026-09-19 05:52:28,LUM-101,22.07,26.37,26.37,0.0,47.88,0.0,0.0
2026-09-19 05:52:38,LUM-101,22.09,26.21,26.21,0.0,48.13,0.0,0.0
2026-09-19 05:52:48,LUM-101,22.2,26.31,32.8,0.15,48.04,7.21,10.0
2026-09-19 05:52:58,LUM-101,22.18,26.43,32.9,0.15,47.93,7.19,10.0
2026-09-19 05:53:08,LUM-101,22.11,26.25,26.25,0.0,48.11,0.0,0.0
2026-09-19 05:53:18,LUM-101,22.13,26.41,32.87,0.15,47.84,7.18,10.0
2026-09-19 05:53:28,LUM-101,22.23,26.24,26.24,0.0,47.83,0.0,0.0
2026-09-19 05:53:38,LUM-101,22.16,26.13,26.13,0.0,47.8,0.0,0.0
2026-09-19 05:53:48,LUM-101,22.13,25.96,25.96,0.0,47.94,0.0,0.0
2026-09-19 05:53:58,LUM-101,22.08,26.04,32.53,0.15,48.08,7.21,10.0
2026-09-19 05:54:08,LUM-101,22.19,25.96,25.96,0.0,48.16,0.0,0.0
2026-09-19 05:54:18,LUM-101,22.09,25.87,25.87,0.0,48.17,0.0,0.0
2026-09-19 05:54:28,LUM-101,22.21,26.01,32.5,0.15,48.06,7.21,10.0
2026-09-19 05:54:38,LUM-101,22.05,25.85,25.85,0.0,48.02,0.0,0.0
2026-09-19 05:54:48,LUM-101,22.06,25.77,25.77,0.0,48.17,0.0,0.0
2026-09-19 05:54:58,LUM-101,22.05,25.61,25.61,0.0,47.97,0.0,0.0
2026-09-19 05:55:08,LUM-101,22.14,25.45,25.45,0.0,47.96,0.0,0.0
2026-09-19 05:55:18,LUM-101,22.07,25.36,25.36,0.0,47.86,0.0,0.0
2026-09-19 05:55:28,LUM-101,22.09,25.5,31.95,0.15,47.85,7.18,10.0
2026-09-19 05:55:38,LUM-101,22.18,25.61,32.1,0.15,48.09,7.21,10.0
2026-09-19 05:55:48,LUM-101,22.23,25.48,25.48,0.0,47.89,0.0,0.0
2026-09-19 05:55:58,LUM-101,22.2,25.35,25.35,0.0,48.19,0.0,0.0
2026-09-19 05:56:08,LUM-101,22.11,25.23,25.23,0.0,47.97,0.0,0.0
2026-09-19 05:56:18,LUM-101,22.1,25.39,31.85,0.15,47.84,7.18,10.0
2026-09-19 05:56:28,LUM-101,22.14,25.25,25.25,0.0,47.97,0.0,0.0
2026-09-19 05:56:38,LUM-101,22.13,25.19,25.19,0.0,48.14,0.0,0.0
2026-09-19 05:56:48,LUM-101,22.22,25.13,25.13,0.0,47.93,0.0,0.0
2026-09-19 05:56:58,LUM-101,22.06,25.24,31.72,0.15,48.0,7.2,10.0
2026-09-19 05:57:08,LUM-101,22.11,25.16,25.16,0.0,47.99,0.0,0.0
2026-09-19 05:57:18,LUM-101,22.15,25.34,31.84,0.15,48.12,7.22,10.0
2026-09-19 05:57:28,LUM-101,22.2,25.44,31.9,0.15,47.83,7.17,10.0
2026-09-19 05:57:38,LUM-101,22.21,25.34,25.34,0.0,47.81,0.0,0.0
2026-09-19 05:57:48,LUM-101,22.17,25.47,31.93,0.15,47.83,7.17,10.0
2026-09-19 05:57:58,LUM-101,22.2,25.6,32.11,0.15,48.18,7.23,10.0
2026-09-19 05:58:08,LUM-101,22.1,25.53,25.53,0.0,47.86,0.0,0.0
2026-09-19 05:58:18,LUM-101,22.14,25.44,25.44,0.0,48.13,0.0,0.0
2026-09-19 05:58:28,LUM-101,22.13,25.36,25.36,0.0,48.06,0.0,0.0
2026-09-19 05:58:38,LUM-101,22.06,25.48,31.98,0.15,48.15,7.22,10.0
2026-09-19 05:58:48,LUM-101,22.04,25.36,25.36,0.0,47.93,0.0,0.0
2026-09-19 05:58:58,LUM-101,22.14,25.47,31.96,0.15,48.12,7.22,10.0
2026-09-19 05:59:08,LUM-101,22.21,25.59,32.09,0.15,48.14,7.22,10.0
2026-09-19 05:59:18,LUM-101,22.17,25.48,25.48,0.0,48.0,0.0,0.0
2026-09-19 05:59:28,LUM-101,22.11,25.39,25.39,0.0,47.84,0.0,0.0
2026-09-19 05:59:38,LUM-101,22.1,25.52,32.02,0.15,48.18,7.23,10.0
2026-09-19 05:59:48,LUM-101,22.08,25.4,25.4,0.0,48.0,0.0,0.0
2026-09-19 05:59:58,LUM-101,22.06,25.56,32.02,0.15,47.8,7.17,10.0
2026-09-19 06:00:08,LUM-101,22.05,25.44,25.44,0.0,48.0,0.0,0.0
2026-09-19 06:00:18,LUM-101,22.21,25.38,25.38,0.0,47.83,0.0,0.0
2026-09-19 06:00:28,LUM-101,22.19,25.3,25.3,0.0,47.9,0.0,0.0
2026-09-19 06:00:38,LUM-101,22.17,25.2,25.2,0.0,48.2,0.0,0.0
2026-09-19 06:00:48,LUM-101,22.22,25.36,31.87,0.15,48.18,7.23,10.0
2026-09-19 06:00:58,LUM-101,22.11,25.51,31.97,0.15,47.86,7.18,10.0
2026-09-19 06:01:08,LUM-101,22.06,25.69,32.18,0.15,48.06,7.21,10.0
2026-09-19 06:01:18,LUM-101,22.04,25.78,32.24,0.15,47.9,7.18,10.0
2026-09-19 06:01:28,LUM-101,22.11,25.68,25.68,0.0,48.15,0.0,0.0
2026-09-19 06:01:38,LUM-101,22.04,25.53,25.53,0.0,47.87,0.0,0.0
2026-09-19 06:01:48,LUM-101,22.1,25.45,25.45,0.0,48.06,0.0,0.0
2026-09-19 06:01:58,LUM-101,22.03,25.58,32.05,0.15,47.92,7.19,10.0
2026-09-19 06:02:08,LUM-101,22.02,25.45,25.45,0.0,48.1,0.0,0.0
2026-09-19 06:02:18,LUM-101,22.11,25.37,25.37,0.0,47.89,0.0,0.0
2026-09-19 06:02:28,LUM-101,22.14,25.3,25.3,0.0,47.87,0.0,0.0
2026-09-19 06:02:38,LUM-101,22.03,25.48,31.94,0.15,47.86,7.18,10.0
2026-09-19 06:02:48,LUM-101,22.17,25.36,25.36,0.0,47.86,0.0,0.0
2026-09-19 06:02:58,LUM-101,22.05,25.23,25.23,0.0,47.9,0.0,0.0
2026-09-19 06:03:08,LUM-101,22.17,25.41,31.91,0.15,48.15,7.22,10.0
2026-09-19 06:03:18,LUM-101,22.02,25.55,32.0,0.15,47.81,7.17,10.0
2026-09-19 06:03:28,LUM-101,22.13,25.41,25.41,0.0,47.85,0.0,0.0
2026-09-19 06:03:38,LUM-101,22.15,25.58,32.03,0.15,47.82,7.17,10.0
2026-09-19 06:03:48,LUM-101,22.14,25.47,25.47,0.0,47.91,0.0,0.0
2026-09-19 06:03:58,LUM-101,22.15,25.6,32.09,0.15,48.07,7.21,10.0
2026-09-19 06:04:08,LUM-101,22.12,25.75,32.22,0.15,47.9,7.19,10.0
2026-09-19 06:04:18,LUM-101,22.1,25.65,25.65,0.0,48.15,0.0,0.0
2026-09-19 06:04:28,LUM-101,22.03,25.55,25.55,0.0,48.03,0.0,0.0
2026-09-19 06:04:38,LUM-101,22.14,25.71,32.18,0.15,47.91,7.19,10.0
2026-09-19 06:04:48,LUM-101,22.13,25.81,32.28,0.15,47.93,7.19,10.0
2026-09-19 06:04:58,LUM-101,22.11,25.99,32.46,0.15,47.99,7.2,10.0
2026-09-19 06:05:08,LUM-101,22.01,26.06,32.55,0.15,48.06,7.21,10.0
2026-09-19 06:05:18,LUM-101,22.05,26.22,32.71,0.15,48.1,7.22,10.0
2026-09-19 06:05:28,LUM-101,22.21,26.07,26.07,0.0,48.16,0.0,0.0
2026-09-19 06:05:38,LUM-101,22.12,26.2,32.71,0.15,48.17,7.23,10.0
2026-09-19 06:05:48,LUM-101,22.02,26.08,26.08,0.0,48.04,0.0,0.0
2026-09-19 06:05:58,LUM-101,22.04,25.93,25.93,0.0,47.97,0.0,0.0
2026-09-19 06:06:08,LUM-101,22.05,26.1,32.59,0.15,48.03,7.21,10.0
2026-09-19 06:06:18,LUM-101,22.08,26.19,32.65,0.15,47.81,7.17,10.0
2026-09-19 06:06:28,LUM-101,22.12,26.31,32.77,0.15,47.82,7.17,10.0
2026-09-19 06:06:38,LUM-101,22.01,26.43,32.92,0.15,48.09,7.21,10.0
2026-09-19 06:06:48,LUM-101,22.06,26.23,26.23,0.0,48.1,0.0,0.0
2026-09-19 06:06:58,LUM-101,22.19,26.06,26.06,0.0,48.15,0.0,0.0
2026-09-19 06:07:08,LUM-101,22.05,25.94,25.94,0.0,47.98,0.0,0.0
2026-09-19 06:07:18,LUM-101,22.03,26.11,32.6,0.15,48.09,7.21,10.0
2026-09-19 06:07:28,LUM-101,22.15,26.26,32.73,0.15,47.92,7.19,10.0
2026-09-19 06:07:38,LUM-101,22.05,26.37,32.84,0.15,47.9,7.18,10.0
2026-09-19 06:07:48,LUM-101,22.13,26.49,32.96,0.15,47.96,7.19,10.0
2026-09-19 06:07:58,LUM-101,22.09,26.32,26.32,0.0,47.83,0.0,0.0
2026-09-19 06:08:08,LUM-101,22.16,26.23,26.23,0.0,48.15,0.0,0.0
2026-09-19 06:08:18,LUM-101,22.19,26.3,32.79,0.15,48.06,7.21,10.0
2026-09-19 06:08:28,LUM-101,22.04,26.46,32.92,0.15,47.86,7.18,10.0
2026-09-19 06:08:38,LUM-101,22.19,26.33,26.33,0.0,47.94,0.0,0.0
2026-09-19 06:08:48,LUM-101,22.08,26.48,32.94,0.15,47.84,7.18,10.0
2026-09-19 06:08:58,LUM-101,22.0,26.62,33.12,0.15,48.13,7.22,10.0
2026-09-19 06:09:08,LUM-101,22.19,26.74,33.19,0.15,47.82,7.17,10.0
2026-09-19 06:09:18,LUM-101,22.01,26.86,33.35,0.15,48.07,7.21,10.0
2026-09-19 06:09:28,LUM-101,22.15,26.71,26.71,0.0,48.14,0.0,0.0
2026-09-19 06:09:38,LUM-101,22.02,26.61,26.61,0.0,48.02,0.0,0.0
2026-09-19 06:09:48,LUM-101,22.09,26.48,26.48,0.0,47.83,0.0,0.0
2026-09-19 06:09:58,LUM-101,22.17,26.58,33.03,0.15,47.8,7.17,10.0
2026-09-19 06:10:08,LUM-101,22.08,26.64,33.14,0.15,48.16,7.22,10.0
2026-09-19 06:10:18,LUM-101,22.03,26.73,33.23,0.15,48.14,7.22,10.0
2026-09-19 06:10:28,LUM-101,22.05,26.81,33.26,0.15,47.83,7.18,10.0
2026-09-19 06:10:38,LUM-101,22.04,26.67,26.67,0.0,48.14,0.0,0.0
2026-09-19 06:10:48,LUM-101,22.02,26.5,26.5,0.0,47.87,0.0,0.0
2026-09-19 06:10:58,LUM-101,22.16,26.32,26.32,0.0,47.88,0.0,0.0
2026-09-19 06:11:08,LUM-101,22.02,26.21,26.21,0.0,47.91,0.0,0.0
2026-09-19 06:11:18,LUM-101,22.1,26.03,26.03,0.0,47.94,0.0,0.0
2026-09-19 06:11:28,LUM-101,22.0,25.93,25.93,0.0,48.07,0.0,0.0
2026-09-19 06:11:38,LUM-101,22.06,26.08,32.56,0.15,48.01,7.2,10.0
2026-09-19 06:11:48,LUM-101,22.05,26.16,32.67,0.15,48.2,7.23,10.0
2026-09-19 06:11:58,LUM-101,22.0,25.99,25.99,0.0,48.15,0.0,0.0
2026-09-19 06:12:08,LUM-101,22.02,25.9,25.9,0.0,47.83,0.0,0.0
2026-09-19 06:12:18,LUM-101,21.99,25.76,25.76,0.0,47.9,0.0,0.0
2026-09-19 06:12:28,LUM-101,22.17,25.92,32.43,0.15,48.2,7.23,10.0
2026-09-19 06:12:38,LUM-101,22.08,26.08,32.53,0.15,47.83,7.17,10.0
2026-09-19 06:12:48,LUM-101,22.13,25.99,25.99,0.0,48.02,0.0,0.0
2026-09-19 06:12:58,LUM-101,22.07,25.83,25.83,0.0,47.94,0.0,0.0
2026-09-19 06:13:08,LUM-101,22.11,25.95,32.44,0.15,48.11,7.22,10.0
2026-09-19 06:13:18,LUM-101,22.17,25.78,25.78,0.0,48.14,0.0,0.0
2026-09-19 06:13:28,LUM-101,22.0,25.93,32.41,0.15,47.98,7.2,10.0
2026-09-19 06:13:38,LUM-101,22.16,25.77,25.77,0.0,48.18,0.0,0.0
2026-09-19 06:13:48,LUM-101,22.16,25.67,25.67,0.0,48.17,0.0,0.0
2026-09-19 06:13:58,LUM-101,22.09,25.57,25.57,0.0,48.15,0.0,0.0
2026-09-19 06:14:08,LUM-101,22.11,25.7,32.19,0.15,48.13,7.22,10.0
2026-09-19 06:14:18,LUM-101,22.07,25.8,32.26,0.15,47.82,7.17,10.0
2026-09-19 06:14:28,LUM-101,22.11,25.91,32.39,0.15,48.02,7.2,10.0
2026-09-19 06:14:38,LUM-101,22.1,25.74,25.74,0.0,48.12,0.0,0.0
2026-09-19 06:14:48,LUM-101,22.15,25.88,32.38,0.15,48.16,7.22,10.0
2026-09-19 06:14:58,LUM-101,22.12,25.74,25.74,0.0,47.92,0.0,0.0
2026-09-19 06:15:08,LUM-101,22.03,25.63,25.63,0.0,48.14,0.0,0.0
2026-09-19 06:15:18,LUM-101,22.09,25.55,25.55,0.0,48.16,0.0,0.0
2026-09-19 06:15:28,LUM-101,22.03,25.41,25.41,0.0,47.96,0.0,0.0
2026-09-19 06:15:38,LUM-101,22.17,25.58,32.07,0.15,48.09,7.21,10.0
2026-09-19 06:15:48,LUM-101,22.09,25.43,25.43,0.0,48.0,0.0,0.0
2026-09-19 06:15:58,LUM-101,22.03,25.57,32.02,0.15,47.81,7.17,10.0
2026-09-19 06:16:08,LUM-101,22.1,25.49,25.49,0.0,47.99,0.0,0.0
2026-09-19 06:16:18,LUM-101,21.98,25.36,25.36,0.0,47.95,0.0,0.0
2026-09-19 06:16:28,LUM-101,22.17,25.27,25.27,0.0,47.94,0.0,0.0
2026-09-19 06:16:38,LUM-101,22.04,25.43,31.9,0.15,47.98,7.2,10.0
2026-09-19 06:16:48,LUM-101,22.02,25.62,32.07,0.15,47.83,7.17,10.0
2026-09-19 06:16:58,LUM-101,22.04,25.54,25.54,0.0,48.03,0.0,0.0
2026-09-19 06:17:08,LUM-101,22.05,25.69,32.17,0.15,47.95,7.19,10.0
2026-09-19 06:17:18,LUM-101,22.02,25.52,25.52,0.0,48.05,0.0,0.0
2026-09-19 06:17:28,LUM-101,22.04,25.45,25.45,0.0,47.88,0.0,0.0
2026-09-19 06:17:38,LUM-101,22.09,25.32,25.32,0.0,48.01,0.0,0.0
2026-09-19 06:17:48,LUM-101,22.16,25.49,31.97,0.15,47.98,7.2,10.0
2026-09-19 06:17:58,LUM-101,22.16,25.36,25.36,0.0,48.13,0.0,0.0
2026-09-19 06:18:08,LUM-101,22.07,25.52,32.02,0.15,48.16,7.22,10.0
2026-09-19 06:18:18,LUM-101,22.13,25.62,32.08,0.15,47.88,7.18,10.0
2026-09-19 06:18:28,LUM-101,22.11,25.47,25.47,0.0,47.82,0.0,0.0
2026-09-19 06:18:38,LUM-101,22.07,25.4,25.4,0.0,48.11,0.0,0.0
2026-09-19 06:18:48,LUM-101,22.03,25.26,25.26,0.0,48.14,0.0,0.0
2026-09-19 06:18:58,LUM-101,22.07,25.17,25.17,0.0,48.06,0.0,0.0
2026-09-19 06:19:08,LUM-101,22.03,25.06,25.06,0.0,48.02,0.0,0.0
2026-09-19 06:19:18,LUM-101,22.16,25.23,31.73,0.15,48.16,7.22,10.0
2026-09-19 06:19:28,LUM-101,22.04,25.09,25.09,0.0,48.07,0.0,0.0
2026-09-19 06:19:38,LUM-101,22.1,25.29,31.75,0.15,47.89,7.18,10.0
2026-09-19 06:19:48,LUM-101,22.0,25.41,31.9,0.15,48.02,7.2,10.0
2026-09-19 06:19:58,LUM-101,21.98,25.56,32.03,0.15,47.94,7.19,10.0
2026-09-19 06:20:08,LUM-101,22.09,25.66,32.14,0.15,47.99,7.2,10.0
2026-09-19 06:20:18,LUM-101,22.07,25.51,25.51,0.0,47.98,0.0,0.0
2026-09-19 06:20:28,LUM-101,21.97,25.37,25.37,0.0,47.93,0.0,0.0
2026-09-19 06:20:38,LUM-101,22.15,25.5,31.99,0.15,48.05,7.21,10.0
2026-09-19 06:20:48,LUM-101,21.98,25.63,32.13,0.15,48.13,7.22,10.0
2026-09-19 06:20:58,LUM-101,22.07,25.54,25.54,0.0,48.14,0.0,0.0
2026-09-19 06:21:08,LUM-101,22.06,25.43,25.43,0.0,48.18,0.0,0.0
2026-09-19 06:21:18,LUM-101,21.98,25.54,32.0,0.15,47.86,7.18,10.0
2026-09-19 06:21:28,LUM-101,22.05,25.39,25.39,0.0,47.95,0.0,0.0
2026-09-19 06:21:38,LUM-101,22.1,25.55,32.01,0.15,47.83,7.17,10.0
2026-09-19 06:21:48,LUM-101,22.01,25.44,25.44,0.0,48.02,0.0,0.0
2026-09-19 06:21:58,LUM-101,22.05,25.58,32.07,0.15,48.1,7.22,10.0
2026-09-19 06:22:08,LUM-101,22.08,25.44,25.44,0.0,47.85,0.0,0.0
2026-09-19 06:22:18,LUM-101,22.05,25.57,32.03,0.15,47.89,7.18,10.0
2026-09-19 06:22:28,LUM-101,22.06,25.4,25.4,0.0,47.93,0.0,0.0
2026-09-19 06:22:38,LUM-101,21.99,25.51,31.98,0.15,47.92,7.19,10.0
2026-09-19 06:22:48,LUM-101,21.98,25.68,32.15,0.15,47.98,7.2,10.0
2026-09-19 06:22:58,LUM-101,21.99,25.59,25.59,0.0,48.02,0.0,0.0
2026-09-19 06:23:08,LUM-101,22.1,25.76,32.24,0.15,47.95,7.19,10.0
2026-09-19 06:23:18,LUM-101,22.02,25.88,32.35,0.15,47.96,7.19,10.0
2026-09-19 06:23:28,LUM-101,22.04,25.74,25.74,0.0,47.97,0.0,0.0
2026-09-19 06:23:38,LUM-101,22.12,25.62,25.62,0.0,48.19,0.0,0.0
2026-09-19 06:23:48,LUM-101,22.03,25.49,25.49,0.0,47.86,0.0,0.0
2026-09-19 06:23:58,LUM-101,21.99,25.42,25.42,0.0,48.01,0.0,0.0
2026-09-19 06:24:08,LUM-101,22.07,25.54,32.01,0.15,47.86,7.18,10.0
2026-09-19 06:24:18,LUM-101,22.15,25.41,25.41,0.0,47.86,0.0,0.0
2026-09-19 06:24:28,LUM-101,22.06,25.25,25.25,0.0,48.05,0.0,0.0
2026-09-19 06:24:38,LUM-101,22.1,25.37,31.83,0.15,47.82,7.17,10.0
2026-09-19 06:24:48,LUM-101,22.09,25.57,32.05,0.15,47.98,7.2,10.0
2026-09-19 06:24:58,LUM-101,22.14,25.74,32.21,0.15,47.87,7.18,10.0
2026-09-19 06:25:08,LUM-101,21.95,25.65,25.65,0.0,48.14,0.0,0.0
2026-09-19 06:25:18,LUM-101,22.0,25.5,25.5,0.0,47.85,0.0,0.0
2026-09-19 06:25:28,LUM-101,21.99,25.61,32.11,0.15,48.17,7.23,10.0
2026-09-19 06:25:38,LUM-101,22.06,25.75,32.26,0.15,48.18,7.23,10.0
2026-09-19 06:25:48,LUM-101,21.97,25.91,32.37,0.15,47.87,7.18,10.0
2026-09-19 06:25:58,LUM-101,22.05,26.04,32.54,0.15,48.18,7.23,10.0
2026-09-19 06:26:08,LUM-101,22.0,26.12,32.61,0.15,48.06,7.21,10.0
2026-09-19 06:26:18,LUM-101,21.99,25.94,25.94,0.0,48.11,0.0,0.0
2026-09-19 06:26:28,LUM-101,22.08,26.05,32.55,0.15,48.11,7.22,10.0
2026-09-19 06:26:38,LUM-101,22.09,25.9,25.9,0.0,47.91,0.0,0.0
2026-09-19 06:26:48,LUM-101,22.12,26.02,32.47,0.15,47.81,7.17,10.0
2026-09-19 06:26:58,LUM-101,22.11,25.92,25.92,0.0,48.07,0.0,0.0
2026-09-19 06:27:08,LUM-101,21.98,26.0,32.49,0.15,48.05,7.21,10.0
2026-09-19 06:27:18,LUM-101,22.14,26.15,32.65,0.15,48.13,7.22,10.0
2026-09-19 06:27:28,LUM-101,22.01,26.27,32.75,0.15,47.99,7.2,10.0
2026-09-19 06:27:38,LUM-101,21.97,26.17,26.17,0.0,47.98,0.0,0.0
2026-09-19 06:27:48,LUM-101,22.04,26.24,32.7,0.15,47.85,7.18,10.0
2026-09-19 06:27:58,LUM-101,22.07,26.09,26.09,0.0,48.18,0.0,0.0
2026-09-19 06:28:08,LUM-101,22.07,26.17,32.65,0.15,48.01,7.2,10.0
2026-09-19 06:28:18,LUM-101,22.1,26.25,32.72,0.15,47.94,7.19,10.0
2026-09-19 06:28:28,LUM-101,21.97,26.4,32.89,0.15,48.07,7.21,10.0
2026-09-19 06:28:38,LUM-101,22.1,26.5,33.0,0.15,48.1,7.21,10.0
2026-09-19 06:28:48,LUM-101,21.95,26.56,33.05,0.15,48.09,7.21,10.0
2026-09-19 06:28:58,LUM-101,22.08,26.69,33.18,0.15,48.1,7.21,10.0
2026-09-19 06:29:08,LUM-101,22.08,26.55,26.55,0.0,47.86,0.0,0.0
2026-09-19 06:29:18,LUM-101,22.08,26.69,33.18,0.15,48.02,7.2,10.0
2026-09-19 06:29:28,LUM-101,22.08,26.53,26.53,0.0,47.83,0.0,0.0
2026-09-19 06:29:38,LUM-101,22.02,26.66,33.13,0.15,47.9,7.19,10.0
2026-09-19 06:29:48,LUM-101,22.03,26.75,33.24,0.15,48.07,7.21,10.0
2026-09-19 06:29:58,LUM-101,22.01,26.61,26.61,0.0,48.18,0.0,0.0
2026-09-19 06:30:08,LUM-101,22.02,26.49,26.49,0.0,48.19,0.0,0.0
2026-09-19 06:30:18,LUM-101,22.09,26.61,33.07,0.15,47.85,7.18,10.0
2026-09-19 06:30:28,LUM-101,22.11,26.75,33.22,0.15,47.9,7.19,10.0
2026-09-19 06:30:38,LUM-101,22.04,26.57,26.57,0.0,48.06,0.0,0.0
2026-09-19 06:30:48,LUM-101,22.07,26.41,26.41,0.0,47.82,0.0,0.0
2026-09-19 06:30:58,LUM-101,21.94,26.49,32.99,0.15,48.13,7.22,10.0
2026-09-19 06:31:08,LUM-101,21.96,26.56,33.02,0.15,47.84,7.18,10.0
2026-09-19 06:31:18,LUM-101,22.1,26.69,33.15,0.15,47.84,7.18,10.0
2026-09-19 06:31:28,LUM-101,21.94,26.82,33.32,0.15,48.15,7.22,10.0
2026-09-19 06:31:38,LUM-101,22.08,26.64,26.64,0.0,48.19,0.0,0.0
2026-09-19 06:31:48,LUM-101,21.98,26.46,26.46,0.0,47.9,0.0,0.0
2026-09-19 06:31:58,LUM-101,22.02,26.57,33.07,0.15,48.17,7.23,10.0
2026-09-19 06:32:08,LUM-101,21.99,26.45,26.45,0.0,48.16,0.0,0.0
2026-09-19 06:32:18,LUM-101,22.1,26.29,26.29,0.0,48.12,0.0,0.0
2026-09-19 06:32:28,LUM-101,22.03,26.14,26.14,0.0,48.08,0.0,0.0
2026-09-19 06:32:38,LUM-101,22.04,25.98,25.98,0.0,47.85,0.0,0.0
2026-09-19 06:32:48,LUM-101,21.98,26.07,32.55,0.15,47.98,7.2,10.0
2026-09-19 06:32:58,LUM-101,21.97,26.16,32.65,0.15,48.08,7.21,10.0
2026-09-19 06:33:08,LUM-101,22.09,26.3,32.79,0.15,48.06,7.21,10.0
2026-09-19 06:33:18,LUM-101,22.09,26.43,32.89,0.15,47.84,7.18,10.0
2026-09-19 06:33:28,LUM-101,22.13,26.27,26.27,0.0,48.15,0.0,0.0
2026-09-19 06:33:38,LUM-101,22.05,26.38,32.88,0.15,48.18,7.23,10.0
2026-09-19 06:33:48,LUM-101,22.07,26.5,32.97,0.15,47.9,7.18,10.0
2026-09-19 06:33:58,LUM-101,21.95,26.66,33.12,0.15,47.85,7.18,10.0
2026-09-19 06:34:08,LUM-101,22.06,26.79,33.26,0.15,47.87,7.18,10.0
2026-09-19 06:34:18,LUM-101,21.99,26.93,33.41,0.15,48.02,7.2,10.0
2026-09-19 06:34:28,LUM-101,21.95,26.78,26.78,0.0,48.07,0.0,0.0
2026-09-19 06:34:38,LUM-101,22.06,26.87,33.37,0.15,48.15,7.22,10.0
2026-09-19 06:34:48,LUM-101,22.1,26.98,33.46,0.15,47.95,7.19,10.0
2026-09-19 06:34:58,LUM-101,22.13,26.83,26.83,0.0,47.81,0.0,0.0
2026-09-19 06:35:08,LUM-101,22.05,26.62,26.62,0.0,47.87,0.0,0.0
2026-09-19 06:35:18,LUM-101,22.1,26.71,33.19,0.15,47.97,7.2,10.0
2026-09-19 06:35:28,LUM-101,22.09,26.84,33.33,0.15,48.06,7.21,10.0
2026-09-19 06:35:38,LUM-101,21.97,26.94,33.43,0.15,48.03,7.2,10.0
2026-09-19 06:35:48,LUM-101,22.12,27.0,33.45,0.15,47.81,7.17,10.0
2026-09-19 06:35:58,LUM-101,21.97,27.07,33.56,0.15,48.02,7.2,10.0
2026-09-19 06:36:08,LUM-101,21.99,27.13,33.63,0.15,48.12,7.22,10.0
2026-09-19 06:36:18,LUM-101,22.0,27.17,33.65,0.15,47.96,7.19,10.0
2026-09-19 06:36:28,LUM-101,22.11,26.98,26.98,0.0,48.06,0.0,0.0
2026-09-19 06:36:38,LUM-101,21.93,27.09,33.55,0.15,47.88,7.18,10.0
2026-09-19 06:36:48,LUM-101,21.94,27.21,33.69,0.15,48.0,7.2,10.0
2026-09-19 06:36:58,LUM-101,22.06,27.03,27.03,0.0,47.8,0.0,0.0
2026-09-19 06:37:08,LUM-101,22.01,26.83,26.83,0.0,48.14,0.0,0.0
2026-09-19 06:37:18,LUM-101,22.13,26.89,33.39,0.15,48.19,7.23,10.0
2026-09-19 06:37:28,LUM-101,21.98,26.77,26.77,0.0,47.91,0.0,0.0
2026-09-19 06:37:38,LUM-101,22.1,26.65,26.65,0.0,47.81,0.0,0.0
2026-09-19 06:37:48,LUM-101,22.12,26.5,26.5,0.0,47.89,0.0,0.0
2026-09-19 06:37:58,LUM-101,22.0,26.6,33.06,0.15,47.88,7.18,10.0
2026-09-19 06:38:08,LUM-101,22.09,26.43,26.43,0.0,48.06,0.0,0.0
2026-09-19 06:38:18,LUM-101,22.11,26.33,26.33,0.0,48.01,0.0,0.0
2026-09-19 06:38:28,LUM-101,22.12,26.41,32.88,0.15,47.86,7.18,10.0
2026-09-19 06:38:38,LUM-101,22.08,26.51,32.98,0.15,47.92,7.19,10.0
2026-09-19 06:38:48,LUM-101,22.04,26.64,33.15,0.15,48.19,7.23,10.0
2026-09-19 06:38:58,LUM-101,22.0,26.78,33.26,0.15,47.98,7.2,10.0
2026-09-19 06:39:08,LUM-101,21.97,26.86,33.32,0.15,47.88,7.18,10.0
2026-09-19 06:39:18,LUM-101,22.03,26.91,33.41,0.15,48.15,7.22,10.0
2026-09-19 06:39:28,LUM-101,21.98,26.98,33.46,0.15,48.04,7.21,10.0
2026-09-19 06:39:38,LUM-101,21.93,26.77,26.77,0.0,48.15,0.0,0.0
2026-09-19 06:39:48,LUM-101,22.03,26.6,26.6,0.0,48.1,0.0,0.0
2026-09-19 06:39:58,LUM-101,21.96,26.43,26.43,0.0,47.84,0.0,0.0
2026-09-19 06:40:08,LUM-101,22.12,26.32,26.32,0.0,47.91,0.0,0.0
2026-09-19 06:40:18,LUM-101,22.09,26.46,32.93,0.15,47.9,7.19,10.0
2026-09-19 06:40:28,LUM-101,21.97,26.35,26.35,0.0,48.1,0.0,0.0
2026-09-19 06:40:38,LUM-101,22.11,26.45,32.92,0.15,47.94,7.19,10.0
2026-09-19 06:40:48,LUM-101,22.01,26.6,33.05,0.15,47.81,7.17,10.0
2026-09-19 06:40:58,LUM-101,22.01,26.48,26.48,0.0,47.99,0.0,0.0
2026-09-19 06:41:08,LUM-101,22.06,26.6,33.08,0.15,48.01,7.2,10.0
2026-09-19 06:41:18,LUM-101,22.11,26.43,26.43,0.0,48.12,0.0,0.0
2026-09-19 06:41:28,LUM-101,22.06,26.59,33.07,0.15,47.97,7.2,10.0
2026-09-19 06:41:38,LUM-101,22.0,26.69,33.2,0.15,48.17,7.23,10.0
2026-09-19 06:41:48,LUM-101,22.08,26.79,33.25,0.15,47.86,7.18,10.0
2026-09-19 06:41:58,LUM-101,21.94,26.84,33.3,0.15,47.84,7.18,10.0
2026-09-19 06:42:08,LUM-101,22.01,26.99,33.48,0.15,48.07,7.21,10.0
2026-09-19 06:42:18,LUM-101,21.94,26.79,26.79,0.0,48.16,0.0,0.0
2026-09-19 06:42:28,LUM-101,21.95,26.62,26.62,0.0,48.07,0.0,0.0
2026-09-19 06:42:38,LUM-101,21.97,26.71,33.2,0.15,48.03,7.2,10.0
2026-09-19 06:42:48,LUM-101,21.94,26.59,26.59,0.0,47.87,0.0,0.0
2026-09-19 06:42:58,LUM-101,22.09,26.42,26.42,0.0,48.0,0.0,0.0
2026-09-19 06:43:08,LUM-101,22.12,26.26,26.26,0.0,47.94,0.0,0.0
2026-09-19 06:43:18,LUM-101,22.05,26.33,32.8,0.15,47.93,7.19,10.0
2026-09-19 06:43:28,LUM-101,21.96,26.15,26.15,0.0,47.82,0.0,0.0
2026-09-19 06:43:38,LUM-101,21.94,26.25,32.71,0.15,47.87,7.18,10.0
2026-09-19 06:43:48,LUM-101,22.11,26.36,32.82,0.15,47.85,7.18,10.0
2026-09-19 06:43:58,LUM-101,22.01,26.19,26.19,0.0,47.9,0.0,0.0
2026-09-19 06:44:08,LUM-101,22.0,26.33,32.81,0.15,48.03,7.21,10.0
2026-09-19 06:44:18,LUM-101,21.93,26.21,26.21,0.0,47.95,0.0,0.0
2026-09-19 06:44:28,LUM-101,22.02,26.31,32.81,0.15,48.16,7.22,10.0
2026-09-19 06:44:38,LUM-101,22.04,26.43,32.94,0.15,48.18,7.23,10.0
2026-09-19 06:44:48,LUM-101,22.09,26.27,26.27,0.0,48.06,0.0,0.0
2026-09-19 06:44:58,LUM-101,21.93,26.1,26.1,0.0,48.04,0.0,0.0
2026-09-19 06:45:08,LUM-101,22.05,26.24,32.7,0.15,47.86,7.18,10.0
2026-09-19 06:45:18,LUM-101,22.03,26.1,26.1,0.0,47.98,0.0,0.0
2026-09-19 06:45:28,LUM-101,22.09,26.24,32.73,0.15,48.1,7.22,10.0
2026-09-19 06:45:38,LUM-101,21.94,26.14,26.14,0.0,47.83,0.0,0.0
2026-09-19 06:45:48,LUM-101,22.05,26.0,26.0,0.0,48.19,0.0,0.0
2026-09-19 06:45:58,LUM-101,22.09,25.86,25.86,0.0,48.19,0.0,0.0
2026-09-19 06:46:08,LUM-101,21.98,25.72,25.72,0.0,47.85,0.0,0.0
2026-09-19 06:46:18,LUM-101,22.08,25.88,32.37,0.15,48.08,7.21,10.0
2026-09-19 06:46:28,LUM-101,22.01,25.77,25.77,0.0,47.91,0.0,0.0
2026-09-19 06:46:38,LUM-101,21.98,25.89,32.4,0.15,48.19,7.23,10.0
2026-09-19 06:46:48,LUM-101,22.07,26.06,32.54,0.15,47.93,7.19,10.0
2026-09-19 06:46:58,LUM-101,22.09,25.97,25.97,0.0,48.13,0.0,0.0
2026-09-19 06:47:08,LUM-101,21.98,25.87,25.87,0.0,48.09,0.0,0.0
2026-09-19 06:47:18,LUM-101,22.09,25.76,25.76,0.0,47.98,0.0,0.0
2026-09-19 06:47:28,LUM-101,22.05,25.64,25.64,0.0,48.01,0.0,0.0
2026-09-19 06:47:38,LUM-101,21.97,25.73,32.19,0.15,47.84,7.18,10.0
2026-09-19 06:47:48,LUM-101,22.0,25.64,25.64,0.0,48.15,0.0,0.0
2026-09-19 06:47:58,LUM-101,22.04,25.49,25.49,0.0,47.89,0.0,0.0
2026-09-19 06:48:08,LUM-101,22.06,25.35,25.35,0.0,47.86,0.0,0.0
2026-09-19 06:48:18,LUM-101,22.07,25.22,25.22,0.0,48.05,0.0,0.0
2026-09-19 06:48:28,LUM-101,22.01,25.39,31.85,0.15,47.84,7.18,10.0
2026-09-19 06:48:38,LUM-101,22.0,25.59,32.09,0.15,48.19,7.23,10.0
2026-09-19 06:48:48,LUM-101,21.99,25.76,32.24,0.15,48.01,7.2,10.0
2026-09-19 06:48:58,LUM-101,21.96,25.92,32.4,0.15,47.99,7.2,10.0
2026-09-19 06:49:08,LUM-101,21.95,25.77,25.77,0.0,48.1,0.0,0.0
2026-09-19 06:49:18,LUM-101,21.92,25.92,32.41,0.15,48.07,7.21,10.0
2026-09-19 06:49:28,LUM-101,22.06,26.06,32.53,0.15,47.9,7.19,10.0
2026-09-19 06:49:38,LUM-101,22.07,25.95,25.95,0.0,47.96,0.0,0.0
2026-09-19 06:49:48,LUM-101,22.02,25.84,25.84,0.0,47.97,0.0,0.0
2026-09-19 06:49:58,LUM-101,21.95,25.97,32.44,0.15,47.92,7.19,10.0
2026-09-19 06:50:08,LUM-101,21.93,26.05,32.51,0.15,47.83,7.17,10.0
2026-09-19 06:50:18,LUM-101,21.93,26.21,32.69,0.15,48.0,7.2,10.0
2026-09-19 06:50:28,LUM-101,21.96,26.29,32.79,0.15,48.1,7.21,10.0
2026-09-19 06:50:38,LUM-101,22.01,26.4,32.9,0.15,48.17,7.23,10.0
2026-09-19 06:50:48,LUM-101,22.08,26.55,33.01,0.15,47.89,7.18,10.0
2026-09-19 06:50:58,LUM-101,21.97,26.61,33.1,0.15,48.07,7.21,10.0
2026-09-19 06:51:08,LUM-101,21.97,26.48,26.48,0.0,48.04,0.0,0.0
2026-09-19 06:51:18,LUM-101,21.98,26.32,26.32,0.0,47.99,0.0,0.0
2026-09-19 06:51:28,LUM-101,21.91,26.18,26.18,0.0,48.02,0.0,0.0
2026-09-19 06:51:38,LUM-101,22.04,26.26,32.72,0.15,47.84,7.18,10.0
2026-09-19 06:51:48,LUM-101,22.02,26.35,32.81,0.15,47.85,7.18,10.0
2026-09-19 06:51:58,LUM-101,21.93,26.44,32.94,0.15,48.13,7.22,10.0
2026-09-19 06:52:08,LUM-101,21.95,26.3,26.3,0.0,48.05,0.0,0.0
2026-09-19 06:52:18,LUM-101,22.06,26.4,32.87,0.15,47.94,7.19,10.0
2026-09-19 06:52:28,LUM-101,21.96,26.26,26.26,0.0,48.03,0.0,0.0
2026-09-19 06:52:38,LUM-101,22.1,26.09,26.09,0.0,47.94,0.0,0.0
2026-09-19 06:52:48,LUM-101,21.98,26.25,32.71,0.15,47.92,7.19,10.0
2026-09-19 06:52:58,LUM-101,21.97,26.12,26.12,0.0,48.13,0.0,0.0
2026-09-19 06:53:08,LUM-101,22.0,25.96,25.96,0.0,48.12,0.0,0.0
2026-09-19 06:53:18,LUM-101,22.09,25.8,25.8,0.0,47.92,0.0,0.0
2026-09-19 06:53:28,LUM-101,22.1,25.68,25.68,0.0,47.95,0.0,0.0
2026-09-19 06:53:38,LUM-101,22.07,25.58,25.58,0.0,48.02,0.0,0.0
2026-09-19 06:53:48,LUM-101,21.98,25.77,32.22,0.15,47.81,7.17,10.0
2026-09-19 06:53:58,LUM-101,21.94,25.65,25.65,0.0,47.94,0.0,0.0
2026-09-19 06:54:08,LUM-101,22.07,25.49,25.49,0.0,48.13,0.0,0.0
2026-09-19 06:54:18,LUM-101,21.94,25.62,32.12,0.15,48.12,7.22,10.0
2026-09-19 06:54:28,LUM-101,22.04,25.75,32.24,0.15,48.02,7.2,10.0
2026-09-19 06:54:38,LUM-101,22.06,25.93,32.43,0.15,48.11,7.22,10.0
2026-09-19 06:54:48,LUM-101,22.04,26.08,32.55,0.15,47.98,7.2,10.0
2026-09-19 06:54:58,LUM-101,22.08,26.25,32.74,0.15,48.13,7.22,10.0
2026-09-19 06:55:08,LUM-101,21.94,26.08,26.08,0.0,48.14,0.0,0.0
2026-09-19 06:55:18,LUM-101,21.99,25.96,25.96,0.0,48.13,0.0,0.0
2026-09-19 06:55:28,LUM-101,22.07,25.83,25.83,0.0,48.07,0.0,0.0
2026-09-19 06:55:38,LUM-101,22.05,25.72,25.72,0.0,47.84,0.0,0.0
2026-09-19 06:55:48,LUM-101,21.95,25.56,25.56,0.0,47.94,0.0,0.0
2026-09-19 06:55:58,LUM-101,21.93,25.46,25.46,0.0,47.9,0.0,0.0
2026-09-19 06:56:08,LUM-101,22.09,25.63,32.12,0.15,48.12,7.22,10.0
2026-09-19 06:56:18,LUM-101,22.06,25.76,32.23,0.15,47.88,7.18,10.0
2026-09-19 06:56:28,LUM-101,22.06,25.9,32.37,0.15,47.91,7.19,10.0
2026-09-19 06:56:38,LUM-101,21.91,25.74,25.74,0.0,48.04,0.0,0.0
2026-09-19 06:56:48,LUM-101,22.0,25.6,25.6,0.0,47.92,0.0,0.0
2026-09-19 06:56:58,LUM-101,22.05,25.78,32.26,0.15,48.0,7.2,10.0
2026-09-19 06:57:08,LUM-101,21.92,25.64,25.64,0.0,48.08,0.0,0.0
2026-09-19 06:57:18,LUM-101,22.04,25.79,32.3,0.15,48.19,7.23,10.0
2026-09-19 06:57:28,LUM-101,21.96,25.91,32.37,0.15,47.89,7.18,10.0
2026-09-19 06:57:38,LUM-101,22.0,26.08,32.59,0.15,48.19,7.23,10.0
2026-09-19 06:57:48,LUM-101,22.08,25.92,25.92,0.0,47.91,0.0,0.0
2026-09-19 06:57:58,LUM-101,21.96,26.08,32.58,0.15,48.17,7.23,10.0
2026-09-19 06:58:08,LUM-101,22.07,26.22,32.73,0.15,48.19,7.23,10.0
2026-09-19 06:58:18,LUM-101,21.95,26.03,26.03,0.0,47.99,0.0,0.0
2026-09-19 06:58:28,LUM-101,21.95,25.88,25.88,0.0,48.03,0.0,0.0
2026-09-19 06:58:38,LUM-101,21.95,26.02,32.49,0.15,47.94,7.19,10.0
2026-09-19 06:58:48,LUM-101,21.9,26.1,32.56,0.15,47.85,7.18,10.0
2026-09-19 06:58:58,LUM-101,22.09,25.93,25.93,0.0,48.05,0.0,0.0
2026-09-19 06:59:08,LUM-101,21.93,25.79,25.79,0.0,47.89,0.0,0.0
2026-09-19 06:59:18,LUM-101,21.95,25.65,25.65,0.0,48.16,0.0,0.0
2026-09-19 06:59:28,LUM-101,21.93,25.48,25.48,0.0,47.92,0.0,0.0
2026-09-19 06:59:38,LUM-101,21.96,25.32,25.32,0.0,48.08,0.0,0.0
2026-09-19 06:59:48,LUM-101,21.94,25.21,25.21,0.0,48.09,0.0,0.0
2026-09-19 06:59:58,LUM-101,21.97,25.1,25.1,0.0,48.13,0.0,0.0
2026-09-19 07:00:08,LUM-101,22.07,25.27,31.74,0.15,47.91,7.19,10.0
2026-09-19 07:00:18,LUM-101,21.92,25.42,31.9,0.15,47.99,7.2,10.0
2026-09-19 07:00:28,LUM-101,22.0,25.57,32.07,0.15,48.18,7.23,10.0
2026-09-19 07:00:38,LUM-101,21.97,25.73,32.18,0.15,47.82,7.17,10.0
2026-09-19 07:00:48,LUM-101,21.94,25.58,25.58,0.0,48.18,0.0,0.0
2026-09-19 07:00:58,LUM-101,21.97,25.44,25.44,0.0,48.16,0.0,0.0
2026-09-19 07:01:08,LUM-101,22.04,25.31,25.31,0.0,48.17,0.0,0.0
2026-09-19 07:01:18,LUM-101,21.91,25.49,31.99,0.15,48.12,7.22,10.0
2026-09-19 07:01:28,LUM-101,22.09,25.35,25.35,0.0,47.93,0.0,0.0
2026-09-19 07:01:38,LUM-101,21.9,25.52,32.03,0.15,48.19,7.23,10.0
2026-09-19 07:01:48,LUM-101,22.06,25.69,32.19,0.15,48.16,7.22,10.0
2026-09-19 07:01:58,LUM-101,21.91,25.87,32.34,0.15,47.94,7.19,10.0
2026-09-19 07:02:08,LUM-101,22.07,26.01,32.49,0.15,48.01,7.2,10.0
2026-09-19 07:02:18,LUM-101,22.07,26.15,32.61,0.15,47.84,7.18,10.0
2026-09-19 07:02:28,LUM-101,22.07,26.06,26.06,0.0,47.83,0.0,0.0
2026-09-19 07:02:38,LUM-101,22.1,25.97,25.97,0.0,47.83,0.0,0.0
2026-09-19 07:02:48,LUM-101,21.94,26.12,32.58,0.15,47.82,7.17,10.0
2026-09-19 07:02:58,LUM-101,21.97,26.25,32.73,0.15,48.02,7.2,10.0
2026-09-19 07:03:08,LUM-101,22.07,26.4,32.87,0.15,47.95,7.19,10.0
2026-09-19 07:03:18,LUM-101,21.99,26.53,32.99,0.15,47.85,7.18,10.0
2026-09-19 07:03:28,LUM-101,22.06,26.35,26.35,0.0,47.83,0.0,0.0
2026-09-19 07:03:38,LUM-101,22.03,26.48,32.95,0.15,47.94,7.19,10.0
2026-09-19 07:03:48,LUM-101,22.04,26.36,26.36,0.0,47.99,0.0,0.0
2026-09-19 07:03:58,LUM-101,22.06,26.22,26.22,0.0,47.91,0.0,0.0
2026-09-19 07:04:08,LUM-101,22.05,26.38,32.88,0.15,48.11,7.22,10.0
2026-09-19 07:04:18,LUM-101,21.91,26.22,26.22,0.0,48.02,0.0,0.0
2026-09-19 07:04:28,LUM-101,22.07,26.06,26.06,0.0,47.82,0.0,0.0
2026-09-19 07:04:38,LUM-101,22.01,25.95,25.95,0.0,48.11,0.0,0.0
2026-09-19 07:04:48,LUM-101,21.98,26.14,32.61,0.15,47.96,7.19,10.0
2026-09-19 07:04:58,LUM-101,22.07,26.02,26.02,0.0,48.18,0.0,0.0
2026-09-19 07:05:08,LUM-101,22.07,26.18,32.68,0.15,48.14,7.22,10.0
2026-09-19 07:05:18,LUM-101,21.96,26.33,32.78,0.15,47.8,7.17,10.0
2026-09-19 07:05:28,LUM-101,22.04,26.5,32.96,0.15,47.87,7.18,10.0
2026-09-19 07:05:38,LUM-101,22.06,26.62,33.12,0.15,48.13,7.22,10.0
2026-09-19 07:05:48,LUM-101,22.02,26.73,33.19,0.15,47.87,7.18,10.0
2026-09-19 07:05:58,LUM-101,21.93,26.81,33.3,0.15,48.03,7.2,10.0
2026-09-19 07:06:08,LUM-101,22.1,26.88,33.33,0.15,47.81,7.17,10.0
2026-09-19 07:06:18,LUM-101,22.03,26.94,33.44,0.15,48.2,7.23,10.0
2026-09-19 07:06:28,LUM-101,21.92,26.74,26.74,0.0,48.14,0.0,0.0
2026-09-19 07:06:38,LUM-101,21.97,26.81,33.28,0.15,47.93,7.19,10.0
2026-09-19 07:06:48,LUM-101,21.92,26.63,26.63,0.0,47.84,0.0,0.0
2026-09-19 07:06:58,LUM-101,21.95,26.73,33.23,0.15,48.2,7.23,10.0
2026-09-19 07:07:08,LUM-101,22.09,26.6,26.6,0.0,48.2,0.0,0.0
2026-09-19 07:07:18,LUM-101,22.06,26.72,33.2,0.15,48.02,7.2,10.0
2026-09-19 07:07:28,LUM-101,21.92,26.86,33.37,0.15,48.18,7.23,10.0
2026-09-19 07:07:38,LUM-101,22.05,26.72,26.72,0.0,47.82,0.0,0.0
2026-09-19 07:07:48,LUM-101,22.09,26.87,33.35,0.15,47.98,7.2,10.0
2026-09-19 07:07:58,LUM-101,22.04,26.7,26.7,0.0,48.15,0.0,0.0
2026-09-19 07:08:08,LUM-101,21.9,26.82,33.29,0.15,47.94,7.19,10.0
2026-09-19 07:08:18,LUM-101,21.98,26.91,33.41,0.15,48.15,7.22,10.0
2026-09-19 07:08:28,LUM-101,22.02,26.77,26.77,0.0,48.0,0.0,0.0
2026-09-19 07:08:38,LUM-101,21.98,26.66,26.66,0.0,47.94,0.0,0.0
2026-09-19 07:08:48,LUM-101,22.07,26.75,33.23,0.15,48.02,7.2,10.0
2026-09-19 07:08:58,LUM-101,22.01,26.86,33.34,0.15,48.01,7.2,10.0
2026-09-19 07:09:08,LUM-101,21.93,26.99,33.46,0.15,47.98,7.2,10.0
2026-09-19 07:09:18,LUM-101,22.04,26.78,26.78,0.0,47.96,0.0,0.0
2026-09-19 07:09:28,LUM-101,21.98,26.6,26.6,0.0,47.89,0.0,0.0
2026-09-19 07:09:38,LUM-101,22.04,26.46,26.46,0.0,48.19,0.0,0.0
2026-09-19 07:09:48,LUM-101,22.03,26.35,26.35,0.0,48.02,0.0,0.0
2026-09-19 07:09:58,LUM-101,22.08,26.49,33.0,0.15,48.18,7.23,10.0
2026-09-19 07:10:08,LUM-101,21.96,26.64,33.15,0.15,48.18,7.23,10.0
2026-09-19 07:10:18,LUM-101,21.91,26.46,26.46,0.0,48.15,0.0,0.0
2026-09-19 07:10:28,LUM-101,22.03,26.55,33.04,0.15,48.07,7.21,10.0
2026-09-19 07:10:38,LUM-101,22.05,26.64,33.13,0.15,48.03,7.2,10.0
2026-09-19 07:10:48,LUM-101,21.98,26.51,26.51,0.0,48.12,0.0,0.0
2026-09-19 07:10:58,LUM-101,21.99,26.33,26.33,0.0,47.91,0.0,0.0
2026-09-19 07:11:08,LUM-101,22.0,26.21,26.21,0.0,47.81,0.0,0.0
2026-09-19 07:11:18,LUM-101,22.06,26.34,32.81,0.15,47.85,7.18,10.0
2026-09-19 07:11:28,LUM-101,22.0,26.49,32.99,0.15,48.16,7.22,10.0
2026-09-19 07:11:38,LUM-101,22.0,26.65,33.15,0.15,48.16,7.22,10.0
2026-09-19 07:11:48,LUM-101,21.97,26.49,26.49,0.0,47.81,0.0,0.0
2026-09-19 07:11:58,LUM-101,22.05,26.63,33.1,0.15,47.9,7.18,10.0
2026-09-19 07:12:08,LUM-101,22.0,26.7,33.2,0.15,48.15,7.22,10.0
2026-09-19 07:12:18,LUM-101,21.92,26.55,26.55,0.0,47.81,0.0,0.0
2026-09-19 07:12:28,LUM-101,22.07,26.64,33.14,0.15,48.16,7.22,10.0
2026-09-19 07:12:38,LUM-101,22.02,26.49,26.49,0.0,47.87,0.0,0.0
2026-09-19 07:12:48,LUM-101,21.95,26.61,33.09,0.15,47.99,7.2,10.0
2026-09-19 07:12:58,LUM-101,22.03,26.76,33.26,0.15,48.15,7.22,10.0
2026-09-19 07:13:08,LUM-101,22.0,26.6,26.6,0.0,47.91,0.0,0.0
2026-09-19 07:13:18,LUM-101,22.04,26.75,33.2,0.15,47.85,7.18,10.0
2026-09-19 07:13:28,LUM-101,22.05,26.85,33.32,0.15,47.91,7.19,10.0
2026-09-19 07:13:38,LUM-101,22.04,26.69,26.69,0.0,47.89,0.0,0.0
2026-09-19 07:13:48,LUM-101,21.95,26.56,26.56,0.0,48.15,0.0,0.0
2026-09-19 07:13:58,LUM-101,22.03,26.39,26.39,0.0,47.87,0.0,0.0
2026-09-19 07:14:08,LUM-101,22.06,26.2,26.2,0.0,47.93,0.0,0.0
2026-09-19 07:14:18,LUM-101,21.95,26.36,32.84,0.15,48.02,7.2,10.0
2026-09-19 07:14:28,LUM-101,22.0,26.19,26.19,0.0,47.88,0.0,0.0
2026-09-19 07:14:38,LUM-101,22.02,26.05,26.05,0.0,47.95,0.0,0.0
2026-09-19 07:14:48,LUM-101,21.98,25.95,25.95,0.0,47.86,0.0,0.0
2026-09-19 07:14:58,LUM-101,22.04,25.81,25.81,0.0,47.94,0.0,0.0
2026-09-19 07:15:08,LUM-101,21.92,25.69,25.69,0.0,48.0,0.0,0.0
2026-09-19 07:15:18,LUM-101,22.09,25.81,32.31,0.15,48.12,7.22,10.0
2026-09-19 07:15:28,LUM-101,21.99,25.67,25.67,0.0,48.2,0.0,0.0
2026-09-19 07:15:38,LUM-101,22.02,25.58,25.58,0.0,48.2,0.0,0.0
2026-09-19 07:15:48,LUM-101,22.01,25.43,25.43,0.0,47.86,0.0,0.0
2026-09-19 07:15:58,LUM-101,21.99,25.55,32.05,0.15,48.11,7.22,10.0
2026-09-19 07:16:08,LUM-101,21.93,25.38,25.38,0.0,47.94,0.0,0.0
2026-09-19 07:16:18,LUM-101,22.04,25.28,25.28,0.0,47.87,0.0,0.0
2026-09-19 07:16:28,LUM-101,21.91,25.46,31.92,0.15,47.84,7.18,10.0
2026-09-19 07:16:38,LUM-101,21.95,25.36,25.36,0.0,48.02,0.0,0.0
2026-09-19 07:16:48,LUM-101,22.03,25.21,25.21,0.0,47.85,0.0,0.0
2026-09-19 07:16:58,LUM-101,21.94,25.4,31.9,0.15,48.12,7.22,10.0
2026-09-19 07:17:08,LUM-101,21.96,25.58,32.05,0.15,47.92,7.19,10.0
2026-09-19 07:17:18,LUM-101,21.98,25.42,25.42,0.0,48.14,0.0,0.0
2026-09-19 07:17:28,LUM-101,22.04,25.36,25.36,0.0,47.88,0.0,0.0
2026-09-19 07:17:38,LUM-101,22.01,25.54,32.02,0.15,48.05,7.21,10.0
2026-09-19 07:17:48,LUM-101,22.08,25.64,32.13,0.15,48.05,7.21,10.0
2026-09-19 07:17:58,LUM-101,22.07,25.8,32.3,0.15,48.17,7.22,10.0
2026-09-19 07:18:08,LUM-101,21.92,25.67,25.67,0.0,47.82,0.0,0.0
2026-09-19 07:18:18,LUM-101,21.96,25.59,25.59,0.0,47.83,0.0,0.0
2026-09-19 07:18:28,LUM-101,21.91,25.49,25.49,0.0,47.89,0.0,0.0
2026-09-19 07:18:38,LUM-101,22.08,25.64,32.11,0.15,47.91,7.19,10.0
2026-09-19 07:18:48,LUM-101,22.02,25.53,25.53,0.0,47.84,0.0,0.0
2026-09-19 07:18:58,LUM-101,22.01,25.39,25.39,0.0,48.09,0.0,0.0
2026-09-19 07:19:08,LUM-101,22.04,25.5,31.98,0.15,48.01,7.2,10.0
2026-09-19 07:19:18,LUM-101,22.02,25.6,32.08,0.15,47.98,7.2,10.0
2026-09-19 07:19:28,LUM-101,22.04,25.48,25.48,0.0,48.11,0.0,0.0
2026-09-19 07:19:38,LUM-101,22.01,25.35,25.35,0.0,48.11,0.0,0.0
2026-09-19 07:19:48,LUM-101,22.06,25.5,31.98,0.15,48.02,7.2,10.0
2026-09-19 07:19:58,LUM-101,21.94,25.69,32.18,0.15,48.01,7.2,10.0
2026-09-19 07:20:08,LUM-101,21.97,25.82,32.29,0.15,47.89,7.18,10.0
2026-09-19 07:20:18,LUM-101,21.93,25.7,25.7,0.0,48.13,0.0,0.0
2026-09-19 07:20:28,LUM-101,21.91,25.84,32.32,0.15,47.98,7.2,10.0
2026-09-19 07:20:38,LUM-101,22.05,25.97,32.44,0.15,47.94,7.19,10.0
2026-09-19 07:20:48,LUM-101,21.96,25.83,25.83,0.0,48.16,0.0,0.0
2026-09-19 07:20:58,LUM-101,22.03,25.67,25.67,0.0,47.92,0.0,0.0
2026-09-19 07:21:08,LUM-101,21.96,25.57,25.57,0.0,47.84,0.0,0.0
2026-09-19 07:21:18,LUM-101,21.94,25.75,32.25,0.15,48.18,7.23,10.0
2026-09-19 07:21:28,LUM-101,22.08,25.66,25.66,0.0,47.84,0.0,0.0
2026-09-19 07:21:38,LUM-101,22.01,25.8,32.29,0.15,48.08,7.21,10.0
2026-09-19 07:21:48,LUM-101,22.07,25.92,32.42,0.15,48.15,7.22,10.0
2026-09-19 07:21:58,LUM-101,22.06,25.83,25.83,0.0,47.86,0.0,0.0
2026-09-19 07:22:08,LUM-101,22.06,26.0,32.49,0.15,48.07,7.21,10.0
2026-09-19 07:22:18,LUM-101,22.05,26.13,32.62,0.15,48.08,7.21,10.0
2026-09-19 07:22:28,LUM-101,21.95,26.03,26.03,0.0,48.19,0.0,0.0
2026-09-19 07:22:38,LUM-101,22.02,25.94,25.94,0.0,47.95,0.0,0.0
2026-09-19 07:22:48,LUM-101,21.98,26.11,32.57,0.15,47.81,7.17,10.0
2026-09-19 07:22:58,LUM-101,21.96,26.26,32.75,0.15,48.07,7.21,10.0
2026-09-19 07:23:08,LUM-101,22.05,26.39,32.87,0.15,48.05,7.21,10.0
2026-09-19 07:23:18,LUM-101,22.04,26.54,33.03,0.15,48.07,7.21,10.0
2026-09-19 07:23:28,LUM-101,21.94,26.71,33.21,0.15,48.15,7.22,10.0
2026-09-19 07:23:38,LUM-101,21.93,26.55,26.55,0.0,48.09,0.0,0.0
2026-09-19 07:23:48,LUM-101,21.98,26.66,33.14,0.15,48.01,7.2,10.0
2026-09-19 07:23:58,LUM-101,22.03,26.8,33.29,0.15,48.05,7.21,10.0
2026-09-19 07:24:08,LUM-101,22.0,26.9,33.4,0.15,48.1,7.22,10.0
2026-09-19 07:24:18,LUM-101,22.07,27.06,33.52,0.15,47.88,7.18,10.0
2026-09-19 07:24:28,LUM-101,22.06,27.15,33.6,0.15,47.81,7.17,10.0
2026-09-19 07:24:38,LUM-101,22.04,27.28,33.75,0.15,47.97,7.2,10.0
2026-09-19 07:24:48,LUM-101,21.99,27.33,33.8,0.15,47.95,7.19,10.0
2026-09-19 07:24:58,LUM-101,21.99,27.39,33.88,0.15,48.1,7.21,10.0
2026-09-19 07:25:08,LUM-101,22.06,27.47,33.95,0.15,47.98,7.2,10.0
2026-09-19 07:25:18,LUM-101,22.0,27.55,34.03,0.15,47.99,7.2,10.0
2026-09-19 07:25:28,LUM-101,21.95,27.39,27.39,0.0,48.18,0.0,0.0
2026-09-19 07:25:38,LUM-101,21.91,27.24,27.24,0.0,47.95,0.0,0.0
2026-09-19 07:25:48,LUM-101,21.94,27.04,27.04,0.0,48.19,0.0,0.0
2026-09-19 07:25:58,LUM-101,22.08,27.1,33.6,0.15,48.16,7.22,10.0
2026-09-19 07:26:08,LUM-101,22.02,26.9,26.9,0.0,48.16,0.0,0.0
2026-09-19 07:26:18,LUM-101,21.93,27.04,33.52,0.15,48.0,7.2,10.0
2026-09-19 07:26:28,LUM-101,22.05,26.9,26.9,0.0,48.0,0.0,0.0
2026-09-19 07:26:38,LUM-101,22.1,26.73,26.73,0.0,48.04,0.0,0.0
2026-09-19 07:26:48,LUM-101,22.09,26.82,33.31,0.15,48.03,7.2,10.0
2026-09-19 07:26:58,LUM-101,22.06,26.64,26.64,0.0,48.01,0.0,0.0
2026-09-19 07:27:08,LUM-101,21.94,26.48,26.48,0.0,47.99,0.0,0.0
2026-09-19 07:27:18,LUM-101,21.93,26.58,33.08,0.15,48.15,7.22,10.0
2026-09-19 07:27:28,LUM-101,22.03,26.39,26.39,0.0,47.93,0.0,0.0
2026-09-19 07:27:38,LUM-101,21.94,26.26,26.26,0.0,47.92,0.0,0.0
2026-09-19 07:27:48,LUM-101,21.97,26.1,26.1,0.0,48.11,0.0,0.0
2026-09-19 07:27:58,LUM-101,22.03,26.23,32.69,0.15,47.83,7.17,10.0
2026-09-19 07:28:08,LUM-101,21.92,26.37,32.87,0.15,48.13,7.22,10.0
2026-09-19 07:28:18,LUM-101,22.03,26.53,33.04,0.15,48.18,7.23,10.0
2026-09-19 07:28:28,LUM-101,22.05,26.67,33.13,0.15,47.84,7.18,10.0
2026-09-19 07:28:38,LUM-101,21.91,26.83,33.29,0.15,47.83,7.17,10.0
2026-09-19 07:28:48,LUM-101,22.09,26.63,26.63,0.0,48.06,0.0,0.0
2026-09-19 07:28:58,LUM-101,21.92,26.5,26.5,0.0,48.05,0.0,0.0
2026-09-19 07:29:08,LUM-101,22.1,26.66,33.16,0.15,48.12,7.22,10.0
2026-09-19 07:29:18,LUM-101,21.92,26.54,26.54,0.0,48.03,0.0,0.0
2026-09-19 07:29:28,LUM-101,21.95,26.69,33.15,0.15,47.84,7.18,10.0
2026-09-19 07:29:38,LUM-101,22.02,26.85,33.34,0.15,48.07,7.21,10.0
2026-09-19 07:29:48,LUM-101,22.1,26.99,33.49,0.15,48.12,7.22,10.0
2026-09-19 07:29:58,LUM-101,21.92,27.05,33.5,0.15,47.84,7.18,10.0
2026-09-19 07:30:08,LUM-101,22.07,27.16,33.63,0.15,47.93,7.19,10.0
2026-09-19 07:30:18,LUM-101,22.06,26.96,26.96,0.0,47.96,0.0,0.0
2026-09-19 07:30:28,LUM-101,21.95,26.77,26.77,0.0,47.97,0.0,0.0
2026-09-19 07:30:38,LUM-101,22.02,26.58,26.58,0.0,48.18,0.0,0.0
2026-09-19 07:30:48,LUM-101,22.1,26.48,26.48,0.0,48.16,0.0,0.0
2026-09-19 07:30:58,LUM-101,22.1,26.35,26.35,0.0,48.09,0.0,0.0
2026-09-19 07:31:08,LUM-101,21.99,26.46,32.92,0.15,47.88,7.18,10.0
2026-09-19 07:31:18,LUM-101,21.92,26.28,26.28,0.0,48.12,0.0,0.0
2026-09-19 07:31:28,LUM-101,22.02,26.37,32.87,0.15,48.15,7.22,10.0
2026-09-19 07:31:38,LUM-101,22.07,26.23,26.23,0.0,47.87,0.0,0.0
2026-09-19 07:31:48,LUM-101,22.07,26.39,32.86,0.15,47.92,7.19,10.0
2026-09-19 07:31:58,LUM-101,22.03,26.55,33.01,0.15,47.82,7.17,10.0
2026-09-19 07:32:08,LUM-101,21.93,26.67,33.17,0.15,48.17,7.23,10.0
2026-09-19 07:32:18,LUM-101,22.09,26.76,33.24,0.15,47.98,7.2,10.0
2026-09-19 07:32:28,LUM-101,21.93,26.59,26.59,0.0,48.12,0.0,0.0
2026-09-19 07:32:38,LUM-101,22.05,26.72,33.18,0.15,47.81,7.17,10.0
2026-09-19 07:32:48,LUM-101,22.11,26.56,26.56,0.0,48.04,0.0,0.0
2026-09-19 07:32:58,LUM-101,21.95,26.38,26.38,0.0,47.88,0.0,0.0
2026-09-19 07:33:08,LUM-101,22.06,26.19,26.19,0.0,47.93,0.0,0.0
2026-09-19 07:33:18,LUM-101,21.94,26.09,26.09,0.0,47.9,0.0,0.0
2026-09-19 07:33:28,LUM-101,22.03,25.93,25.93,0.0,48.09,0.0,0.0
2026-09-19 07:33:38,LUM-101,22.09,26.04,32.5,0.15,47.82,7.17,10.0
2026-09-19 07:33:48,LUM-101,22.08,26.16,32.65,0.15,48.1,7.21,10.0
2026-09-19 07:33:58,LUM-101,21.96,26.07,26.07,0.0,48.17,0.0,0.0
2026-09-19 07:34:08,LUM-101,21.94,26.24,32.69,0.15,47.83,7.17,10.0
2026-09-19 07:34:18,LUM-101,22.09,26.1,26.1,0.0,48.01,0.0,0.0
2026-09-19 07:34:28,LUM-101,22.02,26.23,32.69,0.15,47.84,7.18,10.0
2026-09-19 07:34:38,LUM-101,22.02,26.07,26.07,0.0,48.05,0.0,0.0
2026-09-19 07:34:48,LUM-101,21.94,26.24,32.71,0.15,47.91,7.19,10.0
2026-09-19 07:34:58,LUM-101,22.0,26.33,32.82,0.15,48.11,7.22,10.0
2026-09-19 07:35:08,LUM-101,21.97,26.42,32.88,0.15,47.83,7.17,10.0
2026-09-19 07:35:18,LUM-101,22.0,26.29,26.29,0.0,47.95,0.0,0.0
2026-09-19 07:35:28,LUM-101,21.95,26.17,26.17,0.0,47.98,0.0,0.0
2026-09-19 07:35:38,LUM-101,22.12,26.26,32.75,0.15,48.1,7.21,10.0
2026-09-19 07:35:48,LUM-101,22.0,26.44,32.9,0.15,47.89,7.18,10.0
2026-09-19 07:35:58,LUM-101,22.09,26.57,33.04,0.15,47.89,7.18,10.0
2026-09-19 07:36:08,LUM-101,22.1,26.73,33.22,0.15,48.08,7.21,10.0
2026-09-19 07:36:18,LUM-101,22.0,26.53,26.53,0.0,48.01,0.0,0.0
2026-09-19 07:36:28,LUM-101,22.04,26.69,33.18,0.15,48.01,7.2,10.0
2026-09-19 07:36:38,LUM-101,22.06,26.82,33.31,0.15,48.12,7.22,10.0
2026-09-19 07:36:48,LUM-101,22.06,26.93,33.4,0.15,47.91,7.19,10.0
2026-09-19 07:36:58,LUM-101,22.01,26.76,26.76,0.0,47.92,0.0,0.0
2026-09-19 07:37:08,LUM-101,22.02,26.84,33.35,0.15,48.17,7.22,10.0
2026-09-19 07:37:18,LUM-101,22.07,26.7,26.7,0.0,48.09,0.0,0.0
2026-09-19 07:37:28,LUM-101,22.07,26.86,33.32,0.15,47.85,7.18,10.0
2026-09-19 07:37:38,LUM-101,22.08,26.68,26.68,0.0,48.1,0.0,0.0
2026-09-19 07:37:48,LUM-101,22.06,26.8,33.26,0.15,47.85,7.18,10.0
2026-09-19 07:37:58,LUM-101,22.04,26.61,26.61,0.0,47.82,0.0,0.0
2026-09-19 07:38:08,LUM-101,22.09,26.45,26.45,0.0,48.09,0.0,0.0
2026-09-19 07:38:18,LUM-101,21.94,26.27,26.27,0.0,47.93,0.0,0.0
2026-09-19 07:38:28,LUM-101,21.97,26.36,32.81,0.15,47.8,7.17,10.0
2026-09-19 07:38:38,LUM-101,22.05,26.18,26.18,0.0,47.81,0.0,0.0
2026-09-19 07:38:48,LUM-101,21.97,26.04,26.04,0.0,48.15,0.0,0.0
2026-09-19 07:38:58,LUM-101,22.09,25.95,25.95,0.0,48.1,0.0,0.0
2026-09-19 07:39:08,LUM-101,21.99,25.8,25.8,0.0,48.13,0.0,0.0
2026-09-19 07:39:18,LUM-101,22.1,25.97,32.44,0.15,47.92,7.19,10.0
2026-09-19 07:39:28,LUM-101,22.11,25.8,25.8,0.0,48.17,0.0,0.0
2026-09-19 07:39:38,LUM-101,22.04,25.9,32.4,0.15,48.16,7.22,10.0
2026-09-19 07:39:48,LUM-101,22.07,26.05,32.53,0.15,47.96,7.19,10.0
2026-09-19 07:39:58,LUM-101,22.02,26.24,32.71,0.15,47.97,7.2,10.0
2026-09-19 07:40:08,LUM-101,22.09,26.06,26.06,0.0,47.85,0.0,0.0
2026-09-19 07:40:18,LUM-101,22.01,25.93,25.93,0.0,47.92,0.0,0.0
2026-09-19 07:40:28,LUM-101,21.95,25.83,25.83,0.0,48.1,0.0,0.0
2026-09-19 07:40:38,LUM-101,22.06,25.72,25.72,0.0,48.19,0.0,0.0
2026-09-19 07:40:48,LUM-101,22.09,25.85,32.33,0.15,47.98,7.2,10.0
2026-09-19 07:40:58,LUM-101,21.94,26.03,32.52,0.15,48.05,7.21,10.0
2026-09-19 07:41:08,LUM-101,22.02,26.2,32.68,0.15,47.94,7.19,10.0
2026-09-19 07:41:18,LUM-101,22.09,26.03,26.03,0.0,47.88,0.0,0.0
2026-09-19 07:41:28,LUM-101,22.13,25.89,25.89,0.0,48.11,0.0,0.0
2026-09-19 07:41:38,LUM-101,21.95,25.8,25.8,0.0,47.99,0.0,0.0
2026-09-19 07:41:48,LUM-101,21.94,25.69,25.69,0.0,47.82,0.0,0.0
2026-09-19 07:41:58,LUM-101,21.95,25.52,25.52,0.0,48.05,0.0,0.0
2026-09-19 07:42:08,LUM-101,21.94,25.35,25.35,0.0,47.96,0.0,0.0
2026-09-19 07:42:18,LUM-101,22.13,25.5,31.95,0.15,47.81,7.17,10.0
2026-09-19 07:42:28,LUM-101,21.94,25.7,32.19,0.15,48.12,7.22,10.0
2026-09-19 07:42:38,LUM-101,21.95,25.85,32.35,0.15,48.11,7.22,10.0
2026-09-19 07:42:48,LUM-101,22.12,25.7,25.7,0.0,47.83,0.0,0.0
2026-09-19 07:42:58,LUM-101,21.95,25.87,32.33,0.15,47.92,7.19,10.0
2026-09-19 07:43:08,LUM-101,21.96,25.73,25.73,0.0,47.9,0.0,0.0
2026-09-19 07:43:18,LUM-101,21.94,25.58,25.58,0.0,47.85,0.0,0.0
2026-09-19 07:43:28,LUM-101,22.0,25.51,25.51,0.0,48.0,0.0,0.0
2026-09-19 07:43:38,LUM-101,21.94,25.42,25.42,0.0,47.85,0.0,0.0
2026-09-19 07:43:48,LUM-101,22.02,25.53,32.02,0.15,48.04,7.21,10.0
2026-09-19 07:43:58,LUM-101,22.13,25.37,25.37,0.0,48.05,0.0,0.0
2026-09-19 07:44:08,LUM-101,22.11,25.24,25.24,0.0,47.87,0.0,0.0
2026-09-19 07:44:18,LUM-101,22.0,25.13,25.13,0.0,47.95,0.0,0.0
2026-09-19 07:44:28,LUM-101,22.11,25.29,31.78,0.15,48.04,7.21,10.0
2026-09-19 07:44:38,LUM-101,22.1,25.44,31.95,0.15,48.18,7.23,10.0
2026-09-19 07:44:48,LUM-101,22.14,25.62,32.08,0.15,47.88,7.18,10.0
2026-09-19 07:44:58,LUM-101,21.97,25.54,25.54,0.0,47.84,0.0,0.0
2026-09-19 07:45:08,LUM-101,22.12,25.47,25.47,0.0,48.19,0.0,0.0
2026-09-19 07:45:18,LUM-101,22.08,25.64,32.1,0.15,47.81,7.17,10.0
2026-09-19 07:45:28,LUM-101,21.95,25.48,25.48,0.0,48.1,0.0,0.0
2026-09-19 07:45:38,LUM-101,21.97,25.65,32.11,0.15,47.83,7.17,10.0
2026-09-19 07:45:48,LUM-101,21.98,25.77,32.27,0.15,48.12,7.22,10.0
2026-09-19 07:45:58,LUM-101,21.98,25.69,25.69,0.0,48.1,0.0,0.0
2026-09-19 07:46:08,LUM-101,22.1,25.56,25.56,0.0,48.05,0.0,0.0
2026-09-19 07:46:18,LUM-101,21.98,25.44,25.44,0.0,48.16,0.0,0.0
2026-09-19 07:46:28,LUM-101,21.97,25.36,25.36,0.0,48.19,0.0,0.0
2026-09-19 07:46:38,LUM-101,22.12,25.28,25.28,0.0,48.19,0.0,0.0
2026-09-19 07:46:48,LUM-101,22.03,25.17,25.17,0.0,48.11,0.0,0.0
2026-09-19 07:46:58,LUM-101,22.02,25.1,25.1,0.0,47.81,0.0,0.0
2026-09-19 07:47:08,LUM-101,22.04,25.31,31.78,0.15,47.88,7.18,10.0
2026-09-19 07:47:18,LUM-101,21.96,25.18,25.18,0.0,47.94,0.0,0.0
2026-09-19 07:47:28,LUM-101,22.07,25.08,25.08,0.0,48.14,0.0,0.0
2026-09-19 07:47:38,LUM-101,22.13,25.29,31.76,0.15,47.86,7.18,10.0
2026-09-19 07:47:48,LUM-101,21.99,25.21,25.21,0.0,48.11,0.0,0.0
2026-09-19 07:47:58,LUM-101,22.12,25.36,31.81,0.15,47.81,7.17,10.0
2026-09-19 07:48:08,LUM-101,22.12,25.29,25.29,0.0,47.83,0.0,0.0
2026-09-19 07:48:18,LUM-101,22.04,25.47,31.93,0.15,47.85,7.18,10.0
2026-09-19 07:48:28,LUM-101,22.07,25.58,32.05,0.15,47.88,7.18,10.0
2026-09-19 07:48:38,LUM-101,22.06,25.45,25.45,0.0,47.95,0.0,0.0
2026-09-19 07:48:48,LUM-101,22.04,25.61,32.09,0.15,48.04,7.21,10.0
2026-09-19 07:48:58,LUM-101,22.1,25.77,32.25,0.15,47.99,7.2,10.0
2026-09-19 07:49:08,LUM-101,22.11,25.96,32.45,0.15,48.06,7.21,10.0
2026-09-19 07:49:18,LUM-101,22.06,26.09,32.55,0.15,47.86,7.18,10.0
2026-09-19 07:49:28,LUM-101,22.0,25.91,25.91,0.0,47.88,0.0,0.0
2026-09-19 07:49:38,LUM-101,21.99,26.07,32.54,0.15,47.89,7.18,10.0
2026-09-19 07:49:48,LUM-101,22.14,26.22,32.69,0.15,47.96,7.19,10.0
2026-09-19 07:49:58,LUM-101,22.02,26.31,32.77,0.15,47.84,7.18,10.0
2026-09-19 07:50:08,LUM-101,22.02,26.12,26.12,0.0,48.02,0.0,0.0
2026-09-19 07:50:18,LUM-101,22.12,26.03,26.03,0.0,47.87,0.0,0.0
2026-09-19 07:50:28,LUM-101,22.12,25.9,25.9,0.0,48.1,0.0,0.0
2026-09-19 07:50:38,LUM-101,22.03,26.01,32.47,0.15,47.89,7.18,10.0
2026-09-19 07:50:48,LUM-101,22.0,26.11,32.6,0.15,48.1,7.21,10.0
2026-09-19 07:50:58,LUM-101,22.1,26.22,32.7,0.15,48.05,7.21,10.0
2026-09-19 07:51:08,LUM-101,22.04,26.11,26.11,0.0,47.82,0.0,0.0
2026-09-19 07:51:18,LUM-101,22.1,26.29,32.74,0.15,47.83,7.17,10.0
2026-09-19 07:51:28,LUM-101,21.99,26.11,26.11,0.0,47.8,0.0,0.0
2026-09-19 07:51:38,LUM-101,22.07,25.94,25.94,0.0,48.0,0.0,0.0
2026-09-19 07:51:48,LUM-101,21.98,26.11,32.6,0.15,48.05,7.21,10.0
2026-09-19 07:51:58,LUM-101,22.03,25.98,25.98,0.0,47.93,0.0,0.0
2026-09-19 07:52:08,LUM-101,22.1,25.87,25.87,0.0,47.95,0.0,0.0
2026-09-19 07:52:18,LUM-101,22.12,26.03,32.53,0.15,48.16,7.22,10.0
2026-09-19 07:52:28,LUM-101,21.98,26.12,32.62,0.15,48.12,7.22,10.0
2026-09-19 07:52:38,LUM-101,22.11,26.22,32.71,0.15,48.03,7.2,10.0
2026-09-19 07:52:48,LUM-101,22.05,26.06,26.06,0.0,47.9,0.0,0.0
2026-09-19 07:52:58,LUM-101,21.96,25.97,25.97,0.0,48.07,0.0,0.0
2026-09-19 07:53:08,LUM-101,22.13,25.82,25.82,0.0,47.82,0.0,0.0
2026-09-19 07:53:18,LUM-101,22.09,25.74,25.74,0.0,47.87,0.0,0.0
2026-09-19 07:53:28,LUM-101,22.02,25.87,32.33,0.15,47.83,7.18,10.0
2026-09-19 07:53:38,LUM-101,22.03,25.71,25.71,0.0,47.84,0.0,0.0
2026-09-19 07:53:48,LUM-101,22.09,25.61,25.61,0.0,48.05,0.0,0.0
2026-09-19 07:53:58,LUM-101,21.99,25.76,32.23,0.15,47.91,7.19,10.0
2026-09-19 07:54:08,LUM-101,22.04,25.91,32.37,0.15,47.86,7.18,10.0
2026-09-19 07:54:18,LUM-101,22.05,25.79,25.79,0.0,47.87,0.0,0.0
2026-09-19 07:54:28,LUM-101,22.13,25.64,25.64,0.0,48.04,0.0,0.0
2026-09-19 07:54:38,LUM-101,22.15,25.52,25.52,0.0,47.86,0.0,0.0
2026-09-19 07:54:48,LUM-101,22.16,25.39,25.39,0.0,47.89,0.0,0.0
2026-09-19 07:54:58,LUM-101,22.06,25.57,32.04,0.15,47.89,7.18,10.0
2026-09-19 07:55:08,LUM-101,22.09,25.72,32.21,0.15,48.07,7.21,10.0
2026-09-19 07:55:18,LUM-101,22.0,25.61,25.61,0.0,48.13,0.0,0.0
2026-09-19 07:55:28,LUM-101,21.98,25.72,32.19,0.15,47.94,7.19,10.0
2026-09-19 07:55:38,LUM-101,22.08,25.85,32.3,0.15,47.8,7.17,10.0
2026-09-19 07:55:48,LUM-101,21.97,25.74,25.74,0.0,48.13,0.0,0.0
2026-09-19 07:55:58,LUM-101,22.1,25.59,25.59,0.0,48.12,0.0,0.0
2026-09-19 07:56:08,LUM-101,22.1,25.5,25.5,0.0,47.99,0.0,0.0
2026-09-19 07:56:18,LUM-101,21.98,25.4,25.4,0.0,47.91,0.0,0.0
2026-09-19 07:56:28,LUM-101,22.07,25.58,32.04,0.15,47.82,7.17,10.0
2026-09-19 07:56:38,LUM-101,22.15,25.45,25.45,0.0,48.06,0.0,0.0
2026-09-19 07:56:48,LUM-101,21.99,25.33,25.33,0.0,48.09,0.0,0.0
2026-09-19 07:56:58,LUM-101,22.14,25.23,25.23,0.0,48.08,0.0,0.0
2026-09-19 07:57:08,LUM-101,22.13,25.12,25.12,0.0,48.12,0.0,0.0
2026-09-19 07:57:18,LUM-101,22.13,25.25,31.72,0.15,47.89,7.18,10.0
2026-09-19 07:57:28,LUM-101,22.15,25.38,31.86,0.15,48.0,7.2,10.0
2026-09-19 07:57:38,LUM-101,22.09,25.22,25.22,0.0,47.99,0.0,0.0
2026-09-19 07:57:48,LUM-101,22.0,25.09,25.09,0.0,48.0,0.0,0.0
2026-09-19 07:57:58,LUM-101,22.13,25.27,31.76,0.15,48.07,7.21,10.0
2026-09-19 07:58:08,LUM-101,22.08,25.19,25.19,0.0,47.91,0.0,0.0
2026-09-19 07:58:18,LUM-101,22.14,25.05,25.05,0.0,47.9,0.0,0.0
2026-09-19 07:58:28,LUM-101,21.99,25.27,31.78,0.15,48.2,7.23,10.0
2026-09-19 07:58:38,LUM-101,22.09,25.44,31.94,0.15,48.17,7.23,10.0
2026-09-19 07:58:48,LUM-101,22.03,25.58,32.05,0.15,47.92,7.19,10.0
2026-09-19 07:58:58,LUM-101,22.15,25.49,25.49,0.0,48.13,0.0,0.0
2026-09-19 07:59:08,LUM-101,22.15,25.34,25.34,0.0,48.2,0.0,0.0
2026-09-19 07:59:18,LUM-101,22.04,25.22,25.22,0.0,48.03,0.0,0.0
2026-09-19 07:59:28,LUM-101,22.08,25.09,25.09,0.0,48.14,0.0,0.0
2026-09-19 07:59:38,LUM-101,22.05,25.03,25.03,0.0,47.91,0.0,0.0
2026-09-19 07:59:48,LUM-101,22.01,24.9,24.9,0.0,47.81,0.0,0.0
2026-09-19 07:59:58,LUM-101,22.03,25.09,31.59,0.15,48.09,7.21,10.0
2026-09-19 08:00:08,LUM-101,22.17,26.99,75.37,1.117,48.13,53.76,74.5
2026-09-19 08:00:18,LUM-101,22.02,28.82,75.8,1.089,47.95,52.2,72.6
2026-09-19 08:00:28,LUM-101,22.1,31.31,96.0,1.491,48.2,71.88,99.4
2026-09-19 08:00:38,LUM-101,22.12,33.02,79.76,1.082,48.0,51.93,72.1
2026-09-19 08:00:48,LUM-101,22.03,35.08,93.46,1.352,47.96,64.86,90.2
2026-09-19 08:00:58,LUM-101,22.14,37.37,101.95,1.496,47.95,71.75,99.8
2026-09-19 08:01:08,LUM-101,22.15,38.99,88.54,1.15,47.87,55.06,76.7
2026-09-19 08:01:18,LUM-101,22.14,41.19,105.5,1.491,47.92,71.45,99.4
2026-09-19 08:01:28,LUM-101,22.16,43.29,107.05,1.472,48.13,70.84,98.1
2026-09-19 08:01:38,LUM-101,21.98,45.14,106.65,1.428,47.86,68.34,95.2
2026-09-19 08:01:48,LUM-101,22.13,46.74,102.17,1.283,47.99,61.59,85.6
2026-09-19 08:01:58,LUM-101,22.09,48.45,107.08,1.357,48.0,65.15,90.5
2026-09-19 08:02:08,LUM-101,22.15,49.7,100.32,1.176,47.84,56.25,78.4
2026-09-19 08:02:18,LUM-101,22.01,51.0,103.42,1.214,47.97,58.25,80.9
2026-09-19 08:02:28,LUM-101,22.17,52.66,114.05,1.426,47.85,68.22,95.0
2026-09-19 08:02:38,LUM-101,22.04,54.35,118.61,1.49,47.92,71.4,99.3
2026-09-19 08:02:48,LUM-101,22.14,55.58,110.58,1.276,47.91,61.12,85.0
2026-09-19 08:02:58,LUM-101,22.15,56.64,107.91,1.19,47.89,56.97,79.3
2026-09-19 08:03:08,LUM-101,22.07,57.88,114.23,1.299,48.2,62.62,86.6
2026-09-19 08:03:18,LUM-101,22.04,58.61,105.11,1.079,47.87,51.66,71.9
2026-09-19 08:03:28,LUM-101,22.16,60.06,122.74,1.452,47.97,69.64,96.8
2026-09-19 08:03:38,LUM-101,22.08,60.85,108.74,1.111,47.87,53.21,74.1
2026-09-19 08:03:48,LUM-101,22.03,61.5,107.17,1.06,47.87,50.74,70.7
2026-09-19 08:03:58,LUM-101,22.14,62.59,118.62,1.297,47.99,62.25,86.5
2026-09-19 08:04:08,LUM-101,22.13,63.54,117.08,1.241,47.92,59.5,82.8
2026-09-19 08:04:18,LUM-101,22.18,64.74,124.51,1.388,47.85,66.41,92.5
2026-09-19 08:04:28,LUM-101,22.02,66.07,130.45,1.495,47.84,71.54,99.7
2026-09-19 08:04:38,LUM-101,22.13,66.5,111.89,1.05,48.01,50.43,70.0
2026-09-19 08:04:48,LUM-101,22.15,67.19,117.84,1.168,48.16,56.28,77.9
2026-09-19 08:04:58,LUM-101,22.19,68.32,129.18,1.414,47.82,67.62,94.3
2026-09-19 08:05:08,LUM-101,22.12,69.45,132.67,1.46,48.11,70.24,97.3
2026-09-19 08:05:18,LUM-101,21.99,69.8,115.42,1.059,47.85,50.69,70.6
2026-09-19 08:05:28,LUM-101,22.01,70.25,118.97,1.124,48.18,54.14,74.9
2026-09-19 08:05:38,LUM-101,22.19,70.92,125.58,1.269,47.87,60.73,84.6
2026-09-19 08:05:48,LUM-101,22.08,71.88,131.94,1.387,48.12,66.73,92.4
2026-09-19 08:05:58,LUM-101,22.18,72.73,131.82,1.37,47.93,65.66,91.3
2026-09-19 08:06:08,LUM-101,22.0,73.36,127.82,1.26,48.02,60.51,84.0
2026-09-19 08:06:18,LUM-101,22.11,74.25,136.27,1.44,47.87,68.91,96.0
2026-09-19 08:06:28,LUM-101,22.09,74.87,130.47,1.285,48.08,61.77,85.7
2026-09-19 08:06:38,LUM-101,22.17,75.48,131.62,1.304,47.82,62.38,87.0
2026-09-19 08:06:48,LUM-101,22.18,75.62,121.21,1.057,47.91,50.65,70.5
2026-09-19 08:06:58,LUM-101,22.14,76.52,138.61,1.443,47.82,68.99,96.2
2026-09-19 08:07:08,LUM-101,22.04,77.0,130.77,1.244,48.0,59.74,83.0
2026-09-19 08:07:18,LUM-101,22.0,77.67,137.23,1.375,48.15,66.18,91.6
2026-09-19 08:07:28,LUM-101,22.07,78.01,128.75,1.175,47.99,56.38,78.3
2026-09-19 08:07:38,LUM-101,22.01,78.69,139.2,1.402,47.95,67.23,93.5
2026-09-19 08:07:48,LUM-101,22.09,79.01,130.42,1.192,47.93,57.12,79.5
2026-09-19 08:07:58,LUM-101,22.13,79.61,138.72,1.367,48.07,65.69,91.1
2026-09-19 08:08:08,LUM-101,22.01,80.33,141.8,1.42,48.1,68.29,94.7
2026-09-19 08:08:18,LUM-101,22.06,80.81,136.85,1.295,48.08,62.27,86.3
2026-09-19 08:08:28,LUM-101,22.16,81.27,137.79,1.309,47.97,62.79,87.3
2026-09-19 08:08:38,LUM-101,22.04,81.74,140.06,1.354,47.87,64.8,90.2
2026-09-19 08:08:48,LUM-101,22.18,82.41,145.43,1.463,47.88,70.02,97.5
2026-09-19 08:08:58,LUM-101,22.17,83.09,145.75,1.451,48.0,69.63,96.7
2026-09-19 08:09:08,LUM-101,22.04,83.68,145.26,1.42,48.19,68.42,94.7
2026-09-19 08:09:18,LUM-101,22.14,84.13,143.77,1.384,47.87,66.26,92.3
2026-09-19 08:09:28,LUM-101,22.11,84.31,137.83,1.243,47.84,59.47,82.9
2026-09-19 08:09:38,LUM-101,22.05,84.27,132.23,1.108,48.12,53.29,73.8
2026-09-19 08:09:48,LUM-101,22.03,84.43,136.54,1.21,47.85,57.91,80.7
2026-09-19 08:09:58,LUM-101,22.09,84.34,131.81,1.099,47.99,52.74,73.3
2026-09-19 08:10:08,LUM-101,22.16,84.65,141.16,1.304,48.15,62.78,86.9
2026-09-19 08:10:18,LUM-101,22.19,85.28,149.55,1.483,48.14,71.41,98.9
2026-09-19 08:10:28,LUM-101,22.13,85.93,150.07,1.483,48.07,71.27,98.8
2026-09-19 08:10:38,LUM-101,22.1,85.98,137.16,1.182,48.1,56.88,78.8
2026-09-19 08:10:48,LUM-101,22.08,86.36,145.81,1.371,48.17,66.05,91.4
2026-09-19 08:10:58,LUM-101,22.14,86.34,135.04,1.128,47.96,54.12,75.2
2026-09-19 08:11:08,LUM-101,22.14,86.67,144.43,1.34,47.88,64.18,89.4
2026-09-19 08:11:18,LUM-101,22.06,86.92,143.46,1.306,48.11,62.82,87.0
2026-09-19 08:11:28,LUM-101,22.09,87.3,145.85,1.355,48.02,65.05,90.3
2026-09-19 08:11:38,LUM-101,22.07,87.42,140.4,1.225,48.04,58.86,81.7
2026-09-19 08:11:48,LUM-101,22.17,87.29,135.44,1.111,48.15,53.5,74.1
2026-09-19 08:11:58,LUM-101,22.17,87.61,146.44,1.36,48.06,65.36,90.7
2026-09-19 08:12:08,LUM-101,22.22,88.03,149.12,1.416,47.93,67.89,94.4
2026-09-19 08:12:18,LUM-101,22.08,87.95,138.01,1.162,47.85,55.62,77.5
2026-09-19 08:12:28,LUM-101,22.12,88.46,151.99,1.474,47.89,70.6,98.3
2026-09-19 08:12:38,LUM-101,22.21,88.87,149.28,1.399,47.97,67.12,93.3
2026-09-19 08:12:48,LUM-101,22.05,88.82,140.87,1.202,48.1,57.83,80.2
2026-09-19 08:12:58,LUM-101,22.07,89.2,149.61,1.402,47.88,67.13,93.5
2026-09-19 08:13:08,LUM-101,22.07,89.7,153.63,1.483,47.91,71.04,98.8
2026-09-19 08:13:18,LUM-101,22.21,89.84,145.94,1.294,48.18,62.33,86.2
2026-09-19 08:13:28,LUM-101,22.07,89.74,141.23,1.188,48.16,57.21,79.2
2026-09-19 08:13:38,LUM-101,22.11,89.66,139.81,1.16,48.05,55.72,77.3
2026-09-19 08:13:48,LUM-101,22.15,89.75,144.67,1.275,47.87,61.03,85.0
2026-09-19 08:13:58,LUM-101,22.13,90.04,149.48,1.371,48.17,66.04,91.4
2026-09-19 08:14:08,LUM-101,22.18,89.93,139.52,1.149,47.93,55.09,76.6
2026-09-19 08:14:18,LUM-101,22.06,90.46,155.06,1.498,47.91,71.78,99.9
2026-09-19 08:14:28,LUM-101,22.03,90.81,153.45,1.449,48.05,69.6,96.6
2026-09-19 08:14:38,LUM-101,22.13,91.12,152.88,1.431,47.96,68.63,95.4
2026-09-19 08:14:48,LUM-101,22.19,90.81,137.41,1.079,47.99,51.78,71.9
2026-09-19 08:14:58,LUM-101,22.1,90.66,139.69,1.14,47.81,54.48,76.0
2026-09-19 08:15:08,LUM-101,22.03,90.53,140.21,1.148,48.09,55.2,76.5
2026-09-19 08:15:18,LUM-101,22.21,90.44,142.18,1.193,48.18,57.49,79.5
2026-09-19 08:15:28,LUM-101,22.05,90.12,136.08,1.064,48.01,51.07,70.9
2026-09-19 08:15:38,LUM-101,22.21,89.97,139.44,1.143,48.09,54.96,76.2
2026-09-19 08:15:48,LUM-101,22.17,89.86,140.42,1.172,47.92,56.18,78.2
2026-09-19 08:15:58,LUM-101,22.11,89.65,137.15,1.103,47.83,52.77,73.6
2026-09-19 08:16:08,LUM-101,22.11,89.99,151.63,1.429,47.93,68.49,95.3
2026-09-19 08:16:18,LUM-101,22.14,90.42,153.07,1.449,48.04,69.61,96.6
2026-09-19 08:16:28,LUM-101,22.21,90.65,149.77,1.368,48.02,65.69,91.2
2026-09-19 08:16:38,LUM-101,22.17,91.15,155.6,1.487,48.14,71.61,99.2
2026-09-19 08:16:48,LUM-101,22.16,91.17,144.26,1.225,48.15,58.99,81.7
2026-09-19 08:16:58,LUM-101,22.17,91.1,143.66,1.218,47.93,58.4,81.2
2026-09-19 08:17:08,LUM-101,22.13,90.79,137.77,1.089,47.93,52.2,72.6
2026-09-19 08:17:18,LUM-101,22.14,90.9,148.21,1.322,48.16,63.68,88.2
2026-09-19 08:17:28,LUM-101,22.14,90.74,141.47,1.178,47.85,56.37,78.5
2026-09-19 08:17:38,LUM-101,22.19,90.44,135.85,1.055,47.82,50.45,70.3
2026-09-19 08:17:48,LUM-101,22.14,90.32,139.6,1.137,48.18,54.75,75.8
2026-09-19 08:17:58,LUM-101,22.08,90.82,155.04,1.489,47.93,71.35,99.2
2026-09-19 08:18:08,LUM-101,22.23,90.55,137.36,1.084,48.0,52.02,72.3
2026-09-19 08:18:18,LUM-101,22.07,90.4,140.26,1.152,48.1,55.4,76.8
2026-09-19 08:18:28,LUM-101,22.17,90.79,152.26,1.42,48.09,68.29,94.7
2026-09-19 08:18:38,LUM-101,22.13,90.7,142.05,1.189,48.0,57.05,79.2
2026-09-19 08:18:48,LUM-101,22.05,90.96,150.26,1.377,47.86,65.88,91.8
2026-09-19 08:18:58,LUM-101,22.2,90.8,141.22,1.172,47.8,56.03,78.1
2026-09-19 08:19:08,LUM-101,22.23,91.05,151.41,1.4,47.9,67.07,93.3
2026-09-19 08:19:18,LUM-101,22.12,91.23,149.94,1.359,48.01,65.23,90.6
2026-09-19 08:19:28,LUM-101,22.1,91.19,144.07,1.222,48.07,58.75,81.5
2026-09-19 08:19:38,LUM-101,22.19,91.63,156.3,1.499,47.94,71.85,99.9
2026-09-19 08:19:48,LUM-101,22.14,92.0,155.72,1.469,48.19,70.8,97.9
2026-09-19 08:19:58,LUM-101,22.14,92.34,153.55,1.417,47.99,68.01,94.5
2026-09-19 08:20:08,LUM-101,22.15,92.28,145.11,1.224,47.97,58.7,81.6
2026-09-19 08:20:18,LUM-101,22.14,92.71,157.16,1.497,47.84,71.61,99.8
2026-09-19 08:20:28,LUM-101,22.11,92.68,147.97,1.284,47.86,61.44,85.6
2026-09-19 08:20:38,LUM-101,22.2,92.56,144.19,1.19,48.19,57.37,79.4
2026-09-19 08:20:48,LUM-101,22.11,92.84,154.0,1.416,47.99,67.96,94.4
2026-09-19 08:20:58,LUM-101,22.05,92.86,148.54,1.293,47.84,61.87,86.2
2026-09-19 08:21:08,LUM-101,22.23,92.6,141.52,1.13,48.11,54.36,75.3
2026-09-19 08:21:18,LUM-101,22.16,92.18,137.66,1.054,47.94,50.53,70.3
2026-09-19 08:21:28,LUM-101,22.08,92.5,155.53,1.457,48.06,70.03,97.1
2026-09-19 08:21:38,LUM-101,22.14,92.19,140.14,1.11,48.01,53.28,74.0
2026-09-19 08:21:48,LUM-101,22.12,92.22,146.58,1.262,47.87,60.4,84.1
2026-09-19 08:21:58,LUM-101,22.15,92.63,156.88,1.483,48.14,71.39,98.9
2026-09-19 08:22:08,LUM-101,22.23,92.8,152.42,1.374,48.2,66.24,91.6
2026-09-19 08:22:18,LUM-101,22.06,93.19,157.2,1.479,48.08,71.12,98.6
2026-09-19 08:22:28,LUM-101,22.11,93.34,151.84,1.357,47.88,64.99,90.5
2026-09-19 08:22:38,LUM-101,22.22,93.32,148.83,1.283,48.08,61.68,85.5
2026-09-19 08:22:48,LUM-101,22.19,92.87,138.34,1.05,48.11,50.52,70.0
2026-09-19 08:22:58,LUM-101,22.23,93.11,154.34,1.418,47.99,68.03,94.5
2026-09-19 08:23:08,LUM-101,22.13,93.05,147.35,1.256,48.04,60.34,83.7
2026-09-19 08:23:18,LUM-101,22.08,93.15,151.69,1.353,48.07,65.04,90.2
2026-09-19 08:23:28,LUM-101,22.17,93.15,147.36,1.255,47.98,60.24,83.7
2026-09-19 08:23:38,LUM-101,22.08,93.01,143.83,1.177,47.98,56.47,78.5
2026-09-19 08:23:48,LUM-101,22.26,92.61,138.61,1.066,47.92,51.1,71.1
2026-09-19 08:23:58,LUM-101,22.24,92.45,143.3,1.173,48.19,56.5,78.2
2026-09-19 08:24:08,LUM-101,22.23,92.26,143.37,1.186,47.87,56.79,79.1
2026-09-19 08:24:18,LUM-101,22.25,91.97,140.7,1.126,48.1,54.14,75.0
2026-09-19 08:24:28,LUM-101,22.09,91.75,140.45,1.125,48.07,54.1,75.0
2026-09-19 08:24:38,LUM-101,22.07,92.05,152.31,1.391,48.13,66.95,92.7
2026-09-19 08:24:48,LUM-101,22.23,91.74,139.0,1.097,47.88,52.52,73.1
2026-09-19 08:24:58,LUM-101,22.25,91.64,144.08,1.217,47.87,58.26,81.1
2026-09-19 08:25:08,LUM-101,22.14,91.46,140.13,1.128,47.94,54.08,75.2
2026-09-19 08:25:18,LUM-101,22.26,91.52,146.87,1.278,48.11,61.49,85.2
2026-09-19 08:25:28,LUM-101,22.23,91.64,148.91,1.325,48.01,63.63,88.3
2026-09-19 08:25:38,LUM-101,22.12,91.99,154.76,1.449,48.14,69.75,96.6
2026-09-19 08:25:48,LUM-101,22.2,92.06,147.81,1.292,47.97,61.95,86.1
2026-09-19 08:25:58,LUM-101,22.08,92.07,146.49,1.263,47.86,60.47,84.2
2026-09-19 08:26:08,LUM-101,22.27,92.49,156.88,1.495,47.86,71.55,99.7
2026-09-19 08:26:18,LUM-101,22.25,92.23,139.77,1.1,48.02,52.83,73.3
2026-09-19 08:26:28,LUM-101,22.18,92.26,146.4,1.254,47.98,60.16,83.6
2026-09-19 08:26:38,LUM-101,22.2,92.65,155.43,1.45,48.11,69.75,96.7
2026-09-19 08:26:48,LUM-101,22.11,92.36,140.58,1.12,47.84,53.58,74.7
2026-09-19 08:26:58,LUM-101,22.23,92.63,152.66,1.384,48.19,66.71,92.3
2026-09-19 08:27:08,LUM-101,22.1,92.58,146.74,1.254,47.97,60.18,83.6
2026-09-19 08:27:18,LUM-101,22.14,92.88,155.24,1.442,48.06,69.29,96.1
2026-09-19 08:27:28,LUM-101,22.15,92.7,143.06,1.17,47.82,55.95,78.0
2026-09-19 08:27:38,LUM-101,22.24,92.49,141.78,1.141,47.99,54.76,76.1
2026-09-19 08:27:48,LUM-101,22.21,92.85,155.32,1.441,48.16,69.41,96.1
2026-09-19 08:27:58,LUM-101,22.27,92.54,140.53,1.109,48.08,53.32,73.9
2026-09-19 08:28:08,LUM-101,22.19,92.43,143.39,1.177,48.11,56.62,78.5
2026-09-19 08:28:18,LUM-101,22.21,92.68,153.36,1.41,47.83,67.42,94.0
2026-09-19 08:28:28,LUM-101,22.09,92.87,151.61,1.363,47.89,65.27,90.9
2026-09-19 08:28:38,LUM-101,22.25,93.02,151.45,1.348,48.17,64.92,89.8
2026-09-19 08:28:48,LUM-101,22.26,93.08,148.27,1.274,48.13,61.32,84.9
2026-09-19 08:28:58,LUM-101,22.11,92.79,141.76,1.137,47.87,54.41,75.8
2026-09-19 08:29:08,LUM-101,22.25,92.38,138.09,1.058,47.99,50.79,70.6
2026-09-19 08:29:18,LUM-101,22.14,92.79,156.1,1.463,48.09,70.35,97.5
2026-09-19 08:29:28,LUM-101,22.19,92.81,148.23,1.281,48.08,61.58,85.4
2026-09-19 08:29:38,LUM-101,22.11,92.92,149.28,1.306,47.97,62.63,87.0
2026-09-19 08:29:48,LUM-101,22.24,92.95,147.55,1.261,48.13,60.67,84.0
2026-09-19 08:29:58,LUM-101,22.19,92.96,149.07,1.302,47.87,62.35,86.8
2026-09-19 08:30:08,LUM-101,22.1,93.03,148.55,1.287,47.92,61.68,85.8
2026-09-19 08:30:18,LUM-101,22.24,93.07,149.32,1.306,47.87,62.51,87.0
2026-09-19 08:30:28,LUM-101,22.26,92.94,144.7,1.195,48.14,57.51,79.6
2026-09-19 08:30:38,LUM-101,22.26,92.93,147.26,1.263,47.81,60.37,84.2
2026-09-19 08:30:48,LUM-101,22.27,93.09,150.56,1.334,47.87,63.85,88.9
2026-09-19 08:30:58,LUM-101,22.22,93.1,147.73,1.263,48.07,60.71,84.2
2026-09-19 08:31:08,LUM-101,22.24,93.0,145.14,1.209,47.9,57.94,80.6
2026-09-19 08:31:18,LUM-101,22.1,93.29,154.15,1.413,47.86,67.63,94.2
2026-09-19 08:31:28,LUM-101,22.15,93.61,156.03,1.442,48.11,69.35,96.1
2026-09-19 08:31:38,LUM-101,22.14,94.01,157.78,1.478,47.94,70.86,98.5
2026-09-19 08:31:48,LUM-101,22.28,94.13,152.91,1.357,48.14,65.31,90.4
2026-09-19 08:31:58,LUM-101,22.2,94.17,151.63,1.333,47.9,63.84,88.9
2026-09-19 08:32:08,LUM-101,22.28,94.22,149.93,1.288,48.06,61.91,85.9
2026-09-19 08:32:18,LUM-101,22.11,93.98,143.37,1.146,47.87,54.87,76.4
2026-09-19 08:32:28,LUM-101,22.12,93.92,148.04,1.257,47.84,60.13,83.8
2026-09-19 08:32:38,LUM-101,22.27,93.54,139.93,1.071,48.11,51.54,71.4
2026-09-19 08:32:48,LUM-101,22.28,93.44,146.02,1.216,48.04,58.42,81.1
2026-09-19 08:32:58,LUM-101,22.21,93.4,146.94,1.238,48.04,59.49,82.6
2026-09-19 08:33:08,LUM-101,22.13,93.75,156.46,1.455,47.89,69.67,97.0
2026-09-19 08:33:18,LUM-101,22.24,93.32,139.42,1.071,47.82,51.22,71.4
2026-09-19 08:33:28,LUM-101,22.16,93.43,150.89,1.335,47.82,63.84,89.0
2026-09-19 08:33:38,LUM-101,22.12,93.86,158.41,1.49,48.13,71.72,99.4
2026-09-19 08:33:48,LUM-101,22.3,94.23,157.6,1.468,47.95,70.41,97.9
2026-09-19 08:33:58,LUM-101,22.28,93.98,144.42,1.17,47.9,56.04,78.0
2026-09-19 08:34:08,LUM-101,22.18,93.68,143.0,1.145,47.88,54.8,76.3
2026-09-19 08:34:18,LUM-101,22.12,93.22,138.69,1.056,47.84,50.52,70.4
2026-09-19 08:34:28,LUM-101,22.23,93.21,146.54,1.232,48.11,59.26,82.1
2026-09-19 08:34:38,LUM-101,22.11,93.33,151.39,1.348,47.85,64.52,89.9
2026-09-19 08:34:48,LUM-101,22.24,93.46,151.44,1.339,48.11,64.42,89.3
2026-09-19 08:34:58,LUM-101,22.3,93.81,156.94,1.467,47.81,70.14,97.8
2026-09-19 08:35:08,LUM-101,22.18,93.91,150.51,1.311,47.98,62.89,87.4
2026-09-19 08:35:18,LUM-101,22.26,93.83,146.32,1.213,48.08,58.32,80.9
2026-09-19 08:35:28,LUM-101,22.12,93.79,148.73,1.267,48.2,61.04,84.4
2026-09-19 08:35:38,LUM-101,22.27,93.45,141.0,1.1,48.01,52.83,73.4
2026-09-19 08:35:48,LUM-101,22.21,93.34,146.12,1.22,48.05,58.65,81.4
2026-09-19 08:35:58,LUM-101,22.21,93.06,141.24,1.113,48.11,53.53,74.2
2026-09-19 08:36:08,LUM-101,22.17,92.94,144.11,1.184,48.01,56.86,79.0
2026-09-19 08:36:18,LUM-101,22.15,92.98,148.16,1.273,48.16,61.31,84.9
2026-09-19 08:36:28,LUM-101,22.23,93.38,157.51,1.481,48.11,71.25,98.7
2026-09-19 08:36:38,LUM-101,22.15,93.61,154.27,1.399,48.17,67.39,93.3
2026-09-19 08:36:48,LUM-101,22.19,93.23,138.59,1.052,47.92,50.41,70.1
2026-09-19 08:36:58,LUM-101,22.25,93.5,154.74,1.422,47.84,68.04,94.8
2026-09-19 08:37:08,LUM-101,22.16,93.27,141.93,1.13,47.86,54.07,75.3
2026-09-19 08:37:18,LUM-101,22.19,92.94,138.89,1.062,48.08,51.06,70.8
2026-09-19 08:37:28,LUM-101,22.29,92.62,139.78,1.09,48.08,52.4,72.7
2026-09-19 08:37:38,LUM-101,22.19,92.91,153.29,1.397,48.03,67.09,93.1
2026-09-19 08:37:48,LUM-101,22.27,92.88,146.5,1.242,47.97,59.58,82.8
2026-09-19 08:37:58,LUM-101,22.32,92.69,142.02,1.139,48.14,54.82,75.9
2026-09-19 08:38:08,LUM-101,22.27,92.95,152.68,1.386,47.88,66.36,92.4
2026-09-19 08:38:18,LUM-101,22.26,92.75,141.8,1.134,48.07,54.5,75.6
2026-09-19 08:38:28,LUM-101,22.17,93.17,156.28,1.465,47.86,70.12,97.7
2026-09-19 08:38:38,LUM-101,22.24,93.24,149.27,1.301,47.86,62.25,86.7
2026-09-19 08:38:48,LUM-101,22.26,93.69,158.51,1.499,48.06,72.03,99.9
2026-09-19 08:38:58,LUM-101,22.16,93.43,141.62,1.12,47.81,53.54,74.7
2026-09-19 08:39:08,LUM-101,22.32,93.15,140.19,1.085,48.16,52.27,72.4
2026-09-19 08:39:18,LUM-101,22.21,93.11,147.88,1.27,47.93,60.86,84.6
2026-09-19 08:39:28,LUM-101,22.23,93.17,147.97,1.265,48.14,60.89,84.3
2026-09-19 08:39:38,LUM-101,22.21,93.55,156.66,1.464,47.91,70.12,97.6
2026-09-19 08:39:48,LUM-101,22.17,93.37,143.83,1.167,48.05,56.07,77.8
2026-09-19 08:39:58,LUM-101,22.16,93.21,143.92,1.172,48.05,56.34,78.2
2026-09-19 08:40:08,LUM-101,22.14,93.43,153.66,1.399,47.84,66.92,93.3
2026-09-19 08:40:18,LUM-101,22.21,93.0,138.83,1.058,48.15,50.92,70.5
2026-09-19 08:40:28,LUM-101,22.26,93.36,156.4,1.46,47.99,70.04,97.3
2026-09-19 08:40:38,LUM-101,22.16,93.22,144.06,1.175,48.07,56.48,78.3
2026-09-19 08:40:48,LUM-101,22.27,93.45,152.61,1.365,48.14,65.73,91.0
2026-09-19 08:40:58,LUM-101,22.24,93.55,149.55,1.299,47.88,62.22,86.6
2026-09-19 08:41:08,LUM-101,22.33,93.65,150.58,1.316,48.07,63.26,87.7
2026-09-19 08:41:18,LUM-101,22.19,93.93,155.01,1.41,48.15,67.87,94.0
2026-09-19 08:41:28,LUM-101,22.18,93.71,143.06,1.144,47.94,54.83,76.3
2026-09-19 08:41:38,LUM-101,22.22,93.76,150.05,1.307,47.87,62.55,87.1
2026-09-19 08:41:48,LUM-101,22.19,93.42,140.0,1.074,48.18,51.76,71.6
2026-09-19 08:41:58,LUM-101,22.3,93.55,151.51,1.343,47.95,64.39,89.5
2026-09-19 08:42:08,LUM-101,22.22,93.98,157.78,1.472,48.15,70.89,98.1
2026-09-19 08:42:18,LUM-101,22.29,94.2,155.0,1.41,47.92,67.55,94.0
2026-09-19 08:42:28,LUM-101,22.3,94.09,145.83,1.197,48.04,57.49,79.8
2026-09-19 08:42:38,LUM-101,22.18,94.42,158.44,1.477,48.17,71.13,98.5
2026-09-19 08:42:48,LUM-101,22.17,94.39,149.97,1.282,48.18,61.75,85.5
2026-09-19 08:42:58,LUM-101,22.18,94.33,147.7,1.232,48.13,59.3,82.1
2026-09-19 08:43:08,LUM-101,22.34,94.45,151.27,1.317,47.95,63.14,87.8
2026-09-19 08:43:18,LUM-101,22.3,94.62,153.05,1.355,47.9,64.92,90.4
2026-09-19 08:43:28,LUM-101,22.25,94.62,150.09,1.285,47.96,61.64,85.7
2026-09-19 08:43:38,LUM-101,22.2,94.46,145.44,1.184,47.86,56.65,78.9
2026-09-19 08:43:48,LUM-101,22.25,94.76,156.72,1.433,48.04,68.85,95.5
2026-09-19 08:43:58,LUM-101,22.18,94.49,144.84,1.163,48.11,55.94,77.5
2026-09-19 08:44:08,LUM-101,22.33,94.07,139.6,1.052,48.1,50.59,70.1
2026-09-19 08:44:18,LUM-101,22.35,94.16,151.29,1.322,48.02,63.48,88.1
2026-09-19 08:44:28,LUM-101,22.35,93.88,142.55,1.126,48.03,54.08,75.1
2026-09-19 08:44:38,LUM-101,22.24,94.0,152.47,1.359,47.82,64.96,90.6
2026-09-19 08:44:48,LUM-101,22.23,94.05,150.87,1.312,48.12,63.13,87.5
2026-09-19 08:44:58,LUM-101,22.25,94.07,149.42,1.283,47.95,61.5,85.5
2026-09-19 08:45:08,LUM-101,22.23,93.74,141.76,1.116,47.8,53.36,74.4
2026-09-19 08:45:18,LUM-101,22.33,93.68,147.04,1.231,48.15,59.28,82.1
2026-09-19 08:45:28,LUM-101,22.35,93.86,152.9,1.363,48.12,65.61,90.9
2026-09-19 08:45:38,LUM-101,22.29,93.85,149.41,1.284,48.07,61.73,85.6
2026-09-19 08:45:48,LUM-101,22.19,93.69,145.36,1.197,47.96,57.4,79.8
2026-09-19 08:45:58,LUM-101,22.3,93.63,147.02,1.236,47.99,59.31,82.4
2026-09-19 08:46:08,LUM-101,22.26,93.7,150.48,1.317,47.92,63.09,87.8
2026-09-19 08:46:18,LUM-101,22.32,93.52,143.31,1.152,48.04,55.32,76.8
2026-09-19 08:46:28,LUM-101,22.28,93.82,154.48,1.404,48.02,67.4,93.6
2026-09-19 08:46:38,LUM-101,22.32,93.74,147.4,1.24,48.07,59.62,82.7
2026-09-19 08:46:48,LUM-101,22.27,93.68,145.86,1.209,47.98,57.98,80.6
2026-09-19 08:46:58,LUM-101,22.28,93.52,143.41,1.157,47.92,55.43,77.1
2026-09-19 08:47:08,LUM-101,22.34,93.39,145.86,1.214,48.03,58.3,80.9
2026-09-19 08:47:18,LUM-101,22.34,93.56,151.82,1.347,48.04,64.73,89.8
2026-09-19 08:47:28,LUM-101,22.35,93.8,154.11,1.398,47.93,67.01,93.2
2026-09-19 08:47:38,LUM-101,22.35,94.03,154.57,1.403,47.94,67.27,93.5
2026-09-19 08:47:48,LUM-101,22.32,94.33,156.91,1.446,48.08,69.53,96.4
2026-09-19 08:47:58,LUM-101,22.34,94.74,158.58,1.483,47.84,70.93,98.8
2026-09-19 08:48:08,LUM-101,22.18,94.84,152.07,1.32,48.17,63.6,88.0
2026-09-19 08:48:18,LUM-101,22.3,95.21,159.74,1.492,48.05,71.69,99.5
2026-09-19 08:48:28,LUM-101,22.33,95.11,149.26,1.252,48.04,60.16,83.5
2026-09-19 08:48:38,LUM-101,22.34,95.02,148.03,1.224,48.14,58.9,81.6
2026-09-19 08:48:48,LUM-101,22.23,94.57,140.94,1.074,47.97,51.53,71.6
2026-09-19 08:48:58,LUM-101,22.27,94.28,143.23,1.136,47.85,54.39,75.8
2026-09-19 08:49:08,LUM-101,22.27,94.71,159.21,1.489,48.14,71.67,99.3
2026-09-19 08:49:18,LUM-101,22.2,94.61,148.23,1.245,47.84,59.58,83.0
2026-09-19 08:49:28,LUM-101,22.28,94.46,146.75,1.215,47.81,58.11,81.0
2026-09-19 08:49:38,LUM-101,22.39,94.3,145.29,1.179,48.05,56.65,78.6
2026-09-19 08:49:48,LUM-101,22.26,94.48,153.46,1.362,48.12,65.54,90.8
2026-09-19 08:49:58,LUM-101,22.27,94.64,154.68,1.386,48.14,66.72,92.4
2026-09-19 08:50:08,LUM-101,22.38,94.69,150.53,1.294,47.94,62.04,86.3
2026-09-19 08:50:18,LUM-101,22.38,94.56,146.74,1.212,47.83,57.97,80.8
2026-09-19 08:50:28,LUM-101,22.27,94.46,146.16,1.193,48.14,57.45,79.6
2026-09-19 08:50:38,LUM-101,22.21,94.86,158.81,1.484,47.88,71.05,98.9
2026-09-19 08:50:48,LUM-101,22.2,95.14,156.59,1.418,48.16,68.29,94.5
2026-09-19 08:50:58,LUM-101,22.27,94.88,144.89,1.158,47.99,55.56,77.2
2026-09-19 08:51:08,LUM-101,22.37,94.51,141.05,1.079,47.91,51.71,72.0
2026-09-19 08:51:18,LUM-101,22.2,94.84,157.14,1.448,47.82,69.23,96.5
2026-09-19 08:51:28,LUM-101,22.21,95.19,159.57,1.489,48.03,71.54,99.3
2026-09-19 08:51:38,LUM-101,22.33,94.8,141.26,1.076,47.96,51.62,71.8
2026-09-19 08:51:48,LUM-101,22.39,94.43,140.75,1.07,48.12,51.47,71.3
2026-09-19 08:51:58,LUM-101,22.29,94.53,152.98,1.358,47.83,64.94,90.5
2026-09-19 08:52:08,LUM-101,22.37,94.78,154.52,1.381,48.06,66.38,92.1
2026-09-19 08:52:18,LUM-101,22.3,94.94,153.23,1.349,48.0,64.77,90.0
2026-09-19 08:52:28,LUM-101,22.35,94.71,144.11,1.14,48.14,54.89,76.0
2026-09-19 08:52:38,LUM-101,22.27,94.72,149.76,1.269,48.19,61.15,84.6
2026-09-19 08:52:48,LUM-101,22.37,94.4,142.36,1.109,48.06,53.29,73.9
2026-09-19 08:52:58,LUM-101,22.23,93.96,139.32,1.051,47.97,50.4,70.0
2026-09-19 08:53:08,LUM-101,22.38,94.15,153.8,1.379,48.05,66.28,92.0
2026-09-19 08:53:18,LUM-101,22.4,93.89,142.45,1.128,47.81,53.96,75.2
2026-09-19 08:53:28,LUM-101,22.41,94.17,155.32,1.418,47.9,67.94,94.6
2026-09-19 08:53:38,LUM-101,22.35,94.02,145.74,1.197,48.03,57.47,79.8
2026-09-19 08:53:48,LUM-101,22.3,93.78,144.1,1.169,47.81,55.91,78.0
2026-09-19 08:53:58,LUM-101,22.32,94.01,153.7,1.378,48.11,66.32,91.9
2026-09-19 08:54:08,LUM-101,22.41,94.05,149.41,1.283,47.95,61.51,85.5
2026-09-19 08:54:18,LUM-101,22.25,93.97,147.48,1.235,48.15,59.45,82.3
2026-09-19 08:54:28,LUM-101,22.4,94.2,153.93,1.383,47.99,66.37,92.2
2026-09-19 08:54:38,LUM-101,22.35,94.46,156.08,1.425,48.03,68.47,95.0
2026-09-19 08:54:48,LUM-101,22.29,94.7,156.14,1.425,47.92,68.27,95.0
2026-09-19 08:54:58,LUM-101,22.36,95.08,159.0,1.477,48.1,71.03,98.4
2026-09-19 08:55:08,LUM-101,22.36,95.29,154.93,1.381,48.01,66.28,92.0
2026-09-19 08:55:18,LUM-101,22.41,95.3,151.69,1.309,47.87,62.66,87.3
2026-09-19 08:55:28,LUM-101,22.25,95.33,151.72,1.305,48.02,62.66,87.0
2026-09-19 08:55:38,LUM-101,22.32,95.61,158.37,1.448,48.16,69.73,96.5
2026-09-19 08:55:48,LUM-101,22.36,95.57,151.46,1.29,48.14,62.1,86.0
2026-09-19 08:55:58,LUM-101,22.34,95.46,147.77,1.21,48.03,58.12,80.7
2026-09-19 08:56:08,LUM-101,22.33,95.12,143.69,1.122,48.11,53.96,74.8
2026-09-19 08:56:18,LUM-101,22.3,95.22,152.83,1.339,47.82,64.02,89.2
2026-09-19 08:56:28,LUM-101,22.36,94.88,143.22,1.115,48.16,53.71,74.4
2026-09-19 08:56:38,LUM-101,22.34,95.21,157.43,1.443,47.89,69.13,96.2
2026-09-19 08:56:48,LUM-101,22.33,95.49,157.83,1.446,47.91,69.26,96.4
2026-09-19 08:56:58,LUM-101,22.28,95.47,150.39,1.274,47.88,61.02,85.0
2026-09-19 08:57:08,LUM-101,22.26,95.27,147.54,1.209,48.04,58.07,80.6
2026-09-19 08:57:18,LUM-101,22.28,95.65,160.29,1.49,48.19,71.81,99.3
2026-09-19 08:57:28,LUM-101,22.36,95.57,149.27,1.239,48.14,59.67,82.6
2026-09-19 08:57:38,LUM-101,22.32,95.7,154.21,1.349,48.19,65.01,89.9
2026-09-19 08:57:48,LUM-101,22.27,95.67,151.06,1.279,48.13,61.54,85.2
2026-09-19 08:57:58,LUM-101,22.34,95.23,141.96,1.079,48.12,51.92,71.9
2026-09-19 08:58:08,LUM-101,22.29,95.39,153.51,1.343,48.1,64.58,89.5
2026-09-19 08:58:18,LUM-101,22.24,94.93,141.05,1.067,48.03,51.25,71.1
2026-09-19 08:58:28,LUM-101,22.41,95.13,154.69,1.383,47.86,66.19,92.2
2026-09-19 08:58:38,LUM-101,22.42,95.22,152.41,1.32,48.14,63.54,88.0
2026-09-19 08:58:48,LUM-101,22.38,95.09,148.56,1.237,48.02,59.4,82.5
2026-09-19 08:58:58,LUM-101,22.31,94.81,144.02,1.142,47.88,54.68,76.1
2026-09-19 08:59:08,LUM-101,22.44,95.08,155.95,1.403,48.19,67.64,93.6
2026-09-19 08:59:18,LUM-101,22.35,94.94,147.72,1.218,48.14,58.65,81.2
2026-09-19 08:59:28,LUM-101,22.3,95.15,155.32,1.394,47.97,66.85,92.9
2026-09-19 08:59:38,LUM-101,22.27,94.99,145.94,1.176,48.12,56.61,78.4
2026-09-19 08:59:48,LUM-101,22.28,95.37,159.85,1.493,48.0,71.65,99.5
2026-09-19 08:59:58,LUM-101,22.29,94.98,142.0,1.091,47.89,52.24,72.7
2026-09-19 09:00:08,LUM-101,22.29,95.2,156.07,1.412,47.91,67.64,94.1
2026-09-19 09:00:18,LUM-101,22.39,95.46,157.71,1.444,47.89,69.17,96.3
2026-09-19 09:00:28,LUM-101,22.3,95.43,151.31,1.297,47.88,62.1,86.5
2026-09-19 09:00:38,LUM-101,22.3,95.8,159.56,1.474,48.07,70.84,98.2
2026-09-19 09:00:48,LUM-101,22.39,95.78,151.72,1.291,48.16,62.16,86.0
2026-09-19 09:00:58,LUM-101,22.41,95.57,147.16,1.194,48.02,57.33,79.6
2026-09-19 09:01:08,LUM-101,22.36,95.16,140.52,1.054,47.81,50.4,70.3
2026-09-19 09:01:18,LUM-101,22.4,95.57,160.41,1.499,48.07,72.05,99.9
2026-09-19 09:01:28,LUM-101,22.35,95.24,144.31,1.14,47.81,54.51,76.0
2026-09-19 09:01:38,LUM-101,22.42,95.09,147.51,1.212,48.05,58.25,80.8
2026-09-19 09:01:48,LUM-101,22.36,94.71,140.46,1.058,48.04,50.84,70.5
2026-09-19 09:01:58,LUM-101,22.32,94.83,151.84,1.318,48.05,63.34,87.9
2026-09-19 09:02:08,LUM-101,22.39,94.52,141.87,1.092,48.2,52.61,72.8
2026-09-19 09:02:18,LUM-101,22.36,94.12,139.67,1.057,47.9,50.61,70.4
2026-09-19 09:02:28,LUM-101,22.29,93.89,144.22,1.165,48.0,55.92,77.7
2026-09-19 09:02:38,LUM-101,22.39,94.19,154.95,1.405,48.04,67.51,93.7
2026-09-19 09:02:48,LUM-101,22.35,94.62,158.07,1.473,47.87,70.5,98.2
2026-09-19 09:02:58,LUM-101,22.34,94.77,153.91,1.367,48.08,65.71,91.1
2026-09-19 09:03:08,LUM-101,22.45,94.5,142.34,1.108,47.98,53.15,73.9
2026-09-19 09:03:18,LUM-101,22.39,94.79,156.65,1.426,48.18,68.73,95.1
2026-09-19 09:03:28,LUM-101,22.3,94.94,153.1,1.35,47.86,64.63,90.0
2026-09-19 09:03:38,LUM-101,22.29,95.32,158.25,1.458,47.97,69.93,97.2
2026-09-19 09:03:48,LUM-101,22.39,94.93,141.54,1.077,48.09,51.79,71.8
2026-09-19 09:03:58,LUM-101,22.39,95.25,157.41,1.44,47.97,69.07,96.0
2026-09-19 09:04:08,LUM-101,22.38,95.08,146.31,1.189,47.86,56.93,79.3
2026-09-19 09:04:18,LUM-101,22.41,95.16,151.97,1.313,48.07,63.12,87.5
2026-09-19 09:04:28,LUM-101,22.35,95.04,146.91,1.199,48.07,57.63,79.9
2026-09-19 09:04:38,LUM-101,22.43,95.17,153.39,1.35,47.9,64.68,90.0
2026-09-19 09:04:48,LUM-101,22.46,94.72,140.14,1.056,47.81,50.46,70.4
2026-09-19 09:04:58,LUM-101,22.46,94.32,140.5,1.068,48.03,51.31,71.2
2026-09-19 09:05:08,LUM-101,22.45,93.98,141.51,1.096,48.17,52.81,73.1
2026-09-19 09:05:18,LUM-101,22.32,94.35,157.33,1.454,48.13,69.98,96.9
2026-09-19 09:05:28,LUM-101,22.35,94.43,149.84,1.287,47.84,61.57,85.8
2026-09-19 09:05:38,LUM-101,22.38,94.23,144.49,1.16,48.12,55.84,77.4
2026-09-19 09:05:48,LUM-101,22.47,94.39,152.77,1.35,48.04,64.87,90.0
2026-09-19 09:05:58,LUM-101,22.37,94.66,155.4,1.408,47.92,67.49,93.9
2026-09-19 09:06:08,LUM-101,22.37,94.78,153.34,1.358,47.93,65.07,90.5
2026-09-19 09:06:18,LUM-101,22.42,95.11,157.74,1.449,48.04,69.59,96.6
2026-09-19 09:06:28,LUM-101,22.46,95.45,157.91,1.447,47.96,69.39,96.5
2026-09-19 09:06:38,LUM-101,22.43,95.07,140.96,1.062,48.02,50.99,70.8
2026-09-19 09:06:48,LUM-101,22.33,95.03,148.23,1.231,48.01,59.1,82.1
2026-09-19 09:06:58,LUM-101,22.33,95.46,160.05,1.492,48.11,71.76,99.4
2026-09-19 09:07:08,LUM-101,22.35,95.33,148.19,1.219,48.17,58.73,81.3
2026-09-19 09:07:18,LUM-101,22.39,95.52,154.66,1.369,48.01,65.71,91.2
2026-09-19 09:07:28,LUM-101,22.44,95.69,155.58,1.387,47.98,66.54,92.5
2026-09-19 09:07:38,LUM-101,22.5,95.87,154.88,1.362,48.16,65.57,90.8
2026-09-19 09:07:48,LUM-101,22.45,95.76,149.5,1.249,47.81,59.71,83.3
2026-09-19 09:07:58,LUM-101,22.35,95.48,144.72,1.138,48.08,54.71,75.9
2026-09-19 09:08:08,LUM-101,22.39,95.11,141.15,1.067,47.94,51.16,71.1
2026-09-19 09:08:18,LUM-101,22.45,95.03,148.25,1.234,47.91,59.13,82.3
2026-09-19 09:08:28,LUM-101,22.41,95.17,152.46,1.324,48.07,63.66,88.3
2026-09-19 09:08:38,LUM-101,22.32,95.3,152.26,1.316,48.1,63.29,87.7
2026-09-19 09:08:48,LUM-101,22.47,95.53,156.36,1.405,48.09,67.58,93.7
2026-09-19 09:08:58,LUM-101,22.34,95.7,155.82,1.396,47.86,66.8,93.1
2026-09-19 09:09:08,LUM-101,22.41,95.4,145.19,1.153,47.97,55.32,76.9
2026-09-19 09:09:18,LUM-101,22.5,95.17,144.41,1.144,47.8,54.71,76.3
2026-09-19 09:09:28,LUM-101,22.4,95.51,159.07,1.471,48.02,70.62,98.0
2026-09-19 09:09:38,LUM-101,22.36,95.76,157.03,1.419,47.98,68.08,94.6
2026-09-19 09:09:48,LUM-101,22.41,95.95,154.77,1.359,48.1,65.35,90.6
2026-09-19 09:09:58,LUM-101,22.33,96.1,155.08,1.364,48.04,65.53,90.9
2026-09-19 09:10:08,LUM-101,22.46,95.8,145.31,1.147,47.96,55.02,76.5
2026-09-19 09:10:18,LUM-101,22.41,96.16,159.71,1.474,47.92,70.61,98.2
2026-09-19 09:10:28,LUM-101,22.49,95.87,144.64,1.132,47.89,54.19,75.4
2026-09-19 09:10:38,LUM-101,22.36,96.18,158.34,1.44,47.95,69.06,96.0
2026-09-19 09:10:48,LUM-101,22.35,96.02,147.94,1.201,48.04,57.69,80.1
2026-09-19 09:10:58,LUM-101,22.35,96.44,160.84,1.493,47.93,71.56,99.5
2026-09-19 09:11:08,LUM-101,22.52,95.99,142.7,1.083,47.91,51.91,72.2
2026-09-19 09:11:18,LUM-101,22.36,96.34,158.91,1.445,48.11,69.51,96.3
2026-09-19 09:11:28,LUM-101,22.47,96.35,151.21,1.268,48.08,60.95,84.5
2026-09-19 09:11:38,LUM-101,22.48,96.01,144.76,1.13,47.95,54.17,75.3
2026-09-19 09:11:48,LUM-101,22.35,95.86,148.09,1.205,48.14,58.02,80.4
2026-09-19 09:11:58,LUM-101,22.46,96.24,160.62,1.487,48.12,71.53,99.1
2026-09-19 09:12:08,LUM-101,22.51,96.57,158.9,1.443,48.0,69.26,96.2
2026-09-19 09:12:18,LUM-101,22.35,96.92,160.59,1.475,47.97,70.75,98.3
2026-09-19 09:12:28,LUM-101,22.5,96.71,148.59,1.196,48.19,57.64,79.7
2026-09-19 09:12:38,LUM-101,22.43,96.5,148.04,1.191,48.07,57.27,79.4
2026-09-19 09:12:48,LUM-101,22.41,96.79,158.77,1.432,48.07,68.86,95.5
2026-09-19 09:12:58,LUM-101,22.42,96.36,141.78,1.054,47.87,50.47,70.3
2026-09-19 09:13:08,LUM-101,22.51,96.67,158.51,1.427,48.14,68.72,95.2
2026-09-19 09:13:18,LUM-101,22.46,96.61,151.54,1.269,48.11,61.03,84.6
2026-09-19 09:13:28,LUM-101,22.5,96.45,149.57,1.233,47.87,59.02,82.2
2026-09-19 09:13:38,LUM-101,22.39,96.26,148.27,1.203,48.05,57.79,80.2
2026-09-19 09:13:48,LUM-101,22.42,96.06,146.85,1.179,47.85,56.43,78.6
2026-09-19 09:13:58,LUM-101,22.45,96.35,158.76,1.445,47.98,69.34,96.4
2026-09-19 09:14:08,LUM-101,22.38,95.97,142.78,1.086,47.88,52.01,72.4
2026-09-19 09:14:18,LUM-101,22.5,96.13,155.35,1.37,48.02,65.8,91.4
2026-09-19 09:14:28,LUM-101,22.4,96.11,151.41,1.276,48.16,61.44,85.0
2026-09-19 09:14:38,LUM-101,22.39,96.15,152.26,1.301,47.92,62.35,86.7
2026-09-19 09:14:48,LUM-101,22.42,95.9,146.7,1.177,47.95,56.45,78.5
2026-09-19 09:14:58,LUM-101,22.5,96.27,159.03,1.455,47.93,69.74,97.0
2026-09-19 09:15:08,LUM-101,22.37,95.98,145.0,1.137,47.9,54.47,75.8
2026-09-19 09:15:18,LUM-101,22.47,96.35,159.07,1.455,47.89,69.69,97.0
2026-09-19 09:15:28,LUM-101,22.38,96.32,150.31,1.252,47.89,59.99,83.5
2026-09-19 09:15:38,LUM-101,22.41,95.98,143.55,1.103,47.91,52.86,73.6
2026-09-19 09:15:48,LUM-101,22.49,96.35,160.71,1.485,48.16,71.51,99.0
2026-09-19 09:15:58,LUM-101,22.37,96.38,153.05,1.313,47.96,62.96,87.5
2026-09-19 09:16:08,LUM-101,22.47,96.17,146.36,1.159,48.13,55.76,77.2
2026-09-19 09:16:18,LUM-101,22.44,96.25,153.48,1.324,48.01,63.59,88.3
2026-09-19 09:16:28,LUM-101,22.46,96.33,154.23,1.343,47.91,64.33,89.5
2026-09-19 09:16:38,LUM-101,22.46,95.93,142.7,1.084,47.96,51.97,72.2
2026-09-19 09:16:48,LUM-101,22.52,96.25,158.03,1.428,48.08,68.65,95.2
2026-09-19 09:16:58,LUM-101,22.38,96.22,151.22,1.271,48.07,61.11,84.8
2026-09-19 09:17:08,LUM-101,22.56,96.12,148.97,1.227,47.85,58.72,81.8
2026-09-19 09:17:18,LUM-101,22.53,96.23,153.51,1.326,48.0,63.65,88.4
2026-09-19 09:17:28,LUM-101,22.37,95.92,144.1,1.117,47.9,53.53,74.5
2026-09-19 09:17:38,LUM-101,22.55,95.58,143.39,1.109,47.9,53.13,73.9
2026-09-19 09:17:48,LUM-101,22.38,95.53,149.35,1.246,47.98,59.79,83.1
2026-09-19 09:17:58,LUM-101,22.53,95.45,149.51,1.249,48.08,60.07,83.3
2026-09-19 09:18:08,LUM-101,22.55,95.69,155.38,1.379,48.11,66.33,91.9
2026-09-19 09:18:18,LUM-101,22.49,95.52,146.3,1.172,48.16,56.42,78.1
2026-09-19 09:18:28,LUM-101,22.49,95.6,152.23,1.314,47.89,62.93,87.6
2026-09-19 09:18:38,LUM-101,22.44,95.35,143.56,1.118,47.93,53.57,74.5
2026-09-19 09:18:48,LUM-101,22.51,95.17,145.18,1.16,47.9,55.57,77.3
2026-09-19 09:18:58,LUM-101,22.46,95.33,153.19,1.345,47.81,64.28,89.6
2026-09-19 09:19:08,LUM-101,22.39,95.69,159.6,1.476,48.12,71.01,98.4
2026-09-19 09:19:18,LUM-101,22.46,95.81,152.73,1.316,48.04,63.25,87.8
2026-09-19 09:19:28,LUM-101,22.45,95.76,148.85,1.233,47.84,58.99,82.2
2026-09-19 09:19:38,LUM-101,22.54,96.19,160.01,1.476,48.03,70.91,98.4
2026-09-19 09:19:48,LUM-101,22.55,96.45,156.71,1.396,47.98,66.96,93.0
2026-09-19 09:19:58,LUM-101,22.44,96.43,150.85,1.26,47.98,60.46,84.0
2026-09-19 09:20:08,LUM-101,22.58,96.52,154.89,1.347,48.15,64.86,89.8
2026-09-19 09:20:18,LUM-101,22.43,96.24,145.92,1.153,47.86,55.2,76.9
2026-09-19 09:20:28,LUM-101,22.39,95.88,143.54,1.103,48.02,52.96,73.5
2026-09-19 09:20:38,LUM-101,22.47,95.65,144.85,1.135,48.16,54.67,75.7
2026-09-19 09:20:48,LUM-101,22.49,95.58,148.77,1.233,47.92,59.1,82.2
2026-09-19 09:20:58,LUM-101,22.56,95.3,143.06,1.107,47.93,53.07,73.8
2026-09-19 09:21:08,LUM-101,22.49,95.16,146.51,1.185,48.13,57.06,79.0
2026-09-19 09:21:18,LUM-101,22.52,95.47,157.84,1.442,48.07,69.3,96.1
2026-09-19 09:21:28,LUM-101,22.47,95.19,144.74,1.15,47.87,55.05,76.7
2026-09-19 09:21:38,LUM-101,22.4,95.45,156.22,1.406,48.03,67.52,93.7
2026-09-19 09:21:48,LUM-101,22.52,95.67,155.73,1.395,47.83,66.74,93.0
2026-09-19 09:21:58,LUM-101,22.59,95.49,145.31,1.156,47.87,55.35,77.1
2026-09-19 09:22:08,LUM-101,22.42,95.81,158.23,1.442,48.09,69.36,96.2
2026-09-19 09:22:18,LUM-101,22.47,96.06,156.6,1.401,48.02,67.26,93.4
2026-09-19 09:22:28,LUM-101,22.6,95.74,143.82,1.111,48.09,53.43,74.1
2026-09-19 09:22:38,LUM-101,22.45,95.4,143.73,1.121,47.89,53.7,74.8
2026-09-19 09:22:48,LUM-101,22.45,95.07,142.46,1.097,47.99,52.66,73.2
2026-09-19 09:22:58,LUM-101,22.44,94.97,147.09,1.208,47.94,57.92,80.5
2026-09-19 09:23:08,LUM-101,22.49,95.44,159.5,1.488,47.83,71.18,99.2
2026-09-19 09:23:18,LUM-101,22.48,95.23,145.18,1.156,48.0,55.49,77.1
2026-09-19 09:23:28,LUM-101,22.5,95.2,148.3,1.227,48.1,59.0,81.8
2026-09-19 09:23:38,LUM-101,22.5,95.03,144.5,1.149,47.85,54.97,76.6
2026-09-19 09:23:48,LUM-101,22.44,95.2,152.88,1.341,47.8,64.09,89.4
2026-09-19 09:23:58,LUM-101,22.46,95.22,149.46,1.253,48.09,60.27,83.6
2026-09-19 09:24:08,LUM-101,22.43,95.36,153.49,1.35,47.83,64.58,90.0
2026-09-19 09:24:18,LUM-101,22.53,95.07,143.2,1.112,48.1,53.49,74.1
2026-09-19 09:24:28,LUM-101,22.53,95.16,151.84,1.307,48.17,62.97,87.2
2026-09-19 09:24:38,LUM-101,22.51,95.46,156.69,1.418,47.99,68.03,94.5
2026-09-19 09:24:48,LUM-101,22.53,95.72,157.2,1.424,47.99,68.31,94.9
2026-09-19 09:24:58,LUM-101,22.57,95.73,150.72,1.272,48.02,61.11,84.8
2026-09-19 09:25:08,LUM-101,22.45,96.01,157.35,1.42,48.0,68.15,94.6
2026-09-19 09:25:18,LUM-101,22.51,96.25,155.68,1.373,48.1,66.03,91.5
2026-09-19 09:25:28,LUM-101,22.46,96.24,152.38,1.298,48.04,62.37,86.6
2026-09-19 09:25:38,LUM-101,22.49,96.05,146.9,1.179,47.93,56.5,78.6
2026-09-19 09:25:48,LUM-101,22.58,95.63,141.19,1.052,48.14,50.63,70.1
2026-09-19 09:25:58,LUM-101,22.48,95.99,158.37,1.445,47.95,69.3,96.4
2026-09-19 09:26:08,LUM-101,22.56,95.55,141.51,1.062,48.08,51.07,70.8
2026-09-19 09:26:18,LUM-101,22.62,95.34,144.25,1.132,48.01,54.34,75.5
2026-09-19 09:26:28,LUM-101,22.55,95.55,153.67,1.343,48.09,64.58,89.5
2026-09-19 09:26:38,LUM-101,22.57,95.22,142.44,1.091,48.09,52.47,72.7
2026-09-19 09:26:48,LUM-101,22.61,95.39,152.87,1.33,48.01,63.87,88.7
2026-09-19 09:26:58,LUM-101,22.5,95.19,144.76,1.15,47.91,55.08,76.6
2026-09-19 09:27:08,LUM-101,22.6,95.48,155.62,1.395,47.89,66.82,93.0
2026-09-19 09:27:18,LUM-101,22.57,95.33,146.68,1.186,48.1,57.06,79.1
2026-09-19 09:27:28,LUM-101,22.45,95.57,155.59,1.384,48.19,66.68,92.3
2026-09-19 09:27:38,LUM-101,22.48,95.16,140.99,1.065,47.83,50.93,71.0
2026-09-19 09:27:48,LUM-101,22.51,95.2,149.82,1.263,48.05,60.69,84.2
2026-09-19 09:27:58,LUM-101,22.53,94.91,142.7,1.109,47.9,53.1,73.9
2026-09-19 09:28:08,LUM-101,22.64,94.59,141.68,1.087,48.15,52.31,72.4
2026-09-19 09:28:18,LUM-101,22.61,94.55,147.29,1.219,48.06,58.59,81.3
2026-09-19 09:28:28,LUM-101,22.63,94.54,148.77,1.257,47.92,60.25,83.8
2026-09-19 09:28:38,LUM-101,22.52,94.33,143.61,1.139,48.09,54.75,75.9
2026-09-19 09:28:48,LUM-101,22.59,94.19,143.99,1.152,48.03,55.33,76.8
2026-09-19 09:28:58,LUM-101,22.6,94.15,147.01,1.225,47.95,58.73,81.7
2026-09-19 09:29:08,LUM-101,22.49,94.38,153.63,1.366,48.19,65.83,91.1
2026-09-19 09:29:18,LUM-101,22.57,94.35,146.15,1.198,48.06,57.55,79.8
2026-09-19 09:29:28,LUM-101,22.56,94.08,140.8,1.079,48.09,51.91,72.0
2026-09-19 09:29:38,LUM-101,22.49,94.22,150.94,1.316,47.89,63.02,87.7
2026-09-19 09:29:48,LUM-101,22.58,93.92,140.87,1.088,47.97,52.17,72.5
2026-09-19 09:29:58,LUM-101,22.53,94.24,154.95,1.4,48.16,67.45,93.4
2026-09-19 09:30:08,LUM-101,22.66,94.55,154.06,1.376,48.05,66.12,91.7
2026-09-19 09:30:18,LUM-101,22.52,94.86,156.62,1.43,47.99,68.62,95.3
2026-09-19 09:30:28,LUM-101,22.66,95.37,159.51,1.481,48.14,71.27,98.7
2026-09-19 09:30:38,LUM-101,22.55,95.02,141.6,1.075,48.13,51.75,71.7
2026-09-19 09:30:48,LUM-101,22.53,94.71,141.34,1.077,48.11,51.82,71.8
2026-09-19 09:30:58,LUM-101,22.47,94.5,142.91,1.119,48.09,53.79,74.6
2026-09-19 09:31:08,LUM-101,22.63,94.91,157.17,1.436,48.16,69.17,95.8
2026-09-19 09:31:18,LUM-101,22.57,95.38,159.51,1.49,47.83,71.26,99.3
2026-09-19 09:31:28,LUM-101,22.53,94.98,141.04,1.064,48.1,51.17,70.9
2026-09-19 09:31:38,LUM-101,22.62,94.56,140.15,1.052,48.15,50.66,70.1
2026-09-19 09:31:48,LUM-101,22.51,95.01,158.97,1.477,48.13,71.08,98.4
2026-09-19 09:31:58,LUM-101,22.58,95.25,154.12,1.366,47.87,65.41,91.1
2026-09-19 09:32:08,LUM-101,22.55,94.84,140.72,1.063,47.95,50.98,70.9
2026-09-19 09:32:18,LUM-101,22.59,95.23,158.05,1.451,48.1,69.79,96.7
2026-09-19 09:32:28,LUM-101,22.54,95.34,150.86,1.28,48.18,61.69,85.4
2026-09-19 09:32:38,LUM-101,22.56,95.07,142.44,1.093,48.18,52.64,72.8
2026-09-19 09:32:48,LUM-101,22.54,94.74,142.18,1.094,48.16,52.7,73.0
2026-09-19 09:32:58,LUM-101,22.5,95.0,155.22,1.389,48.19,66.91,92.6
2026-09-19 09:33:08,LUM-101,22.59,95.26,156.21,1.412,47.97,67.72,94.1
2026-09-19 09:33:18,LUM-101,22.62,95.32,149.9,1.26,48.12,60.65,84.0
2026-09-19 09:33:28,LUM-101,22.6,95.24,147.44,1.21,47.94,58.0,80.7
2026-09-19 09:33:38,LUM-101,22.66,95.51,155.64,1.39,48.08,66.81,92.6
2026-09-19 09:33:48,LUM-101,22.55,95.15,142.11,1.084,48.14,52.18,72.3
2026-09-19 09:33:58,LUM-101,22.55,95.03,145.54,1.165,48.17,56.13,77.7
2026-09-19 09:34:08,LUM-101,22.53,94.9,146.7,1.198,48.03,57.56,79.9
2026-09-19 09:34:18,LUM-101,22.59,95.14,155.13,1.383,48.18,66.65,92.2
2026-09-19 09:34:28,LUM-101,22.65,95.03,147.05,1.207,47.89,57.8,80.5
2026-09-19 09:34:38,LUM-101,22.67,94.66,140.67,1.065,47.98,51.12,71.0
2026-09-19 09:34:48,LUM-101,22.63,94.98,156.8,1.434,47.89,68.68,95.6
2026-09-19 09:34:58,LUM-101,22.59,95.45,159.85,1.495,47.85,71.55,99.7
2026-09-19 09:35:08,LUM-101,22.6,95.11,142.48,1.096,48.04,52.63,73.0
2026-09-19 09:35:18,LUM-101,22.68,95.34,154.69,1.37,48.14,65.94,91.3
2026-09-19 09:35:28,LUM-101,22.68,95.14,145.7,1.17,47.99,56.17,78.0
2026-09-19 09:35:38,LUM-101,22.63,95.42,155.81,1.393,48.18,67.11,92.9
2026-09-19 09:35:48,LUM-101,22.51,95.22,145.88,1.172,48.04,56.29,78.1
2026-09-19 09:35:58,LUM-101,22.6,95.07,144.81,1.149,48.12,55.27,76.6
2026-09-19 09:36:08,LUM-101,22.69,94.99,146.7,1.197,48.02,57.46,79.8
2026-09-19 09:36:18,LUM-101,22.52,94.91,147.98,1.23,47.93,58.97,82.0
2026-09-19 09:36:28,LUM-101,22.63,94.71,145.25,1.168,48.08,56.15,77.9
2026-09-19 09:36:38,LUM-101,22.58,95.12,157.17,1.441,47.83,68.95,96.1
2026-09-19 09:36:48,LUM-101,22.6,95.41,155.16,1.382,48.02,66.38,92.2
2026-09-19 09:36:58,LUM-101,22.61,95.22,145.63,1.171,47.84,56.01,78.1
2026-09-19 09:37:08,LUM-101,22.52,95.4,153.07,1.339,47.84,64.08,89.3
2026-09-19 09:37:18,LUM-101,22.71,95.62,154.33,1.36,47.98,65.23,90.6
2026-09-19 09:37:28,LUM-101,22.71,95.3,142.71,1.096,48.07,52.67,73.0
2026-09-19 09:37:38,LUM-101,22.58,95.18,146.49,1.19,47.91,57.01,79.3
2026-09-19 09:37:48,LUM-101,22.55,95.66,159.39,1.479,47.88,70.81,98.6
2026-09-19 09:37:58,LUM-101,22.63,95.73,151.48,1.293,47.93,61.95,86.2
2026-09-19 09:38:08,LUM-101,22.54,95.55,144.92,1.144,47.97,54.86,76.2
2026-09-19 09:38:18,LUM-101,22.6,95.64,152.92,1.324,48.09,63.65,88.2
2026-09-19 09:38:28,LUM-101,22.57,95.37,143.22,1.105,48.13,53.18,73.6
2026-09-19 09:38:38,LUM-101,22.7,95.79,158.0,1.437,48.09,69.12,95.8
2026-09-19 09:38:48,LUM-101,22.65,96.21,160.2,1.483,47.94,71.1,98.9
2026-09-19 09:38:58,LUM-101,22.6,96.16,149.31,1.229,48.05,59.06,81.9
2026-09-19 09:39:08,LUM-101,22.64,95.73,141.55,1.061,47.98,50.91,70.7
2026-09-19 09:39:18,LUM-101,22.68,95.44,143.66,1.114,48.09,53.57,74.3
2026-09-19 09:39:28,LUM-101,22.66,95.91,160.65,1.496,48.08,71.93,99.7
2026-09-19 09:39:38,LUM-101,22.54,95.97,152.31,1.3,48.16,62.61,86.7
2026-09-19 09:39:48,LUM-101,22.65,96.22,157.34,1.418,47.9,67.91,94.5
2026-09-19 09:39:58,LUM-101,22.67,96.47,156.65,1.396,47.9,66.87,93.1
2026-09-19 09:40:08,LUM-101,22.62,96.76,158.21,1.418,48.14,68.28,94.6
2026-09-19 09:40:18,LUM-101,22.55,97.18,161.4,1.489,47.93,71.35,99.3
2026-09-19 09:40:28,LUM-101,22.6,96.86,144.54,1.105,47.94,52.99,73.7
2026-09-19 09:40:38,LUM-101,22.58,96.41,142.64,1.07,47.99,51.36,71.3
2026-09-19 09:40:48,LUM-101,22.62,96.55,153.33,1.319,47.84,63.1,87.9
2026-09-19 09:40:58,LUM-101,22.6,96.72,156.02,1.375,47.92,65.89,91.7
2026-09-19 09:41:08,LUM-101,22.56,96.76,153.25,1.304,48.11,62.76,87.0
2026-09-19 09:41:18,LUM-101,22.61,97.1,160.31,1.469,47.8,70.23,98.0
2026-09-19 09:41:28,LUM-101,22.73,97.31,158.16,1.41,47.97,67.61,94.0
2026-09-19 09:41:38,LUM-101,22.68,96.88,143.3,1.078,47.85,51.59,71.9
2026-09-19 09:41:48,LUM-101,22.62,97.15,159.25,1.439,47.95,69.01,95.9
2026-09-19 09:41:58,LUM-101,22.73,96.73,142.35,1.052,48.18,50.69,70.1
2026-09-19 09:42:08,LUM-101,22.6,96.91,155.1,1.342,48.18,64.66,89.5
2026-09-19 09:42:18,LUM-101,22.57,96.61,145.68,1.14,47.84,54.53,76.0
2026-09-19 09:42:28,LUM-101,22.66,96.72,154.64,1.338,48.11,64.36,89.2
2026-09-19 09:42:38,LUM-101,22.67,96.57,148.29,1.196,48.06,57.47,79.7
2026-09-19 09:42:48,LUM-101,22.56,96.79,155.83,1.363,48.12,65.61,90.9
2026-09-19 09:42:58,LUM-101,22.67,97.12,158.96,1.437,47.82,68.71,95.8
2026-09-19 09:43:08,LUM-101,22.63,97.51,162.46,1.498,48.18,72.17,99.9
2026-09-19 09:43:18,LUM-101,22.65,97.43,151.1,1.247,47.81,59.62,83.1
2026-09-19 09:43:28,LUM-101,22.69,97.4,151.92,1.266,47.85,60.58,84.4
2026-09-19 09:43:38,LUM-101,22.67,97.25,149.91,1.216,48.1,58.51,81.1
2026-09-19 09:43:48,LUM-101,22.65,97.62,162.0,1.486,48.13,71.53,99.1
2026-09-19 09:43:58,LUM-101,22.66,97.99,161.55,1.474,47.91,70.62,98.3
2026-09-19 09:44:08,LUM-101,22.6,98.27,160.22,1.439,47.85,68.83,95.9
2026-09-19 09:44:18,LUM-101,22.66,97.96,145.99,1.112,47.99,53.37,74.1
2026-09-19 09:44:28,LUM-101,22.77,97.85,151.82,1.254,47.81,59.97,83.6
2026-09-19 09:44:38,LUM-101,22.66,97.55,147.06,1.147,47.96,55.0,76.5
2026-09-19 09:44:48,LUM-101,22.6,97.69,156.3,1.358,47.95,65.12,90.5
2026-09-19 09:44:58,LUM-101,22.58,97.81,155.9,1.34,48.16,64.55,89.3
2026-09-19 09:45:08,LUM-101,22.62,98.01,158.89,1.407,48.09,67.65,93.8
2026-09-19 09:45:18,LUM-101,22.64,98.15,156.19,1.343,48.03,64.48,89.5
2026-09-19 09:45:28,LUM-101,22.78,97.79,145.03,1.09,48.17,52.49,72.6
2026-09-19 09:45:38,LUM-101,22.59,97.93,156.22,1.347,48.08,64.77,89.8
2026-09-19 09:45:48,LUM-101,22.63,97.58,145.81,1.114,48.13,53.59,74.2
2026-09-19 09:45:58,LUM-101,22.76,97.67,154.36,1.308,48.14,62.98,87.2
2026-09-19 09:46:08,LUM-101,22.66,97.35,146.09,1.128,48.02,54.16,75.2
2026-09-19 09:46:18,LUM-101,22.64,97.13,146.88,1.148,48.17,55.28,76.5
2026-09-19 09:46:28,LUM-101,22.72,96.96,147.09,1.156,48.2,55.7,77.0
2026-09-19 09:46:38,LUM-101,22.66,97.34,160.02,1.456,47.82,69.65,97.1
2026-09-19 09:46:48,LUM-101,22.59,97.39,154.24,1.317,47.98,63.17,87.8
2026-09-19 09:46:58,LUM-101,22.68,97.73,160.89,1.457,48.18,70.18,97.1
2026-09-19 09:47:08,LUM-101,22.7,97.39,145.63,1.113,48.14,53.59,74.2
2026-09-19 09:47:18,LUM-101,22.74,97.34,151.24,1.251,47.87,59.89,83.4
2026-09-19 09:47:28,LUM-101,22.63,96.99,144.26,1.095,47.98,52.52,73.0
2026-09-19 09:47:38,LUM-101,22.73,96.93,150.35,1.232,48.18,59.36,82.1
2026-09-19 09:47:48,LUM-101,22.71,96.98,151.94,1.268,48.17,61.06,84.5
2026-09-19 09:47:58,LUM-101,22.63,96.88,150.52,1.241,48.0,59.59,82.8
2026-09-19 09:48:08,LUM-101,22.69,97.08,155.61,1.351,48.15,65.03,90.0
2026-09-19 09:48:18,LUM-101,22.8,97.24,156.43,1.367,48.12,65.77,91.1
2026-09-19 09:48:28,LUM-101,22.72,97.61,160.08,1.452,47.8,69.4,96.8
2026-09-19 09:48:38,LUM-101,22.62,97.53,151.86,1.255,48.1,60.37,83.7
2026-09-19 09:48:48,LUM-101,22.66,97.46,150.01,1.215,48.05,58.39,81.0
2026-09-19 09:48:58,LUM-101,22.71,97.34,148.98,1.191,48.17,57.37,79.4
2026-09-19 09:49:08,LUM-101,22.65,97.6,158.32,1.402,48.11,67.47,93.5
2026-09-19 09:49:18,LUM-101,22.8,97.24,144.21,1.089,47.93,52.19,72.6
2026-09-19 09:49:28,LUM-101,22.72,97.56,160.58,1.454,48.16,70.02,96.9
2026-09-19 09:49:38,LUM-101,22.7,97.38,149.74,1.212,48.0,58.17,80.8
2026-09-19 09:49:48,LUM-101,22.8,97.82,162.06,1.493,47.82,71.38,99.5
2026-09-19 09:49:58,LUM-101,22.73,97.51,146.42,1.129,48.15,54.34,75.2
2026-09-19 09:50:08,LUM-101,22.81,97.18,144.5,1.092,48.14,52.58,72.8
2026-09-19 09:50:18,LUM-101,22.74,97.44,158.37,1.41,48.03,67.7,94.0
2026-09-19 09:50:28,LUM-101,22.63,97.9,162.42,1.488,48.19,71.68,99.2
2026-09-19 09:50:38,LUM-101,22.73,97.78,149.98,1.212,47.85,57.99,80.8
2026-09-19 09:50:48,LUM-101,22.74,97.64,149.65,1.202,48.06,57.79,80.2
2026-09-19 09:50:58,LUM-101,22.79,97.88,157.6,1.379,48.13,66.36,91.9
2026-09-19 09:51:08,LUM-101,22.78,97.69,147.71,1.159,47.96,55.58,77.3
2026-09-19 09:51:18,LUM-101,22.65,97.59,151.02,1.234,48.12,59.36,82.2
2026-09-19 09:51:28,LUM-101,22.77,97.28,146.28,1.136,47.92,54.45,75.8
2026-09-19 09:51:38,LUM-101,22.66,97.12,148.1,1.176,48.18,56.65,78.4
2026-09-19 09:51:48,LUM-101,22.74,96.88,145.95,1.132,48.16,54.53,75.5
2026-09-19 09:51:58,LUM-101,22.66,97.01,154.35,1.331,47.86,63.72,88.8
2026-09-19 09:52:08,LUM-101,22.7,97.36,159.51,1.44,47.96,69.05,96.0
2026-09-19 09:52:18,LUM-101,22.67,97.19,148.15,1.177,48.12,56.63,78.5
2026-09-19 09:52:28,LUM-101,22.65,97.22,153.29,1.296,48.05,62.3,86.4
2026-09-19 09:52:38,LUM-101,22.83,97.08,148.54,1.188,48.15,57.18,79.2
2026-09-19 09:52:48,LUM-101,22.7,96.67,142.58,1.063,47.99,51.01,70.9
2026-09-19 09:52:58,LUM-101,22.79,96.97,159.1,1.442,47.88,69.03,96.1
2026-09-19 09:53:08,LUM-101,22.66,96.96,150.47,1.241,47.92,59.45,82.7
2026-09-19 09:53:18,LUM-101,22.73,97.34,161.25,1.476,48.09,71.0,98.4
2026-09-19 09:53:28,LUM-101,22.76,97.3,150.89,1.236,48.19,59.55,82.4
2026-09-19 09:53:38,LUM-101,22.77,96.89,142.48,1.052,48.14,50.65,70.1
2026-09-19 09:53:48,LUM-101,22.71,96.81,150.31,1.243,47.81,59.44,82.9
2026-09-19 09:53:58,LUM-101,22.71,97.2,159.33,1.444,47.8,69.04,96.3
2026-09-19 09:54:08,LUM-101,22.73,96.74,142.34,1.055,48.03,50.66,70.3
2026-09-19 09:54:18,LUM-101,22.74,97.15,159.78,1.448,48.06,69.59,96.5
2026-09-19 09:54:28,LUM-101,22.83,97.21,152.47,1.28,47.97,61.4,85.3
2026-09-19 09:54:38,LUM-101,22.76,96.9,144.32,1.095,48.13,52.69,73.0
2026-09-19 09:54:48,LUM-101,22.73,96.74,148.67,1.199,48.13,57.71,79.9
2026-09-19 09:54:58,LUM-101,22.79,97.18,160.26,1.466,47.8,70.09,97.7
2026-09-19 09:55:08,LUM-101,22.71,96.99,148.64,1.198,47.89,57.39,79.9
2026-09-19 09:55:18,LUM-101,22.85,96.93,149.63,1.218,48.08,58.55,81.2
2026-09-19 09:55:28,LUM-101,22.8,97.17,157.59,1.404,47.82,67.13,93.6
2026-09-19 09:55:38,LUM-101,22.67,97.09,150.27,1.231,48.0,59.09,82.1
2026-09-19 09:55:48,LUM-101,22.78,97.28,156.08,1.366,47.84,65.34,91.1
2026-09-19 09:55:58,LUM-101,22.78,97.38,153.79,1.307,47.97,62.67,87.1
2026-09-19 09:56:08,LUM-101,22.8,97.45,154.51,1.321,48.01,63.39,88.0
2026-09-19 09:56:18,LUM-101,22.68,97.4,152.09,1.262,48.14,60.77,84.2
2026-09-19 09:56:28,LUM-101,22.8,97.04,144.84,1.11,47.82,53.11,74.0
2026-09-19 09:56:38,LUM-101,22.83,97.19,154.94,1.333,48.12,64.17,88.9
2026-09-19 09:56:48,LUM-101,22.87,97.1,148.98,1.199,48.08,57.64,79.9
2026-09-19 09:56:58,LUM-101,22.76,97.06,150.7,1.242,48.01,59.61,82.8
2026-09-19 09:57:08,LUM-101,22.88,97.34,157.42,1.389,48.08,66.76,92.6
2026-09-19 09:57:18,LUM-101,22.69,97.05,146.11,1.136,48.0,54.51,75.7
2026-09-19 09:57:28,LUM-101,22.74,97.45,160.42,1.452,48.17,69.96,96.8
2026-09-19 09:57:38,LUM-101,22.72,97.23,146.02,1.133,47.85,54.22,75.5
2026-09-19 09:57:48,LUM-101,22.81,97.39,155.49,1.344,48.04,64.56,89.6
2026-09-19 09:57:58,LUM-101,22.71,97.49,153.98,1.306,48.06,62.77,87.1
2026-09-19 09:58:08,LUM-101,22.74,97.34,149.23,1.197,48.18,57.66,79.8
2026-09-19 09:58:18,LUM-101,22.81,97.71,161.35,1.471,48.06,70.7,98.1
2026-09-19 09:58:28,LUM-101,22.76,97.52,148.21,1.173,48.0,56.32,78.2
2026-09-19 09:58:38,LUM-101,22.82,97.17,145.06,1.106,48.1,53.21,73.8
2026-09-19 09:58:48,LUM-101,22.79,96.86,145.55,1.127,48.01,54.1,75.1
2026-09-19 09:58:58,LUM-101,22.77,96.86,150.91,1.252,47.97,60.06,83.5
2026-09-19 09:59:08,LUM-101,22.73,96.52,144.42,1.111,47.91,53.22,74.1
2026-09-19 09:59:18,LUM-101,22.78,96.53,151.7,1.278,47.96,61.3,85.2
2026-09-19 09:59:28,LUM-101,22.82,96.69,154.54,1.344,47.84,64.28,89.6
2026-09-19 09:59:38,LUM-101,22.76,96.83,153.53,1.311,48.04,63.01,87.4
2026-09-19 09:59:48,LUM-101,22.71,96.93,152.68,1.295,47.82,61.94,86.3
2026-09-19 09:59:58,LUM-101,22.88,96.62,144.46,1.104,48.14,53.15,73.6
2026-09-19 10:00:08,LUM-101,22.91,96.63,150.07,1.236,48.05,59.38,82.4
2026-09-19 10:00:18,LUM-101,22.91,96.62,150.21,1.238,48.09,59.55,82.5
2026-09-19 10:00:28,LUM-101,22.89,96.26,142.32,1.07,47.84,51.18,71.3
2026-09-19 10:00:38,LUM-101,22.89,96.59,157.58,1.414,47.92,67.77,94.3
2026-09-19 10:00:48,LUM-101,22.74,96.92,157.78,1.411,47.94,67.62,94.0
2026-09-19 10:00:58,LUM-101,22.72,97.35,160.73,1.468,47.96,70.42,97.9
2026-09-19 10:01:08,LUM-101,22.9,96.98,142.81,1.058,48.12,50.92,70.6
2026-09-19 10:01:18,LUM-101,22.88,96.88,150.08,1.227,48.16,59.11,81.8
2026-09-19 10:01:28,LUM-101,22.74,96.5,142.39,1.059,48.16,50.99,70.6
2026-09-19 10:01:38,LUM-101,22.9,96.67,154.35,1.339,47.87,64.09,89.3
2026-09-19 10:01:48,LUM-101,22.77,96.5,146.23,1.148,48.12,55.25,76.5
2026-09-19 10:01:58,LUM-101,22.88,96.43,148.33,1.205,47.87,57.67,80.3
2026-09-19 10:02:08,LUM-101,22.88,96.94,161.1,1.486,47.98,71.29,99.1
2026-09-19 10:02:18,LUM-101,22.77,97.22,157.86,1.399,48.17,67.38,93.2
2026-09-19 10:02:28,LUM-101,22.74,96.85,144.18,1.095,48.02,52.6,73.0
2026-09-19 10:02:38,LUM-101,22.82,96.82,149.72,1.225,47.97,58.77,81.7
2026-09-19 10:02:48,LUM-101,22.74,97.01,154.39,1.334,47.81,63.75,88.9
2026-09-19 10:02:58,LUM-101,22.93,97.48,161.8,1.492,47.89,71.47,99.5
2026-09-19 10:03:08,LUM-101,22.76,97.75,158.87,1.412,48.11,67.92,94.1
2026-09-19 10:03:18,LUM-101,22.86,97.62,149.8,1.212,47.83,57.98,80.8
2026-09-19 10:03:28,LUM-101,22.91,97.22,143.76,1.078,47.98,51.71,71.9
2026-09-19 10:03:38,LUM-101,22.8,97.57,160.02,1.441,48.13,69.38,96.1
2026-09-19 10:03:48,LUM-101,22.75,97.23,144.88,1.103,47.99,52.94,73.5
2026-09-19 10:03:58,LUM-101,22.84,97.08,147.69,1.174,47.92,56.24,78.2
2026-09-19 10:04:08,LUM-101,22.87,97.41,159.02,1.432,47.81,68.45,95.5
2026-09-19 10:04:18,LUM-101,22.89,97.73,159.15,1.426,47.85,68.24,95.1
2026-09-19 10:04:28,LUM-101,22.8,97.51,146.54,1.132,48.15,54.49,75.4
2026-09-19 10:04:38,LUM-101,22.78,97.27,146.07,1.126,48.16,54.22,75.0
2026-09-19 10:04:48,LUM-101,22.8,97.59,159.1,1.422,48.07,68.34,94.8
2026-09-19 10:04:58,LUM-101,22.87,97.82,157.49,1.382,47.99,66.3,92.1
2026-09-19 10:05:08,LUM-101,22.88,97.56,146.32,1.131,47.93,54.19,75.4
2026-09-19 10:05:18,LUM-101,22.81,97.3,147.32,1.159,47.95,55.57,77.3
2026-09-19 10:05:28,LUM-101,22.9,97.45,155.86,1.353,47.97,64.9,90.2
2026-09-19 10:05:38,LUM-101,22.91,97.82,160.34,1.444,48.09,69.46,96.3
2026-09-19 10:05:48,LUM-101,22.84,97.5,146.16,1.123,48.16,54.06,74.8
2026-09-19 10:05:58,LUM-101,22.86,97.74,156.85,1.367,48.05,65.69,91.1
2026-09-19 10:06:08,LUM-101,22.91,97.73,151.57,1.251,47.84,59.83,83.4
2026-09-19 10:06:18,LUM-101,22.81,97.72,152.22,1.266,47.82,60.56,84.4
2026-09-19 10:06:28,LUM-101,22.95,98.15,161.46,1.461,48.14,70.35,97.4
2026-09-19 10:06:38,LUM-101,22.81,98.29,155.71,1.329,48.02,63.8,88.6
2026-09-19 10:06:48,LUM-101,22.9,98.34,154.62,1.301,48.06,62.53,86.7
2026-09-19 10:06:58,LUM-101,22.94,98.16,149.04,1.181,47.87,56.53,78.7
2026-09-19 10:07:08,LUM-101,22.83,98.2,153.37,1.282,47.83,61.3,85.4
2026-09-19 10:07:18,LUM-101,22.86,98.25,153.56,1.275,48.2,61.46,85.0
2026-09-19 10:07:28,LUM-101,22.82,98.5,159.21,1.411,47.8,67.45,94.1
2026-09-19 10:07:38,LUM-101,22.79,98.11,145.32,1.089,48.16,52.46,72.6
2026-09-19 10:07:48,LUM-101,22.85,98.09,153.03,1.274,47.92,61.05,84.9
2026-09-19 10:07:58,LUM-101,22.88,98.48,161.53,1.455,48.14,70.05,97.0
2026-09-19 10:08:08,LUM-101,22.85,98.21,146.6,1.119,48.05,53.77,74.6
2026-09-19 10:08:18,LUM-101,22.86,98.19,151.93,1.242,48.06,59.71,82.8
2026-09-19 10:08:28,LUM-101,22.88,98.3,155.53,1.324,48.03,63.59,88.3
2026-09-19 10:08:38,LUM-101,22.95,97.9,143.8,1.064,47.95,51.01,70.9
2026-09-19 10:08:48,LUM-101,22.87,97.56,144.37,1.086,47.91,52.01,72.4
2026-09-19 10:08:58,LUM-101,22.84,97.23,143.9,1.079,48.08,51.86,71.9
2026-09-19 10:09:08,LUM-101,22.97,97.71,161.65,1.474,48.19,71.04,98.3
2026-09-19 10:09:18,LUM-101,22.98,97.54,148.66,1.185,47.93,56.8,79.0
2026-09-19 10:09:28,LUM-101,22.86,97.84,159.81,1.431,48.1,68.85,95.4
2026-09-19 10:09:38,LUM-101,22.92,98.11,157.94,1.387,47.92,66.49,92.5
2026-09-19 10:09:48,LUM-101,22.88,97.97,150.22,1.205,48.17,58.06,80.4
2026-09-19 10:09:58,LUM-101,22.85,97.86,149.18,1.185,48.13,57.02,79.0
2026-09-19 10:10:08,LUM-101,22.98,97.85,151.38,1.244,47.82,59.47,82.9
2026-09-19 10:10:18,LUM-101,22.92,97.59,147.04,1.143,48.09,54.94,76.2
2026-09-19 10:10:28,LUM-101,22.93,97.88,157.98,1.393,47.94,66.79,92.9
2026-09-19 10:10:38,LUM-101,22.86,98.24,160.16,1.437,47.87,68.81,95.8
2026-09-19 10:10:48,LUM-101,22.95,98.64,161.29,1.449,48.04,69.61,96.6
2026-09-19 10:10:58,LUM-101,22.86,98.47,150.15,1.196,48.0,57.42,79.8
2026-09-19 10:11:08,LUM-101,22.81,98.68,158.33,1.377,48.15,66.28,91.8
2026-09-19 10:11:18,LUM-101,22.9,98.56,151.73,1.227,48.13,59.08,81.8
2026-09-19 10:11:28,LUM-101,23.01,98.16,145.26,1.091,47.98,52.33,72.7
2026-09-19 10:11:38,LUM-101,22.9,97.86,145.64,1.109,47.86,53.08,73.9
2026-09-19 10:11:48,LUM-101,22.99,97.7,149.49,1.201,47.93,57.54,80.0
2026-09-19 10:11:58,LUM-101,22.84,97.51,147.23,1.151,47.99,55.25,76.7
2026-09-19 10:12:08,LUM-101,22.93,97.56,153.63,1.295,48.12,62.29,86.3
2026-09-19 10:12:18,LUM-101,22.86,97.38,147.94,1.168,48.11,56.18,77.9
2026-09-19 10:12:28,LUM-101,22.82,97.35,151.69,1.263,47.81,60.38,84.2
2026-09-19 10:12:38,LUM-101,22.87,97.0,143.49,1.079,47.88,51.66,71.9
2026-09-19 10:12:48,LUM-101,22.94,96.66,142.4,1.054,48.2,50.82,70.3
2026-09-19 10:12:58,LUM-101,23.01,97.1,160.69,1.472,48.0,70.65,98.1
2026-09-19 10:13:08,LUM-101,22.95,96.9,146.16,1.141,47.99,54.74,76.0
2026-09-19 10:13:18,LUM-101,22.88,97.05,154.09,1.32,48.02,63.38,88.0
2026-09-19 10:13:28,LUM-101,22.9,96.82,145.26,1.119,48.11,53.82,74.6
2026-09-19 10:13:38,LUM-101,23.0,96.68,147.5,1.172,48.17,56.47,78.2
2026-09-19 10:13:48,LUM-101,22.91,96.58,148.56,1.201,48.09,57.76,80.1
2026-09-19 10:13:58,LUM-101,22.92,97.1,161.44,1.486,48.11,71.49,99.1
2026-09-19 10:14:08,LUM-101,22.91,96.89,146.0,1.14,47.88,54.57,76.0
2026-09-19 10:14:18,LUM-101,23.0,97.19,156.89,1.383,47.97,66.33,92.2
2026-09-19 10:14:28,LUM-101,23.0,97.6,160.14,1.442,48.18,69.49,96.2
2026-09-19 10:14:38,LUM-101,22.86,97.96,160.25,1.439,48.1,69.22,95.9
2026-09-19 10:14:48,LUM-101,22.9,97.61,145.12,1.096,48.17,52.79,73.1
2026-09-19 10:14:58,LUM-101,22.99,97.46,149.23,1.203,47.81,57.52,80.2
2026-09-19 10:15:08,LUM-101,22.86,97.77,158.07,1.398,47.94,67.0,93.2
2026-09-19 10:15:18,LUM-101,22.9,97.64,149.25,1.199,47.83,57.35,79.9
2026-09-19 10:15:28,LUM-101,22.88,97.81,154.92,1.319,48.12,63.45,87.9
2026-09-19 10:15:38,LUM-101,22.99,98.07,157.36,1.37,48.08,65.88,91.4
2026-09-19 10:15:48,LUM-101,23.03,98.28,156.54,1.348,48.02,64.73,89.9
2026-09-19 10:15:58,LUM-101,23.01,98.08,148.8,1.173,48.03,56.36,78.2
2026-09-19 10:16:08,LUM-101,22.88,97.81,146.47,1.13,47.84,54.07,75.4
2026-09-19 10:16:18,LUM-101,23.04,98.16,159.41,1.416,48.08,68.06,94.4
2026-09-19 10:16:28,LUM-101,22.94,97.7,143.07,1.05,48.0,50.42,70.0
2026-09-19 10:16:38,LUM-101,22.93,97.81,154.22,1.305,48.01,62.67,87.0
2026-09-19 10:16:48,LUM-101,22.88,97.85,153.51,1.289,48.0,61.85,85.9
2026-09-19 10:16:58,LUM-101,23.0,97.79,151.21,1.239,47.92,59.36,82.6
2026-09-19 10:17:08,LUM-101,22.97,97.72,151.35,1.245,47.87,59.59,83.0
2026-09-19 10:17:18,LUM-101,22.95,97.53,148.24,1.177,47.88,56.35,78.5
2026-09-19 10:17:28,LUM-101,22.91,97.7,156.62,1.365,47.95,65.47,91.0
2026-09-19 10:17:38,LUM-101,23.04,97.72,152.92,1.277,48.02,61.32,85.1
2026-09-19 10:17:48,LUM-101,22.88,97.47,146.28,1.134,47.83,54.23,75.6
2026-09-19 10:17:58,LUM-101,22.96,97.25,147.0,1.151,48.02,55.28,76.7
2026-09-19 10:18:08,LUM-101,22.9,97.26,150.72,1.24,47.92,59.4,82.6
2026-09-19 10:18:18,LUM-101,22.88,97.71,161.32,1.478,47.83,70.68,98.5
2026-09-19 10:18:28,LUM-101,22.96,98.1,160.8,1.453,47.96,69.66,96.8
2026-09-19 10:18:38,LUM-101,22.96,97.79,145.76,1.11,48.01,53.3,74.0
2026-09-19 10:18:48,LUM-101,23.0,97.46,144.47,1.09,47.92,52.24,72.7
2026-09-19 10:18:58,LUM-101,23.07,97.13,144.13,1.085,48.14,52.22,72.3
2026-09-19 10:19:08,LUM-101,22.98,96.81,144.53,1.108,47.86,53.02,73.9
2026-09-19 10:19:18,LUM-101,22.96,96.42,142.31,1.064,47.91,50.99,70.9
2026-09-19 10:19:28,LUM-101,23.07,96.7,155.08,1.347,48.14,64.86,89.8
2026-09-19 10:19:38,LUM-101,23.07,97.1,159.92,1.457,47.92,69.8,97.1
2026-09-19 10:19:48,LUM-101,22.97,96.98,148.4,1.194,47.83,57.14,79.6
2026-09-19 10:19:58,LUM-101,22.99,97.13,154.63,1.335,47.87,63.89,89.0
2026-09-19 10:20:08,LUM-101,23.06,97.05,149.77,1.216,48.19,58.58,81.0
2026-09-19 10:20:18,LUM-101,23.02,97.06,151.39,1.259,47.96,60.36,83.9
2026-09-19 10:20:28,LUM-101,22.91,96.88,146.86,1.159,47.92,55.53,77.3
2026-09-19 10:20:38,LUM-101,23.0,97.23,158.54,1.42,47.97,68.12,94.7
2026-09-19 10:20:48,LUM-101,23.08,97.67,160.01,1.438,48.17,69.27,95.9
2026-09-19 10:20:58,LUM-101,22.99,97.99,159.01,1.409,48.13,67.8,93.9
2026-09-19 10:21:08,LUM-101,23.01,98.21,157.0,1.36,48.03,65.32,90.7
2026-09-19 10:21:18,LUM-101,22.95,97.98,146.99,1.13,48.18,54.46,75.3
2026-09-19 10:21:28,LUM-101,22.97,97.94,150.74,1.226,47.86,58.66,81.7
2026-09-19 10:21:38,LUM-101,23.05,97.64,145.65,1.114,47.9,53.34,74.2
2026-09-19 10:21:48,LUM-101,22.99,97.86,157.51,1.386,47.83,66.28,92.4
2026-09-19 10:21:58,LUM-101,23.0,97.6,146.27,1.125,48.08,54.07,75.0
2026-09-19 10:22:08,LUM-101,22.97,98.05,162.26,1.483,48.11,71.34,98.8
2026-09-19 10:22:18,LUM-101,22.93,98.36,158.82,1.401,47.93,67.18,93.4
2026-09-19 10:22:28,LUM-101,23.01,98.8,162.2,1.471,47.89,70.44,98.1
2026-09-19 10:22:38,LUM-101,22.96,99.11,160.72,1.429,47.92,68.46,95.2
2026-09-19 10:22:48,LUM-101,23.1,98.99,150.86,1.204,47.89,57.64,80.2
2026-09-19 10:22:58,LUM-101,22.93,99.08,155.66,1.313,47.88,62.86,87.5
2026-09-19 10:23:08,LUM-101,23.08,99.49,163.57,1.482,48.06,71.21,98.8
2026-09-19 10:23:18,LUM-101,23.0,99.82,162.26,1.442,48.1,69.38,96.2
2026-09-19 10:23:28,LUM-101,23.04,100.25,164.44,1.489,47.89,71.32,99.3
2026-09-19 10:23:38,LUM-101,22.98,100.45,161.65,1.422,47.82,68.01,94.8
2026-09-19 10:23:48,LUM-101,23.09,100.05,148.31,1.117,48.03,53.63,74.4
2026-09-19 10:23:58,LUM-101,23.04,100.12,158.18,1.347,47.91,64.52,89.8
2026-09-19 10:24:08,LUM-101,23.07,100.05,155.04,1.278,47.8,61.1,85.2
2026-09-19 10:24:18,LUM-101,22.95,99.67,146.16,1.073,48.15,51.66,71.5
2026-09-19 10:24:28,LUM-101,23.05,100.07,163.38,1.47,47.87,70.35,98.0
2026-09-19 10:24:38,LUM-101,23.0,99.7,147.75,1.108,48.17,53.38,73.9
2026-09-19 10:24:48,LUM-101,22.96,99.29,145.29,1.066,47.94,51.12,71.1
2026-09-19 10:24:58,LUM-101,23.11,98.85,144.98,1.07,47.89,51.26,71.4
2026-09-19 10:25:08,LUM-101,23.06,99.2,162.49,1.466,47.98,70.32,97.7
2026-09-19 10:25:18,LUM-101,22.99,99.1,151.93,1.224,47.95,58.7,81.6
2026-09-19 10:25:28,LUM-101,23.08,99.24,156.63,1.329,47.99,63.77,88.6
2026-09-19 10:25:38,LUM-101,23.07,99.48,159.35,1.384,48.08,66.52,92.2
2026-09-19 10:25:48,LUM-101,23.05,99.75,161.71,1.436,47.93,68.84,95.7
2026-09-19 10:25:58,LUM-101,23.0,99.61,151.17,1.196,47.9,57.28,79.7
2026-09-19 10:26:08,LUM-101,22.97,99.93,161.59,1.425,48.07,68.5,95.0
2026-09-19 10:26:18,LUM-101,23.15,100.12,159.24,1.37,47.95,65.69,91.3
2026-09-19 10:26:28,LUM-101,23.03,100.41,161.58,1.417,47.98,67.98,94.5
2026-09-19 10:26:38,LUM-101,23.09,100.47,156.97,1.311,47.89,62.77,87.4
2026-09-19 10:26:48,LUM-101,23.11,100.27,152.29,1.201,48.14,57.8,80.1
2026-09-19 10:26:58,LUM-101,23.03,100.15,152.85,1.219,48.05,58.55,81.2
2026-09-19 10:27:08,LUM-101,23.06,99.92,150.69,1.173,48.09,56.42,78.2
2026-09-19 10:27:18,LUM-101,22.99,100.03,157.45,1.334,47.83,63.81,88.9
2026-09-19 10:27:28,LUM-101,22.99,99.66,148.35,1.13,47.87,54.11,75.4
2026-09-19 10:27:38,LUM-101,23.17,99.42,149.21,1.156,47.86,55.32,77.1
2026-09-19 10:27:48,LUM-101,23.11,99.59,157.73,1.345,48.05,64.61,89.6
2026-09-19 10:27:58,LUM-101,23.12,99.21,145.2,1.063,48.09,51.1,70.8
2026-09-19 10:28:08,LUM-101,23.03,99.14,151.49,1.213,47.95,58.17,80.9
2026-09-19 10:28:18,LUM-101,22.99,99.18,154.11,1.271,48.02,61.03,84.7
2026-09-19 10:28:28,LUM-101,23.17,99.11,151.76,1.218,48.03,58.5,81.2
2026-09-19 10:28:38,LUM-101,23.04,99.18,155.23,1.297,48.01,62.28,86.5
2026-09-19 10:28:48,LUM-101,23.11,99.57,163.99,1.497,47.83,71.58,99.8
2026-09-19 10:28:58,LUM-101,23.16,99.77,158.49,1.364,47.85,65.24,90.9
2026-09-19 10:29:08,LUM-101,23.0,99.3,145.56,1.069,48.09,51.39,71.2
2026-09-19 10:29:18,LUM-101,23.01,99.21,151.85,1.22,47.94,58.49,81.3
2026-09-19 10:29:28,LUM-101,22.99,99.17,153.82,1.266,47.96,60.72,84.4
2026-09-19 10:29:38,LUM-101,23.07,99.06,152.3,1.235,47.91,59.15,82.3
2026-09-19 10:29:48,LUM-101,23.0,98.77,148.17,1.143,48.03,54.89,76.2
2026-09-19 10:29:58,LUM-101,23.13,98.66,150.65,1.199,48.17,57.77,80.0
2026-09-19 10:30:08,LUM-101,23.0,98.98,160.14,1.41,48.2,67.96,94.0
2026-09-19 10:30:18,LUM-101,23.01,99.17,158.62,1.377,47.98,66.06,91.8
2026-09-19 10:30:28,LUM-101,23.16,98.81,146.27,1.097,48.09,52.74,73.1
2026-09-19 10:30:38,LUM-101,23.03,99.22,162.72,1.473,47.9,70.56,98.2
2026-09-19 10:30:48,LUM-101,23.05,99.07,150.69,1.193,48.09,57.35,79.5
2026-09-19 10:30:58,LUM-101,23.12,99.03,152.59,1.243,47.9,59.52,82.8
2026-09-19 10:31:08,LUM-101,23.19,99.03,153.47,1.259,48.06,60.5,83.9
2026-09-19 10:31:18,LUM-101,23.04,98.95,151.24,1.213,47.91,58.1,80.9
2026-09-19 10:31:28,LUM-101,23.19,98.75,148.29,1.146,48.05,55.04,76.4
2026-09-19 10:31:38,LUM-101,23.21,98.8,154.07,1.28,47.97,61.4,85.3
2026-09-19 10:31:48,LUM-101,23.05,99.11,159.96,1.414,47.83,67.62,94.2
2026-09-19 10:31:58,LUM-101,23.12,99.4,161.42,1.435,48.03,68.92,95.7
2026-09-19 10:32:08,LUM-101,23.19,99.16,148.1,1.131,48.07,54.38,75.4
2026-09-19 10:32:18,LUM-101,23.06,99.22,154.41,1.278,47.96,61.32,85.2
2026-09-19 10:32:28,LUM-101,23.11,99.31,154.97,1.288,48.01,61.85,85.9
2026-09-19 10:32:38,LUM-101,23.04,99.58,159.97,1.401,47.91,67.1,93.4
2026-09-19 10:32:48,LUM-101,23.03,99.91,163.29,1.467,48.0,70.41,97.8
2026-09-19 10:32:58,LUM-101,23.2,99.65,149.15,1.148,47.91,55.0,76.5
2026-09-19 10:33:08,LUM-101,23.2,99.42,149.8,1.166,48.01,55.97,77.7
2026-09-19 10:33:18,LUM-101,23.08,99.15,147.82,1.129,47.91,54.08,75.3
2026-09-19 10:33:28,LUM-101,23.18,98.96,149.94,1.18,48.01,56.64,78.7
2026-09-19 10:33:38,LUM-101,23.04,99.13,157.69,1.356,48.0,65.07,90.4
2026-09-19 10:33:48,LUM-101,23.18,99.01,151.97,1.224,48.06,58.84,81.6
2026-09-19 10:33:58,LUM-101,23.21,99.1,156.17,1.326,47.81,63.42,88.4
2026-09-19 10:34:08,LUM-101,23.04,99.03,151.53,1.21,48.2,58.33,80.7
2026-09-19 10:34:18,LUM-101,23.18,99.31,160.69,1.416,48.16,68.2,94.4
2026-09-19 10:34:28,LUM-101,23.21,99.51,158.39,1.36,48.09,65.42,90.7
2026-09-19 10:34:38,LUM-101,23.15,99.11,145.58,1.079,47.86,51.63,71.9
2026-09-19 10:34:48,LUM-101,23.14,99.19,155.49,1.305,47.94,62.55,87.0
2026-09-19 10:34:58,LUM-101,23.07,99.43,160.26,1.411,47.88,67.58,94.1
2026-09-19 10:35:08,LUM-101,23.1,99.84,163.24,1.468,47.98,70.45,97.9
2026-09-19 10:35:18,LUM-101,23.24,100.2,162.95,1.457,47.86,69.73,97.1
2026-09-19 10:35:28,LUM-101,23.12,100.42,161.33,1.412,47.94,67.69,94.1
2026-09-19 10:35:38,LUM-101,23.1,100.8,163.99,1.458,48.15,70.2,97.2
2026-09-19 10:35:48,LUM-101,23.13,101.17,164.19,1.457,48.06,70.03,97.1
2026-09-19 10:35:58,LUM-101,23.13,101.42,161.97,1.405,47.88,67.28,93.7
2026-09-19 10:36:08,LUM-101,23.14,101.05,149.41,1.116,48.14,53.73,74.4
2026-09-19 10:36:18,LUM-101,23.09,101.24,160.92,1.383,47.96,66.3,92.2
2026-09-19 10:36:28,LUM-101,23.07,101.47,163.26,1.435,47.85,68.65,95.6
2026-09-19 10:36:38,LUM-101,23.11,101.27,153.15,1.206,47.82,57.65,80.4
2026-09-19 10:36:48,LUM-101,23.16,100.86,149.1,1.119,47.88,53.6,74.6
2026-09-19 10:36:58,LUM-101,23.1,100.95,159.02,1.34,48.14,64.52,89.4
2026-09-19 10:37:08,LUM-101,23.24,100.67,149.38,1.129,47.94,54.13,75.3
2026-09-19 10:37:18,LUM-101,23.2,100.59,154.47,1.243,48.16,59.87,82.9
2026-09-19 10:37:28,LUM-101,23.23,100.24,147.65,1.097,48.03,52.67,73.1
2026-09-19 10:37:38,LUM-101,23.22,100.0,150.96,1.182,47.92,56.62,78.8
2026-09-19 10:37:48,LUM-101,23.19,99.57,145.88,1.076,47.81,51.46,71.8
2026-09-19 10:37:58,LUM-101,23.25,99.62,156.5,1.321,47.84,63.21,88.1
2026-09-19 10:38:08,LUM-101,23.22,100.0,164.2,1.49,47.88,71.33,99.3
2026-09-19 10:38:18,LUM-101,23.1,99.72,149.12,1.148,47.82,54.89,76.5
2026-09-19 10:38:28,LUM-101,23.14,99.32,146.27,1.085,48.09,52.17,72.3
2026-09-19 10:38:38,LUM-101,23.2,99.38,156.15,1.31,48.16,63.08,87.3
2026-09-19 10:38:48,LUM-101,23.22,99.19,150.57,1.189,48.02,57.09,79.3
2026-09-19 10:38:58,LUM-101,23.09,98.78,144.32,1.05,48.19,50.61,70.0
2026-09-19 10:39:08,LUM-101,23.27,98.84,154.0,1.273,48.14,61.29,84.9
2026-09-19 10:39:18,LUM-101,23.21,99.05,158.66,1.376,48.12,66.22,91.7
2026-09-19 10:39:28,LUM-101,23.12,98.94,149.95,1.182,47.94,56.68,78.8
2026-09-19 10:39:38,LUM-101,23.22,99.39,162.49,1.466,47.81,70.11,97.8
2026-09-19 10:39:48,LUM-101,23.22,99.77,162.23,1.447,47.97,69.41,96.5
2026-09-19 10:39:58,LUM-101,23.11,99.89,157.01,1.328,47.8,63.47,88.5
2026-09-19 10:40:08,LUM-101,23.29,100.22,161.82,1.423,48.11,68.45,94.8
2026-09-19 10:40:18,LUM-101,23.28,99.91,147.88,1.113,47.88,53.3,74.2
2026-09-19 10:40:28,LUM-101,23.14,100.35,163.8,1.471,47.91,70.49,98.1
2026-09-19 10:40:38,LUM-101,23.24,100.55,160.36,1.383,48.04,66.46,92.2
2026-09-19 10:40:48,LUM-101,23.21,100.12,145.58,1.05,48.09,50.52,70.0
2026-09-19 10:40:58,LUM-101,23.17,100.53,164.94,1.491,48.0,71.58,99.4
2026-09-19 10:41:08,LUM-101,23.2,100.25,149.24,1.138,47.84,54.43,75.9
2026-09-19 10:41:18,LUM-101,23.17,100.55,161.36,1.413,47.81,67.57,94.2
2026-09-19 10:41:28,LUM-101,23.21,100.78,161.3,1.406,47.84,67.25,93.7
2026-09-19 10:41:38,LUM-101,23.21,100.89,158.67,1.334,48.14,64.2,88.9
2026-09-19 10:41:48,LUM-101,23.12,100.76,153.53,1.218,48.16,58.63,81.2
2026-09-19 10:41:58,LUM-101,23.3,101.2,165.22,1.483,47.97,71.13,98.9
2026-09-19 10:42:08,LUM-101,23.16,100.94,151.16,1.163,47.97,55.8,77.5
2026-09-19 10:42:18,LUM-101,23.16,100.63,150.31,1.154,47.82,55.19,76.9
2026-09-19 10:42:28,LUM-101,23.21,101.0,163.32,1.447,47.85,69.24,96.5
2026-09-19 10:42:38,LUM-101,23.13,101.12,160.05,1.369,47.84,65.48,91.2
2026-09-19 10:42:48,LUM-101,23.16,101.23,159.15,1.346,47.82,64.36,89.7
2026-09-19 10:42:58,LUM-101,23.32,100.93,150.89,1.156,48.04,55.51,77.0
2026-09-19 10:43:08,LUM-101,23.21,100.5,146.7,1.065,48.18,51.33,71.0
2026-09-19 10:43:18,LUM-101,23.2,100.39,153.21,1.221,48.08,58.7,81.4
2026-09-19 10:43:28,LUM-101,23.24,100.13,150.64,1.172,47.87,56.13,78.2
2026-09-19 10:43:38,LUM-101,23.19,100.08,153.86,1.241,48.16,59.75,82.7
2026-09-19 10:43:48,LUM-101,23.19,100.51,164.53,1.479,48.1,71.13,98.6
2026-09-19 10:43:58,LUM-101,23.3,100.37,152.26,1.201,48.01,57.66,80.1
2026-09-19 10:44:08,LUM-101,23.26,100.46,157.59,1.327,47.82,63.48,88.5
2026-09-19 10:44:18,LUM-101,23.16,100.72,162.19,1.423,47.99,68.3,94.9
2026-09-19 10:44:28,LUM-101,23.27,101.19,165.58,1.486,48.13,71.55,99.1
2026-09-19 10:44:38,LUM-101,23.26,101.26,157.98,1.312,48.05,63.02,87.4
2026-09-19 10:44:48,LUM-101,23.32,101.23,155.22,1.253,47.86,59.99,83.6
2026-09-19 10:44:58,LUM-101,23.32,101.57,165.13,1.475,47.9,70.63,98.3
2026-09-19 10:45:08,LUM-101,23.22,101.22,149.49,1.122,47.81,53.64,74.8
2026-09-19 10:45:18,LUM-101,23.18,101.02,153.34,1.216,47.82,58.14,81.1
2026-09-19 10:45:28,LUM-101,23.28,100.86,154.14,1.236,47.91,59.2,82.4
2026-09-19 10:45:38,LUM-101,23.34,100.82,154.91,1.25,48.08,60.1,83.3
2026-09-19 10:45:48,LUM-101,23.24,100.42,146.98,1.082,47.8,51.74,72.2
2026-09-19 10:45:58,LUM-101,23.18,100.14,148.45,1.122,47.85,53.68,74.8
2026-09-19 10:46:08,LUM-101,23.27,100.02,153.32,1.237,47.88,59.23,82.5
2026-09-19 10:46:18,LUM-101,23.25,99.6,146.45,1.083,48.07,52.05,72.2
2026-09-19 10:46:28,LUM-101,23.26,99.86,159.9,1.389,48.01,66.71,92.6
2026-09-19 10:46:38,LUM-101,23.27,99.41,144.94,1.052,48.07,50.59,70.2
2026-09-19 10:46:48,LUM-101,23.22,99.83,162.24,1.443,48.06,69.35,96.2
2026-09-19 10:46:58,LUM-101,23.25,99.61,149.83,1.165,47.9,55.81,77.7
2026-09-19 10:47:08,LUM-101,23.28,100.03,162.84,1.459,47.82,69.8,97.3
2026-09-19 10:47:18,LUM-101,23.35,100.31,160.86,1.402,47.98,67.27,93.5
2026-09-19 10:47:28,LUM-101,23.28,100.16,150.91,1.175,48.0,56.4,78.3
2026-09-19 10:47:38,LUM-101,23.22,100.12,153.48,1.24,47.81,59.29,82.7
2026-09-19 10:47:48,LUM-101,23.3,100.35,159.7,1.378,47.84,65.94,91.9
2026-09-19 10:47:58,LUM-101,23.31,100.06,148.8,1.13,47.91,54.16,75.4
2026-09-19 10:48:08,LUM-101,23.31,100.0,154.04,1.248,48.13,60.04,83.2
2026-09-19 10:48:18,LUM-101,23.35,99.73,149.64,1.151,48.16,55.45,76.8
2026-09-19 10:48:28,LUM-101,23.33,99.47,149.15,1.154,47.85,55.2,76.9
2026-09-19 10:48:38,LUM-101,23.3,99.71,159.12,1.375,48.01,66.01,91.7
2026-09-19 10:48:48,LUM-101,23.25,99.94,160.26,1.395,48.04,67.02,93.0
2026-09-19 10:48:58,LUM-101,23.32,100.25,160.56,1.393,48.1,67.01,92.9
2026-09-19 10:49:08,LUM-101,23.33,100.33,156.65,1.302,48.06,62.58,86.8
2026-09-19 10:49:18,LUM-101,23.28,100.29,155.26,1.27,48.08,61.08,84.7
2026-09-19 10:49:28,LUM-101,23.24,100.31,156.28,1.291,48.17,62.19,86.1
2026-09-19 10:49:38,LUM-101,23.35,100.77,164.94,1.485,48.02,71.3,99.0
2026-09-19 10:49:48,LUM-101,23.38,101.01,161.88,1.41,47.97,67.63,94.0
2026-09-19 10:49:58,LUM-101,23.34,100.96,155.11,1.252,48.04,60.16,83.5
2026-09-19 10:50:08,LUM-101,23.24,101.02,158.15,1.319,48.13,63.48,87.9
2026-09-19 10:50:18,LUM-101,23.34,101.0,155.45,1.265,47.81,60.5,84.4
2026-09-19 10:50:28,LUM-101,23.23,101.13,159.39,1.354,47.81,64.74,90.3
2026-09-19 10:50:38,LUM-101,23.32,100.83,149.85,1.133,48.06,54.47,75.6
2026-09-19 10:50:48,LUM-101,23.24,100.42,147.84,1.097,48.03,52.68,73.1
2026-09-19 10:50:58,LUM-101,23.24,100.07,146.59,1.079,47.9,51.69,71.9
2026-09-19 10:51:08,LUM-101,23.3,100.44,163.83,1.466,48.06,70.43,97.7
2026-09-19 10:51:18,LUM-101,23.33,100.1,148.08,1.113,47.88,53.31,74.2
2026-09-19 10:51:28,LUM-101,23.24,100.55,164.63,1.478,48.16,71.2,98.6
2026-09-19 10:51:38,LUM-101,23.4,100.35,150.47,1.156,48.15,55.68,77.1
2026-09-19 10:51:48,LUM-101,23.29,100.41,156.23,1.293,47.97,62.03,86.2
2026-09-19 10:51:58,LUM-101,23.26,100.49,157.72,1.328,47.86,63.58,88.6
2026-09-19 10:52:08,LUM-101,23.23,100.4,152.85,1.217,47.89,58.28,81.1
2026-09-19 10:52:18,LUM-101,23.25,100.51,157.26,1.317,47.87,63.06,87.8
2026-09-19 10:52:28,LUM-101,23.38,100.95,164.43,1.466,48.13,70.54,97.7
2026-09-19 10:52:38,LUM-101,23.27,100.74,152.34,1.193,48.05,57.33,79.5
2026-09-19 10:52:48,LUM-101,23.29,101.08,163.82,1.453,47.98,69.72,96.9
2026-09-19 10:52:58,LUM-101,23.4,101.22,160.35,1.37,47.96,65.7,91.3
2026-09-19 10:53:08,LUM-101,23.37,101.54,164.18,1.444,48.18,69.59,96.3
2026-09-19 10:53:18,LUM-101,23.28,101.47,155.69,1.258,47.88,60.25,83.9
2026-09-19 10:53:28,LUM-101,23.28,101.2,151.76,1.17,48.03,56.18,78.0
2026-09-19 10:53:38,LUM-101,23.35,100.94,150.13,1.142,47.85,54.66,76.1
2026-09-19 10:53:48,LUM-101,23.32,101.28,163.91,1.456,47.81,69.59,97.0
2026-09-19 10:53:58,LUM-101,23.38,101.45,159.86,1.352,47.98,64.89,90.2
2026-09-19 10:54:08,LUM-101,23.3,101.06,147.92,1.089,47.81,52.07,72.6
2026-09-19 10:54:18,LUM-101,23.41,100.94,153.65,1.217,48.12,58.56,81.1
2026-09-19 10:54:28,LUM-101,23.37,101.06,159.52,1.353,48.02,64.96,90.2
2026-09-19 10:54:38,LUM-101,23.32,101.33,161.69,1.393,48.13,67.07,92.9
2026-09-19 10:54:48,LUM-101,23.31,101.69,165.39,1.478,47.89,70.78,98.5
2026-09-19 10:54:58,LUM-101,23.41,101.75,159.06,1.327,47.98,63.67,88.5
2026-09-19 10:55:08,LUM-101,23.45,101.64,154.4,1.224,47.91,58.62,81.6
2026-09-19 10:55:18,LUM-101,23.43,101.38,152.3,1.181,47.92,56.57,78.7
2026-09-19 10:55:28,LUM-101,23.29,101.05,148.84,1.104,48.1,53.1,73.6
2026-09-19 10:55:38,LUM-101,23.38,100.88,152.32,1.188,48.12,57.16,79.2
2026-09-19 10:55:48,LUM-101,23.41,100.4,145.82,1.051,48.03,50.47,70.1
2026-09-19 10:55:58,LUM-101,23.4,100.06,146.74,1.077,48.17,51.86,71.8
2026-09-19 10:56:08,LUM-101,23.43,99.65,145.97,1.072,47.99,51.46,71.5
2026-09-19 10:56:18,LUM-101,23.35,99.84,158.5,1.363,47.82,65.18,90.9
2026-09-19 10:56:28,LUM-101,23.42,99.53,146.88,1.1,47.84,52.61,73.3
2026-09-19 10:56:38,LUM-101,23.43,99.3,149.16,1.151,48.13,55.4,76.7
2026-09-19 10:56:48,LUM-101,23.34,99.49,156.46,1.317,48.07,63.31,87.8
2026-09-19 10:56:58,LUM-101,23.3,99.46,153.94,1.262,47.97,60.54,84.1
2026-09-19 10:57:08,LUM-101,23.3,99.37,151.64,1.214,47.87,58.09,80.9
2026-09-19 10:57:18,LUM-101,23.43,99.63,158.64,1.368,47.94,65.56,91.2
2026-09-19 10:57:28,LUM-101,23.29,99.61,152.41,1.227,47.82,58.67,81.8
2026-09-19 10:57:38,LUM-101,23.33,99.51,150.62,1.182,48.06,56.79,78.8
2026-09-19 10:57:48,LUM-101,23.32,99.5,152.75,1.232,48.04,59.17,82.1
2026-09-19 10:57:58,LUM-101,23.46,99.78,160.33,1.396,48.19,67.28,93.1
2026-09-19 10:58:08,LUM-101,23.36,99.54,149.68,1.158,48.11,55.71,77.2
2026-09-19 10:58:18,LUM-101,23.3,99.91,162.2,1.444,47.93,69.21,96.3
2026-09-19 10:58:28,LUM-101,23.41,99.71,149.8,1.163,47.84,55.65,77.6
2026-09-19 10:58:38,LUM-101,23.38,99.34,146.32,1.086,48.06,52.2,72.4
2026-09-19 10:58:48,LUM-101,23.47,99.63,159.33,1.383,47.95,66.33,92.2
2026-09-19 10:58:58,LUM-101,23.5,100.05,163.98,1.483,47.9,71.03,98.9
2026-09-19 10:59:08,LUM-101,23.31,100.25,159.6,1.379,47.81,65.94,92.0
2026-09-19 10:59:18,LUM-101,23.4,100.4,158.62,1.347,48.04,64.7,89.8
2026-09-19 10:59:28,LUM-101,23.39,100.71,161.38,1.409,47.85,67.42,93.9
2026-09-19 10:59:38,LUM-101,23.42,101.03,163.79,1.449,48.12,69.74,96.6
2026-09-19 10:59:48,LUM-101,23.42,101.31,162.66,1.421,47.99,68.17,94.7
2026-09-19 10:59:58,LUM-101,23.47,101.48,159.67,1.348,47.95,64.65,89.9
2026-09-19 11:00:08,LUM-101,23.32,101.73,162.67,1.414,47.9,67.72,94.2
2026-09-19 11:00:18,LUM-101,23.44,101.89,161.26,1.376,47.92,65.97,91.8
2026-09-19 11:00:28,LUM-101,23.46,101.83,157.01,1.275,48.07,61.31,85.0
2026-09-19 11:00:38,LUM-101,23.45,101.51,149.83,1.12,47.93,53.69,74.7
2026-09-19 11:00:48,LUM-101,23.4,101.11,148.08,1.089,47.92,52.19,72.6
2026-09-19 11:00:58,LUM-101,23.36,101.06,154.33,1.236,47.88,59.19,82.4
2026-09-19 11:01:08,LUM-101,23.46,100.82,151.4,1.175,47.84,56.2,78.3
2026-09-19 11:01:18,LUM-101,23.39,100.35,145.79,1.052,47.98,50.48,70.1
2026-09-19 11:01:28,LUM-101,23.52,100.58,160.37,1.381,48.1,66.44,92.1
2026-09-19 11:01:38,LUM-101,23.35,100.51,153.81,1.235,47.97,59.22,82.3
2026-09-19 11:01:48,LUM-101,23.48,100.52,155.96,1.284,47.96,61.59,85.6
2026-09-19 11:01:58,LUM-101,23.49,100.74,160.26,1.382,47.84,66.13,92.2
2026-09-19 11:02:08,LUM-101,23.45,100.58,152.31,1.193,48.17,57.48,79.6
2026-09-19 11:02:18,LUM-101,23.5,100.73,158.83,1.342,48.12,64.55,89.4
2026-09-19 11:02:28,LUM-101,23.35,100.59,152.55,1.201,48.08,57.74,80.1
2026-09-19 11:02:38,LUM-101,23.51,101.07,165.8,1.498,48.01,71.92,99.9
2026-09-19 11:02:48,LUM-101,23.48,100.85,152.01,1.185,47.98,56.85,79.0
2026-09-19 11:02:58,LUM-101,23.41,100.69,151.55,1.174,48.13,56.52,78.3
2026-09-19 11:03:08,LUM-101,23.36,100.63,154.34,1.239,48.17,59.67,82.6
2026-09-19 11:03:18,LUM-101,23.38,100.31,148.89,1.124,48.0,53.98,75.0
2026-09-19 11:03:28,LUM-101,23.52,100.41,157.6,1.325,47.96,63.55,88.3
2026-09-19 11:03:38,LUM-101,23.41,100.71,160.74,1.385,48.14,66.7,92.4
2026-09-19 11:03:48,LUM-101,23.42,100.76,156.01,1.283,47.84,61.39,85.5
2026-09-19 11:03:58,LUM-101,23.45,101.02,160.76,1.389,47.81,66.39,92.6
2026-09-19 11:04:08,LUM-101,23.55,101.2,158.94,1.336,48.03,64.15,89.0
2026-09-19 11:04:18,LUM-101,23.46,101.34,159.37,1.345,47.94,64.48,89.7
2026-09-19 11:04:28,LUM-101,23.55,101.18,153.27,1.209,47.88,57.88,80.6
2026-09-19 11:04:38,LUM-101,23.4,101.1,154.41,1.233,48.05,59.23,82.2
2026-09-19 11:04:48,LUM-101,23.52,101.39,161.85,1.395,48.14,67.17,93.0
2026-09-19 11:04:58,LUM-101,23.55,101.3,155.02,1.24,48.12,59.69,82.7
2026-09-19 11:05:08,LUM-101,23.37,101.14,152.88,1.2,47.9,57.48,80.0
2026-09-19 11:05:18,LUM-101,23.5,101.55,164.79,1.465,47.95,70.26,97.7
2026-09-19 11:05:28,LUM-101,23.41,101.24,149.0,1.103,48.09,53.07,73.6
2026-09-19 11:05:38,LUM-101,23.41,101.11,154.36,1.235,47.91,59.16,82.3
2026-09-19 11:05:48,LUM-101,23.49,101.46,164.31,1.46,47.83,69.83,97.3
2026-09-19 11:05:58,LUM-101,23.53,101.29,152.47,1.18,48.2,56.87,78.7
2026-09-19 11:06:08,LUM-101,23.56,100.98,149.98,1.139,47.82,54.45,75.9
2026-09-19 11:06:18,LUM-101,23.52,100.67,148.83,1.115,47.99,53.51,74.3
2026-09-19 11:06:28,LUM-101,23.49,100.64,153.35,1.224,47.86,58.57,81.6
2026-09-19 11:06:38,LUM-101,23.5,100.41,150.62,1.162,48.01,55.8,77.5
2026-09-19 11:06:48,LUM-101,23.42,100.12,148.21,1.113,47.99,53.43,74.2
2026-09-19 11:06:58,LUM-101,23.42,100.27,157.69,1.324,48.2,63.81,88.3
2026-09-19 11:07:08,LUM-101,23.49,100.5,160.79,1.401,47.81,66.98,93.4
2026-09-19 11:07:18,LUM-101,23.39,100.35,150.53,1.159,48.1,55.75,77.3
2026-09-19 11:07:28,LUM-101,23.53,100.66,160.65,1.39,47.96,66.66,92.7
2026-09-19 11:07:38,LUM-101,23.55,100.25,146.21,1.061,48.16,51.07,70.7
2026-09-19 11:07:48,LUM-101,23.58,100.26,155.51,1.281,47.9,61.39,85.4
2026-09-19 11:07:58,LUM-101,23.57,99.97,148.86,1.129,48.1,54.32,75.3
2026-09-19 11:08:08,LUM-101,23.51,99.96,154.19,1.252,48.11,60.25,83.5
2026-09-19 11:08:18,LUM-101,23.5,100.28,160.52,1.399,47.84,66.94,93.3
2026-09-19 11:08:28,LUM-101,23.5,99.99,148.66,1.128,47.94,54.08,75.2
2026-09-19 11:08:38,LUM-101,23.43,100.43,163.14,1.446,48.2,69.67,96.4
2026-09-19 11:08:48,LUM-101,23.51,100.15,148.86,1.13,47.89,54.12,75.3
2026-09-19 11:08:58,LUM-101,23.53,100.28,156.93,1.306,48.18,62.95,87.1
2026-09-19 11:09:08,LUM-101,23.57,100.05,149.77,1.152,47.94,55.25,76.8
2026-09-19 11:09:18,LUM-101,23.53,100.43,162.18,1.429,48.0,68.61,95.3
2026-09-19 11:09:28,LUM-101,23.45,100.02,145.77,1.056,48.12,50.83,70.4
2026-09-19 11:09:38,LUM-101,23.52,99.67,146.09,1.076,47.96,51.58,71.7
2026-09-19 11:09:48,LUM-101,23.47,99.86,156.71,1.313,48.13,63.17,87.5
2026-09-19 11:09:58,LUM-101,23.58,99.6,146.87,1.097,47.9,52.53,73.1
2026-09-19 11:10:08,LUM-101,23.5,99.89,160.44,1.398,48.13,67.27,93.2
2026-09-19 11:10:18,LUM-101,23.52,100.04,156.77,1.316,47.88,63.03,87.8
2026-09-19 11:10:28,LUM-101,23.54,99.73,146.57,1.08,48.18,52.04,72.0
2026-09-19 11:10:38,LUM-101,23.58,100.13,161.9,1.434,47.86,68.63,95.6
2026-09-19 11:10:48,LUM-101,23.57,100.57,162.81,1.445,47.86,69.16,96.3
2026-09-19 11:10:58,LUM-101,23.47,100.7,157.86,1.323,48.01,63.52,88.2
2026-09-19 11:11:08,LUM-101,23.58,100.28,146.59,1.073,47.95,51.45,71.5
2026-09-19 11:11:18,LUM-101,23.52,99.92,147.02,1.093,47.86,52.33,72.9
2026-09-19 11:11:28,LUM-101,23.61,99.89,153.73,1.248,47.92,59.82,83.2
2026-09-19 11:11:38,LUM-101,23.56,100.32,162.6,1.439,48.11,69.21,95.9
2026-09-19 11:11:48,LUM-101,23.5,99.99,146.97,1.09,47.91,52.2,72.6
2026-09-19 11:11:58,LUM-101,23.64,100.47,164.81,1.489,48.02,71.5,99.3
2026-09-19 11:12:08,LUM-101,23.56,100.37,152.52,1.205,48.07,57.94,80.3
2026-09-19 11:12:18,LUM-101,23.58,100.35,153.69,1.238,47.87,59.26,82.5
2026-09-19 11:12:28,LUM-101,23.51,100.17,150.04,1.158,47.83,55.41,77.2
2026-09-19 11:12:38,LUM-101,23.54,99.86,148.2,1.116,48.15,53.71,74.4
2026-09-19 11:12:48,LUM-101,23.64,99.87,154.09,1.259,47.83,60.24,84.0
2026-09-19 11:12:58,LUM-101,23.65,100.32,164.44,1.481,48.1,71.25,98.8
2026-09-19 11:13:08,LUM-101,23.52,99.98,147.8,1.109,47.92,53.13,73.9
2026-09-19 11:13:18,LUM-101,23.48,100.12,156.87,1.309,48.16,63.05,87.3
2026-09-19 11:13:28,LUM-101,23.54,100.12,154.72,1.264,48.01,60.66,84.2
2026-09-19 11:13:38,LUM-101,23.56,100.16,155.56,1.278,48.16,61.55,85.2
2026-09-19 11:13:48,LUM-101,23.56,100.26,155.51,1.283,47.85,61.39,85.5
2026-09-19 11:13:58,LUM-101,23.57,100.43,157.31,1.318,47.95,63.19,87.9
2026-09-19 11:14:08,LUM-101,23.57,100.92,165.36,1.49,48.05,71.61,99.3
2026-09-19 11:14:18,LUM-101,23.48,101.06,159.14,1.344,48.02,64.54,89.6
2026-09-19 11:14:28,LUM-101,23.63,101.38,163.38,1.438,47.89,68.89,95.9
2026-09-19 11:14:38,LUM-101,23.61,101.72,163.03,1.419,48.01,68.13,94.6
2026-09-19 11:14:48,LUM-101,23.55,101.5,152.17,1.177,47.85,56.3,78.4
2026-09-19 11:14:58,LUM-101,23.62,101.28,150.78,1.145,48.05,55.0,76.3
2026-09-19 11:15:08,LUM-101,23.6,101.07,150.27,1.136,48.11,54.66,75.7
2026-09-19 11:15:18,LUM-101,23.63,100.8,149.17,1.123,47.84,53.75,74.9
2026-09-19 11:15:28,LUM-101,23.65,100.57,149.4,1.13,48.02,54.25,75.3
2026-09-19 11:15:38,LUM-101,23.56,100.19,145.92,1.06,47.95,50.81,70.6
2026-09-19 11:15:48,LUM-101,23.5,99.95,148.78,1.135,47.82,54.25,75.6
2026-09-19 11:15:58,LUM-101,23.52,100.37,163.56,1.459,48.12,70.21,97.3
2026-09-19 11:16:08,LUM-101,23.53,100.57,159.39,1.358,48.13,65.36,90.5
2026-09-19 11:16:18,LUM-101,23.67,100.64,157.15,1.304,48.16,62.78,86.9
2026-09-19 11:16:28,LUM-101,23.66,100.45,150.07,1.15,47.96,55.13,76.6
2026-09-19 11:16:38,LUM-101,23.59,100.47,154.5,1.248,48.1,60.03,83.2
2026-09-19 11:16:48,LUM-101,23.64,100.94,164.27,1.461,48.16,70.37,97.4
2026-09-19 11:16:58,LUM-101,23.51,101.33,163.41,1.432,48.19,68.98,95.4
2026-09-19 11:17:08,LUM-101,23.53,101.5,160.23,1.357,48.1,65.25,90.4
2026-09-19 11:17:18,LUM-101,23.65,101.29,151.0,1.149,48.06,55.23,76.6
2026-09-19 11:17:28,LUM-101,23.69,101.72,165.18,1.468,48.05,70.52,97.8
2026-09-19 11:17:38,LUM-101,23.58,101.58,153.73,1.203,48.15,57.93,80.2
2026-09-19 11:17:48,LUM-101,23.68,101.89,163.08,1.414,48.1,67.99,94.2
2026-09-19 11:17:58,LUM-101,23.62,101.78,154.04,1.213,47.87,58.07,80.9
2026-09-19 11:18:08,LUM-101,23.65,101.54,152.13,1.17,48.06,56.21,78.0
2026-09-19 11:18:18,LUM-101,23.61,101.86,163.12,1.416,48.06,68.07,94.4
2026-09-19 11:18:28,LUM-101,23.63,102.3,166.65,1.495,47.84,71.5,99.6
2026-09-19 11:18:38,LUM-101,23.69,102.44,161.19,1.36,48.0,65.28,90.7
2026-09-19 11:18:48,LUM-101,23.55,102.17,152.2,1.162,47.86,55.59,77.4
2026-09-19 11:18:58,LUM-101,23.54,101.94,152.25,1.168,47.87,55.9,77.9
2026-09-19 11:19:08,LUM-101,23.71,102.18,162.71,1.407,47.82,67.26,93.8
2026-09-19 11:19:18,LUM-101,23.67,102.53,165.0,1.442,48.13,69.41,96.1
2026-09-19 11:19:28,LUM-101,23.54,102.42,154.85,1.212,48.07,58.26,80.8
2026-09-19 11:19:38,LUM-101,23.58,102.5,159.54,1.324,47.88,63.37,88.2
2026-09-19 11:19:48,LUM-101,23.68,102.7,161.44,1.362,47.91,65.27,90.8
2026-09-19 11:19:58,LUM-101,23.6,102.61,156.77,1.256,47.92,60.18,83.7
2026-09-19 11:20:08,LUM-101,23.61,102.82,163.44,1.406,47.91,67.36,93.7
2026-09-19 11:20:18,LUM-101,23.66,102.73,155.88,1.23,48.0,59.06,82.0
2026-09-19 11:20:28,LUM-101,23.64,102.48,152.15,1.146,48.15,55.19,76.4
2026-09-19 11:20:38,LUM-101,23.6,102.83,166.24,1.462,48.18,70.46,97.5
2026-09-19 11:20:48,LUM-101,23.72,103.08,163.86,1.411,47.87,67.53,94.1
2026-09-19 11:20:58,LUM-101,23.66,102.95,155.41,1.211,48.14,58.29,80.7
2026-09-19 11:21:08,LUM-101,23.64,102.8,155.23,1.216,47.91,58.25,81.1
2026-09-19 11:21:18,LUM-101,23.64,103.2,167.62,1.495,47.88,71.58,99.7
2026-09-19 11:21:28,LUM-101,23.75,102.89,152.12,1.137,48.12,54.7,75.8
2026-09-19 11:21:38,LUM-101,23.63,103.15,164.8,1.429,47.93,68.5,95.3
2026-09-19 11:21:48,LUM-101,23.72,103.51,167.36,1.484,47.8,70.94,98.9
2026-09-19 11:21:58,LUM-101,23.57,103.01,149.38,1.07,48.14,51.52,71.3
2026-09-19 11:22:08,LUM-101,23.76,102.73,151.21,1.123,47.95,53.87,74.9
2026-09-19 11:22:18,LUM-101,23.66,102.77,158.44,1.287,48.07,61.85,85.8
2026-09-19 11:22:28,LUM-101,23.7,102.42,150.83,1.124,47.86,53.78,74.9
2026-09-19 11:22:38,LUM-101,23.59,102.1,151.09,1.133,48.06,54.43,75.5
2026-09-19 11:22:48,LUM-101,23.75,101.73,149.79,1.11,48.08,53.39,74.0
2026-09-19 11:22:58,LUM-101,23.59,101.99,162.06,1.385,48.18,66.75,92.4
2026-09-19 11:23:08,LUM-101,23.75,101.79,151.85,1.159,48.0,55.62,77.3
2026-09-19 11:23:18,LUM-101,23.63,101.81,156.12,1.259,47.92,60.34,84.0
2026-09-19 11:23:28,LUM-101,23.69,101.44,148.31,1.081,48.18,52.08,72.1
2026-09-19 11:23:38,LUM-101,23.7,101.46,155.66,1.253,48.08,60.23,83.5
2026-09-19 11:23:48,LUM-101,23.75,101.64,160.27,1.354,48.11,65.14,90.3
2026-09-19 11:23:58,LUM-101,23.66,101.61,154.85,1.232,48.03,59.15,82.1
2026-09-19 11:24:08,LUM-101,23.75,101.92,162.4,1.401,47.97,67.21,93.4
2026-09-19 11:24:18,LUM-101,23.72,101.6,148.98,1.097,47.98,52.65,73.2
2026-09-19 11:24:28,LUM-101,23.74,101.73,159.23,1.337,47.8,63.89,89.1
2026-09-19 11:24:38,LUM-101,23.78,102.06,162.72,1.406,47.94,67.4,93.7
2026-09-19 11:24:48,LUM-101,23.75,101.95,154.67,1.22,48.02,58.58,81.3
2026-09-19 11:24:58,LUM-101,23.67,102.03,159.11,1.317,48.17,63.43,87.8
2026-09-19 11:25:08,LUM-101,23.61,101.61,148.08,1.076,48.01,51.63,71.7
2026-09-19 11:25:18,LUM-101,23.63,101.93,163.84,1.432,48.06,68.79,95.4
2026-09-19 11:25:28,LUM-101,23.68,102.27,163.16,1.405,48.15,67.66,93.7
2026-09-19 11:25:38,LUM-101,23.77,102.2,156.03,1.243,48.13,59.81,82.9
2026-09-19 11:25:48,LUM-101,23.79,102.63,166.18,1.468,48.09,70.6,97.9
2026-09-19 11:25:58,LUM-101,23.67,102.85,163.54,1.405,47.98,67.43,93.7
2026-09-19 11:26:08,LUM-101,23.67,102.48,149.27,1.084,47.97,51.98,72.2
2026-09-19 11:26:18,LUM-101,23.61,102.27,152.38,1.162,47.9,55.68,77.5
2026-09-19 11:26:28,LUM-101,23.76,102.08,153.53,1.192,47.97,57.17,79.5
2026-09-19 11:26:38,LUM-101,23.72,101.72,149.61,1.104,48.2,53.22,73.6
2026-09-19 11:26:48,LUM-101,23.64,101.6,152.92,1.187,48.03,57.02,79.1
2026-09-19 11:26:58,LUM-101,23.75,101.97,164.47,1.445,48.06,69.45,96.3
2026-09-19 11:27:08,LUM-101,23.81,101.93,156.39,1.255,48.2,60.5,83.7
2026-09-19 11:27:18,LUM-101,23.71,101.67,151.22,1.152,47.81,55.06,76.8
2026-09-19 11:27:28,LUM-101,23.65,102.11,166.88,1.498,48.05,71.97,99.9
2026-09-19 11:27:38,LUM-101,23.73,102.54,166.22,1.477,47.89,70.75,98.5
2026-09-19 11:27:48,LUM-101,23.74,102.6,158.42,1.296,47.84,62.02,86.4
2026-09-19 11:27:58,LUM-101,23.8,102.38,152.02,1.153,47.83,55.15,76.9
2026-09-19 11:28:08,LUM-101,23.72,102.8,166.03,1.458,48.17,70.25,97.2
2026-09-19 11:28:18,LUM-101,23.65,102.87,159.41,1.31,47.96,62.83,87.3
2026-09-19 11:28:28,LUM-101,23.68,102.9,158.44,1.287,47.96,61.71,85.8
2026-09-19 11:28:38,LUM-101,23.65,102.6,152.63,1.158,47.99,55.58,77.2
2026-09-19 11:28:48,LUM-101,23.75,102.52,155.55,1.231,47.86,58.93,82.1
2026-09-19 11:28:58,LUM-101,23.8,102.52,158.5,1.301,47.82,62.2,86.7
2026-09-19 11:29:08,LUM-101,23.77,102.69,160.65,1.343,47.94,64.4,89.6
2026-09-19 11:29:18,LUM-101,23.84,102.67,156.29,1.24,48.05,59.58,82.7
2026-09-19 11:29:28,LUM-101,23.65,102.43,152.35,1.152,48.15,55.46,76.8
2026-09-19 11:29:38,LUM-101,23.75,102.45,158.43,1.297,47.94,62.2,86.5
2026-09-19 11:29:48,LUM-101,23.71,102.63,160.83,1.353,47.81,64.67,90.2
2026-09-19 11:29:58,LUM-101,23.84,102.46,154.17,1.199,47.9,57.45,80.0
2026-09-19 11:30:08,LUM-101,23.79,102.27,152.39,1.159,48.03,55.69,77.3
2026-09-19 11:30:18,LUM-101,23.75,102.58,163.34,1.408,47.94,67.51,93.9
2026-09-19 11:30:28,LUM-101,23.82,102.72,161.44,1.363,47.88,65.25,90.9
2026-09-19 11:30:38,LUM-101,23.68,102.55,153.91,1.189,47.99,57.06,79.3
2026-09-19 11:30:48,LUM-101,23.75,102.55,157.19,1.268,47.89,60.71,84.5
2026-09-19 11:30:58,LUM-101,23.75,102.57,157.65,1.276,47.96,61.2,85.1
2026-09-19 11:31:08,LUM-101,23.76,102.83,163.78,1.411,47.98,67.72,94.1
2026-09-19 11:31:18,LUM-101,23.73,103.23,167.13,1.483,47.87,71.0,98.9
2026-09-19 11:31:28,LUM-101,23.69,103.61,167.05,1.465,48.12,70.49,97.7
2026-09-19 11:31:38,LUM-101,23.72,103.18,149.44,1.073,47.91,51.4,71.5
2026-09-19 11:31:48,LUM-101,23.82,103.26,160.11,1.32,47.86,63.16,88.0
2026-09-19 11:31:58,LUM-101,23.73,103.01,152.37,1.141,48.05,54.83,76.1
2026-09-19 11:32:08,LUM-101,23.87,103.4,166.26,1.46,47.83,69.84,97.3
2026-09-19 11:32:18,LUM-101,23.82,103.64,164.21,1.402,47.99,67.29,93.5
2026-09-19 11:32:28,LUM-101,23.76,103.3,150.83,1.104,47.86,52.81,73.6
2026-09-19 11:32:38,LUM-101,23.83,102.87,149.72,1.082,48.09,52.05,72.2
2026-09-19 11:32:48,LUM-101,23.84,103.34,168.11,1.499,48.03,71.97,99.9
2026-09-19 11:32:58,LUM-101,23.84,102.92,148.94,1.063,48.12,51.14,70.8
2026-09-19 11:33:08,LUM-101,23.86,102.98,158.89,1.297,47.9,62.12,86.5
2026-09-19 11:33:18,LUM-101,23.76,103.38,167.82,1.487,48.16,71.6,99.1
2026-09-19 11:33:28,LUM-101,23.86,103.52,161.18,1.337,47.93,64.07,89.1
2026-09-19 11:33:38,LUM-101,23.74,103.71,162.84,1.373,47.86,65.7,91.5
2026-09-19 11:33:48,LUM-101,23.84,104.02,165.9,1.435,47.9,68.75,95.7
2026-09-19 11:33:58,LUM-101,23.81,104.05,161.47,1.329,47.99,63.79,88.6
2026-09-19 11:34:08,LUM-101,23.87,104.2,163.11,1.365,47.95,65.46,91.0
2026-09-19 11:34:18,LUM-101,23.88,104.36,164.26,1.387,48.0,66.56,92.4
2026-09-19 11:34:28,LUM-101,23.89,104.32,159.85,1.283,48.09,61.71,85.5
2026-09-19 11:34:38,LUM-101,23.8,104.45,162.57,1.344,48.06,64.58,89.6
2026-09-19 11:34:48,LUM-101,23.82,104.61,164.88,1.392,48.09,66.97,92.8
2026-09-19 11:34:58,LUM-101,23.87,104.88,166.54,1.432,47.85,68.51,95.5
2026-09-19 11:35:08,LUM-101,23.8,105.05,165.36,1.392,48.12,67.0,92.8
2026-09-19 11:35:18,LUM-101,23.78,104.53,150.89,1.069,48.18,51.51,71.3
2026-09-19 11:35:28,LUM-101,23.91,104.09,150.14,1.07,47.82,51.16,71.3
2026-09-19 11:35:38,LUM-101,23.86,103.68,151.34,1.104,47.98,52.96,73.6
2026-09-19 11:35:48,LUM-101,23.78,103.31,150.25,1.087,47.96,52.15,72.5
2026-09-19 11:35:58,LUM-101,23.82,102.88,150.06,1.093,47.98,52.43,72.9
2026-09-19 11:36:08,LUM-101,23.8,102.54,150.07,1.099,48.06,52.81,73.3
2026-09-19 11:36:18,LUM-101,23.82,102.14,148.3,1.069,47.98,51.29,71.3
2026-09-19 11:36:28,LUM-101,23.79,101.74,148.0,1.067,48.15,51.39,71.2
2026-09-19 11:36:38,LUM-101,23.91,101.77,157.03,1.282,47.89,61.39,85.5
2026-09-19 11:36:48,LUM-101,23.77,101.39,146.92,1.054,47.98,50.59,70.3
2026-09-19 11:36:58,LUM-101,23.79,101.87,166.17,1.484,48.14,71.45,98.9
2026-09-19 11:37:08,LUM-101,23.82,101.73,153.29,1.197,47.84,57.28,79.8
2026-09-19 11:37:18,LUM-101,23.87,101.62,153.55,1.199,48.12,57.69,79.9
2026-09-19 11:37:28,LUM-101,23.75,101.47,152.4,1.18,47.98,56.6,78.6
2026-09-19 11:37:38,LUM-101,23.91,101.74,162.35,1.405,47.92,67.34,93.7
2026-09-19 11:37:48,LUM-101,23.87,101.52,150.14,1.125,48.03,54.02,75.0
2026-09-19 11:37:58,LUM-101,23.94,101.86,162.12,1.397,47.94,66.95,93.1
2026-09-19 11:38:08,LUM-101,23.93,102.25,165.47,1.464,48.0,70.24,97.6
2026-09-19 11:38:18,LUM-101,23.9,102.31,157.8,1.29,47.8,61.65,86.0
2026-09-19 11:38:28,LUM-101,23.79,102.17,153.37,1.187,47.95,56.89,79.1
2026-09-19 11:38:38,LUM-101,23.92,102.44,162.56,1.392,47.98,66.8,92.8
2026-09-19 11:38:48,LUM-101,23.84,102.46,157.16,1.265,48.05,60.78,84.3
2026-09-19 11:38:58,LUM-101,23.85,102.28,152.62,1.167,47.93,55.94,77.8
2026-09-19 11:39:08,LUM-101,23.93,102.49,161.23,1.363,47.89,65.27,90.9
2026-09-19 11:39:18,LUM-101,23.87,102.33,153.93,1.197,47.89,57.33,79.8
2026-09-19 11:39:28,LUM-101,23.79,101.97,149.65,1.108,47.82,52.98,73.8
2026-09-19 11:39:38,LUM-101,23.96,102.43,165.31,1.458,47.93,69.87,97.2
2026-09-19 11:39:48,LUM-101,23.89,102.74,164.18,1.421,48.03,68.26,94.7
2026-09-19 11:39:58,LUM-101,23.95,102.86,159.89,1.324,47.87,63.36,88.2
2026-09-19 11:40:08,LUM-101,23.93,103.06,161.84,1.364,47.88,65.31,90.9
2026-09-19 11:40:18,LUM-101,23.89,103.4,165.48,1.437,48.02,68.98,95.8
2026-09-19 11:40:28,LUM-101,23.91,103.19,153.48,1.16,48.17,55.89,77.3
2026-09-19 11:40:38,LUM-101,23.93,103.37,162.73,1.377,47.89,65.96,91.8
2026-09-19 11:40:48,LUM-101,23.88,103.08,152.25,1.138,48.03,54.64,75.8
2026-09-19 11:40:58,LUM-101,23.84,103.59,168.56,1.5,48.14,72.19,100.0
2026-09-19 11:41:08,LUM-101,23.91,103.85,164.9,1.416,47.88,67.83,94.4
2026-09-19 11:41:18,LUM-101,23.88,104.35,169.04,1.498,48.0,71.89,99.8
2026-09-19 11:41:28,LUM-101,23.81,104.04,154.01,1.154,48.12,55.53,76.9
2026-09-19 11:41:38,LUM-101,23.87,104.45,168.04,1.47,48.05,70.65,98.0
2026-09-19 11:41:48,LUM-101,23.85,104.58,162.41,1.338,48.02,64.26,89.2
2026-09-19 11:41:58,LUM-101,23.93,104.43,157.86,1.242,47.81,59.36,82.8
2026-09-19 11:42:08,LUM-101,23.97,104.03,151.08,1.093,47.85,52.28,72.8
2026-09-19 11:42:18,LUM-101,23.86,103.8,155.5,1.198,47.96,57.44,79.8
2026-09-19 11:42:28,LUM-101,23.88,103.7,157.52,1.244,48.07,59.81,83.0
2026-09-19 11:42:38,LUM-101,23.92,103.79,161.78,1.337,48.18,64.43,89.1
2026-09-19 11:42:48,LUM-101,23.95,103.36,149.79,1.072,48.13,51.58,71.5
2026-09-19 11:42:58,LUM-101,23.99,102.99,150.89,1.112,47.85,53.23,74.2
2026-09-19 11:43:08,LUM-101,23.97,103.33,165.24,1.437,47.86,68.79,95.8
2026-09-19 11:43:18,LUM-101,23.83,103.39,159.71,1.302,48.05,62.57,86.8
2026-09-19 11:43:28,LUM-101,23.95,103.54,161.49,1.344,47.89,64.39,89.6
2026-09-19 11:43:38,LUM-101,23.95,103.64,159.69,1.299,47.93,62.28,86.6
2026-09-19 11:43:48,LUM-101,23.98,104.02,166.93,1.453,48.09,69.89,96.9
2026-09-19 11:43:58,LUM-101,23.97,103.55,149.66,1.067,48.01,51.23,71.1
2026-09-19 11:44:08,LUM-101,24.0,103.79,163.1,1.375,47.92,65.9,91.7
2026-09-19 11:44:18,LUM-101,23.95,103.94,161.89,1.341,48.02,64.38,89.4
2026-09-19 11:44:28,LUM-101,23.88,104.02,161.18,1.322,48.04,63.51,88.1
2026-09-19 11:44:38,LUM-101,23.86,104.04,158.86,1.268,48.03,60.91,84.5
2026-09-19 11:44:48,LUM-101,24.03,103.95,157.89,1.245,48.14,59.93,83.0
2026-09-19 11:44:58,LUM-101,23.9,103.47,148.9,1.05,48.06,50.47,70.0
2026-09-19 11:45:08,LUM-101,23.89,103.31,154.25,1.179,48.01,56.61,78.6
2026-09-19 11:45:18,LUM-101,23.96,103.15,153.82,1.174,47.93,56.29,78.3
2026-09-19 11:45:28,LUM-101,23.86,102.85,151.6,1.126,48.09,54.16,75.1
2026-09-19 11:45:38,LUM-101,23.96,102.63,153.14,1.172,47.9,56.12,78.1
2026-09-19 11:45:48,LUM-101,23.85,102.21,147.92,1.057,48.04,50.8,70.5
2026-09-19 11:45:58,LUM-101,23.95,101.85,147.52,1.062,47.8,50.75,70.8
2026-09-19 11:46:08,LUM-101,24.02,101.78,154.68,1.22,48.16,58.78,81.4
2026-09-19 11:46:18,LUM-101,23.86,101.82,156.01,1.253,48.07,60.22,83.5
2026-09-19 11:46:28,LUM-101,23.88,101.63,151.91,1.166,47.92,55.87,77.7
2026-09-19 11:46:38,LUM-101,23.97,101.36,149.45,1.114,47.96,53.42,74.3
2026-09-19 11:46:48,LUM-101,24.0,100.98,146.77,1.064,47.82,50.88,70.9
2026-09-19 11:46:58,LUM-101,23.93,100.65,146.36,1.059,47.97,50.79,70.6
2026-09-19 11:47:08,LUM-101,23.9,100.39,147.55,1.093,47.94,52.4,72.9
2026-09-19 11:47:18,LUM-101,24.05,100.6,157.9,1.331,47.83,63.67,88.7
2026-09-19 11:47:28,LUM-101,23.89,100.56,152.67,1.203,48.14,57.9,80.2
2026-09-19 11:47:38,LUM-101,23.95,100.75,158.64,1.339,48.02,64.31,89.3
2026-09-19 11:47:48,LUM-101,24.03,100.56,150.41,1.157,47.86,55.38,77.1
2026-09-19 11:47:58,LUM-101,23.93,100.99,162.69,1.428,48.0,68.56,95.2
2026-09-19 11:48:08,LUM-101,24.03,100.81,150.62,1.156,47.87,55.35,77.1
2026-09-19 11:48:18,LUM-101,23.93,100.7,150.82,1.156,48.18,55.68,77.0
2026-09-19 11:48:28,LUM-101,24.07,101.05,161.02,1.392,47.87,66.63,92.8
2026-09-19 11:48:38,LUM-101,23.93,101.53,165.44,1.478,48.04,71.01,98.6
2026-09-19 11:48:48,LUM-101,23.92,101.79,160.24,1.355,47.93,64.94,90.3
2026-09-19 11:48:58,LUM-101,23.98,102.17,164.11,1.436,47.94,68.83,95.7
2026-09-19 11:49:08,LUM-101,23.94,102.09,154.52,1.214,47.97,58.25,81.0
2026-09-19 11:49:18,LUM-101,24.0,101.81,150.19,1.117,48.11,53.75,74.5
2026-09-19 11:49:28,LUM-101,23.91,101.83,155.11,1.235,47.92,59.19,82.3
2026-09-19 11:49:38,LUM-101,23.98,102.12,162.6,1.406,47.81,67.2,93.7
2026-09-19 11:49:48,LUM-101,23.95,102.27,160.12,1.343,47.84,64.28,89.6
2026-09-19 11:49:58,LUM-101,23.99,102.02,151.58,1.149,47.91,55.07,76.6
2026-09-19 11:50:08,LUM-101,23.93,102.43,163.78,1.419,48.04,68.17,94.6
2026-09-19 11:50:18,LUM-101,23.94,102.03,147.52,1.052,48.04,50.55,70.2
2026-09-19 11:50:28,LUM-101,23.95,101.9,153.49,1.191,48.12,57.32,79.4
2026-09-19 11:50:38,LUM-101,24.1,102.23,163.29,1.413,48.01,67.85,94.2
2026-09-19 11:50:48,LUM-101,24.05,102.69,165.95,1.459,48.17,70.28,97.3
2026-09-19 11:50:58,LUM-101,24.09,102.28,147.81,1.056,47.9,50.58,70.4
2026-09-19 11:51:08,LUM-101,23.94,102.42,158.58,1.305,47.82,62.4,87.0
2026-09-19 11:51:18,LUM-101,24.05,102.35,154.95,1.219,47.96,58.44,81.2
2026-09-19 11:51:28,LUM-101,24.07,102.42,158.19,1.287,48.13,61.97,85.8
2026-09-19 11:51:38,LUM-101,24.02,102.58,159.03,1.305,48.08,62.72,87.0
2026-09-19 11:51:48,LUM-101,23.93,102.95,164.17,1.418,47.95,68.02,94.6
2026-09-19 11:51:58,LUM-101,24.11,102.77,152.77,1.157,48.02,55.55,77.1
2026-09-19 11:52:08,LUM-101,23.99,103.16,166.08,1.459,47.93,69.91,97.2
2026-09-19 11:52:18,LUM-101,23.95,103.21,157.87,1.264,48.04,60.73,84.3
2026-09-19 11:52:28,LUM-101,24.02,103.61,165.43,1.428,48.08,68.68,95.2
2026-09-19 11:52:38,LUM-101,24.05,103.75,160.45,1.317,47.83,62.99,87.8
2026-09-19 11:52:48,LUM-101,24.0,103.99,163.96,1.392,47.85,66.63,92.8
2026-09-19 11:52:58,LUM-101,23.99,103.97,159.19,1.283,47.83,61.36,85.5
2026-09-19 11:53:08,LUM-101,24.02,104.25,165.89,1.427,47.99,68.49,95.1
2026-09-19 11:53:18,LUM-101,24.11,104.35,162.72,1.347,48.13,64.85,89.8
2026-09-19 11:53:28,LUM-101,24.05,104.63,166.04,1.426,47.86,68.23,95.0
2026-09-19 11:53:38,LUM-101,24.0,104.19,151.59,1.094,48.15,52.67,72.9
2026-09-19 11:53:48,LUM-101,23.97,104.44,164.45,1.391,47.93,66.68,92.7
2026-09-19 11:53:58,LUM-101,24.05,103.99,150.36,1.077,47.86,51.53,71.8
2026-09-19 11:54:08,LUM-101,23.99,104.26,165.47,1.418,47.97,68.0,94.5
2026-09-19 11:54:18,LUM-101,24.02,104.12,156.83,1.222,47.91,58.57,81.5
2026-09-19 11:54:28,LUM-101,24.12,104.12,158.38,1.252,48.16,60.29,83.5
2026-09-19 11:54:38,LUM-101,24.12,104.04,157.86,1.244,48.07,59.81,82.9
2026-09-19 11:54:48,LUM-101,23.97,104.28,163.81,1.377,48.03,66.14,91.8
2026-09-19 11:54:58,LUM-101,23.98,104.03,153.65,1.146,48.12,55.14,76.4
2026-09-19 11:55:08,LUM-101,24.14,103.71,152.33,1.122,48.13,54.02,74.8
2026-09-19 11:55:18,LUM-101,24.13,103.92,163.13,1.375,47.86,65.79,91.7
2026-09-19 11:55:28,LUM-101,23.99,104.24,165.54,1.419,47.99,68.11,94.6
2026-09-19 11:55:38,LUM-101,23.98,104.38,163.12,1.361,47.96,65.26,90.7
2026-09-19 11:55:48,LUM-101,24.04,104.67,166.4,1.427,48.07,68.58,95.1
2026-09-19 11:55:58,LUM-101,23.99,104.8,162.82,1.348,47.82,64.46,89.9
2026-09-19 11:56:08,LUM-101,24.12,105.08,165.72,1.404,47.98,67.38,93.6
2026-09-19 11:56:18,LUM-101,24.06,105.08,161.75,1.308,48.15,62.96,87.2
2026-09-19 11:56:28,LUM-101,24.05,104.92,157.15,1.21,47.98,58.04,80.6
2026-09-19 11:56:38,LUM-101,24.12,104.7,156.33,1.2,47.81,57.37,80.0
2026-09-19 11:56:48,LUM-101,24.05,104.73,160.4,1.293,47.83,61.86,86.2
2026-09-19 11:56:58,LUM-101,24.1,104.51,155.88,1.191,47.93,57.08,79.4
2026-09-19 11:57:08,LUM-101,24.08,104.89,168.41,1.469,48.05,70.58,97.9
2026-09-19 11:57:18,LUM-101,24.01,104.61,155.36,1.172,48.1,56.39,78.1
2026-09-19 11:57:28,LUM-101,24.12,104.25,151.43,1.093,47.95,52.43,72.9
2026-09-19 11:57:38,LUM-101,24.09,104.36,160.88,1.313,47.85,62.81,87.5
2026-09-19 11:57:48,LUM-101,24.06,104.17,154.56,1.162,48.18,55.99,77.5
2026-09-19 11:57:58,LUM-101,24.17,104.02,155.46,1.193,47.93,57.16,79.5
2026-09-19 11:58:08,LUM-101,24.08,103.98,157.24,1.235,47.93,59.17,82.3
2026-09-19 11:58:18,LUM-101,24.11,103.56,149.85,1.07,48.05,51.44,71.4
2026-09-19 11:58:28,LUM-101,24.1,103.08,148.61,1.054,48.01,50.59,70.2
2026-09-19 11:58:38,LUM-101,24.09,103.5,166.88,1.462,48.17,70.42,97.5
2026-09-19 11:58:48,LUM-101,24.06,103.54,158.37,1.272,47.9,60.92,84.8
2026-09-19 11:58:58,LUM-101,24.18,104.05,168.3,1.493,47.8,71.39,99.6
2026-09-19 11:59:08,LUM-101,24.03,104.45,168.02,1.477,47.82,70.63,98.5
2026-09-19 11:59:18,LUM-101,24.11,104.01,149.81,1.063,47.85,50.89,70.9
2026-09-19 11:59:28,LUM-101,24.04,104.05,159.69,1.285,48.13,61.82,85.6
2026-09-19 11:59:38,LUM-101,24.08,104.28,164.42,1.389,48.12,66.82,92.6
2026-09-19 11:59:48,LUM-101,24.06,103.99,153.82,1.149,48.18,55.37,76.6
2026-09-19 11:59:58,LUM-101,24.06,103.66,152.81,1.138,47.97,54.61,75.9
2026-09-19 12:00:08,LUM-101,24.05,103.34,152.14,1.132,47.87,54.21,75.5
2026-09-19 12:00:18,LUM-101,24.18,103.77,166.39,1.451,47.95,69.58,96.7
2026-09-19 12:00:28,LUM-101,24.09,103.68,157.02,1.235,48.0,59.28,82.3
2026-09-19 12:00:38,LUM-101,24.13,103.8,159.82,1.292,48.2,62.25,86.1
2026-09-19 12:00:48,LUM-101,24.16,104.15,166.24,1.437,48.01,68.99,95.8
2026-09-19 12:00:58,LUM-101,24.21,103.99,154.98,1.179,48.06,56.66,78.6
2026-09-19 12:01:08,LUM-101,24.12,103.55,150.16,1.08,47.95,51.79,72.0
2026-09-19 12:01:18,LUM-101,24.06,104.01,167.58,1.477,47.83,70.63,98.4
2026-09-19 12:01:28,LUM-101,24.15,104.29,163.99,1.382,48.01,66.33,92.1
2026-09-19 12:01:38,LUM-101,24.17,103.88,150.03,1.069,47.98,51.27,71.2
2026-09-19 12:01:48,LUM-101,24.15,103.79,157.46,1.246,47.86,59.64,83.1
2026-09-19 12:01:58,LUM-101,24.13,103.62,155.11,1.19,48.06,57.21,79.3
2026-09-19 12:02:08,LUM-101,24.14,103.77,161.15,1.324,48.14,63.75,88.3
2026-09-19 12:02:18,LUM-101,24.24,103.9,161.42,1.332,47.99,63.91,88.8
2026-09-19 12:02:28,LUM-101,24.23,104.06,162.75,1.364,47.81,65.22,90.9
2026-09-19 12:02:38,LUM-101,24.12,103.85,154.06,1.161,48.06,55.79,77.4
2026-09-19 12:02:48,LUM-101,24.15,104.25,167.49,1.462,48.06,70.27,97.5
2026-09-19 12:02:58,LUM-101,24.13,104.03,154.34,1.163,48.08,55.9,77.5
2026-09-19 12:03:08,LUM-101,24.14,104.3,164.55,1.399,47.84,66.95,93.3
2026-09-19 12:03:18,LUM-101,24.23,104.18,155.76,1.193,48.03,57.32,79.6
2026-09-19 12:03:28,LUM-101,24.09,104.1,156.75,1.22,47.94,58.51,81.4
2026-09-19 12:03:38,LUM-101,24.14,103.89,155.11,1.186,47.99,56.91,79.1
2026-09-19 12:03:48,LUM-101,24.12,103.91,159.55,1.292,47.84,61.82,86.1
2026-09-19 12:03:58,LUM-101,24.12,103.53,149.75,1.074,47.82,51.36,71.6
2026-09-19 12:04:08,LUM-101,24.23,103.7,161.33,1.331,48.1,64.03,88.7
2026-09-19 12:04:18,LUM-101,24.17,103.87,161.97,1.34,48.17,64.55,89.3
2026-09-19 12:04:28,LUM-101,24.15,104.04,162.51,1.352,48.06,64.96,90.1
2026-09-19 12:04:38,LUM-101,24.11,104.24,162.12,1.344,47.85,64.31,89.6
2026-09-19 12:04:48,LUM-101,24.1,103.96,152.96,1.137,47.87,54.43,75.8
2026-09-19 12:04:58,LUM-101,24.18,104.0,158.45,1.265,47.84,60.5,84.3
2026-09-19 12:05:08,LUM-101,24.1,104.45,168.55,1.478,48.19,71.22,98.5
2026-09-19 12:05:18,LUM-101,24.24,104.87,169.12,1.492,47.85,71.38,99.5
2026-09-19 12:05:28,LUM-101,24.19,104.48,150.68,1.073,47.83,51.33,71.6
2026-09-19 12:05:38,LUM-101,24.12,104.36,156.6,1.21,47.96,58.05,80.7
2026-09-19 12:05:48,LUM-101,24.27,104.34,159.74,1.284,47.94,61.55,85.6
2026-09-19 12:05:58,LUM-101,24.13,104.37,158.95,1.268,47.83,60.64,84.5
2026-09-19 12:06:08,LUM-101,24.13,104.8,168.12,1.466,47.99,70.36,97.7
2026-09-19 12:06:18,LUM-101,24.18,105.23,169.46,1.484,48.08,71.37,99.0
2026-09-19 12:06:28,LUM-101,24.19,105.64,169.7,1.485,47.94,71.18,99.0
2026-09-19 12:06:38,LUM-101,24.12,105.77,164.37,1.359,47.91,65.12,90.6
2026-09-19 12:06:48,LUM-101,24.25,105.58,156.97,1.187,48.09,57.1,79.2
2026-09-19 12:06:58,LUM-101,24.12,105.25,153.22,1.115,47.81,53.3,74.3
2026-09-19 12:07:08,LUM-101,24.23,104.8,151.54,1.085,47.87,51.93,72.3
2026-09-19 12:07:18,LUM-101,24.12,104.98,164.32,1.369,48.17,65.94,91.3
2026-09-19 12:07:28,LUM-101,24.17,104.64,152.15,1.097,48.14,52.79,73.1
2026-09-19 12:07:38,LUM-101,24.21,104.56,157.02,1.216,47.92,58.29,81.1
2026-09-19 12:07:48,LUM-101,24.28,104.75,164.21,1.378,47.96,66.07,91.8
2026-09-19 12:07:58,LUM-101,24.24,104.69,158.45,1.246,47.94,59.74,83.1
2026-09-19 12:08:08,LUM-101,24.15,104.4,154.22,1.154,47.96,55.35,76.9
2026-09-19 12:08:18,LUM-101,24.15,104.09,152.87,1.13,47.96,54.19,75.3
2026-09-19 12:08:28,LUM-101,24.31,104.54,168.87,1.494,47.85,71.48,99.6
2026-09-19 12:08:38,LUM-101,24.19,104.63,162.26,1.339,47.8,64.03,89.3
2026-09-19 12:08:48,LUM-101,24.18,104.59,158.7,1.253,48.0,60.13,83.5
2026-09-19 12:08:58,LUM-101,24.15,104.89,166.55,1.422,48.17,68.51,94.8
2026-09-19 12:09:08,LUM-101,24.24,105.24,166.75,1.425,47.97,68.34,95.0
2026-09-19 12:09:18,LUM-101,24.17,105.63,169.12,1.466,48.11,70.54,97.8
2026-09-19 12:09:28,LUM-101,24.25,105.54,158.95,1.236,47.99,59.34,82.4
2026-09-19 12:09:38,LUM-101,24.18,105.85,167.18,1.421,47.96,68.14,94.7
2026-09-19 12:09:48,LUM-101,24.26,105.94,164.36,1.354,47.93,64.9,90.3
2026-09-19 12:09:58,LUM-101,24.29,105.76,157.97,1.209,47.98,58.01,80.6
2026-09-19 12:10:08,LUM-101,24.15,105.7,160.62,1.27,48.05,61.03,84.7
2026-09-19 12:10:18,LUM-101,24.23,105.8,163.1,1.33,47.86,63.67,88.7
2026-09-19 12:10:28,LUM-101,24.33,106.16,168.89,1.449,48.12,69.7,96.6
2026-09-19 12:10:38,LUM-101,24.31,106.35,166.52,1.39,48.1,66.85,92.7
2026-09-19 12:10:48,LUM-101,24.3,106.05,155.92,1.153,48.06,55.41,76.9
2026-09-19 12:10:58,LUM-101,24.19,105.99,159.99,1.247,48.1,59.99,83.2
2026-09-19 12:11:08,LUM-101,24.21,106.05,162.94,1.321,47.84,63.21,88.1
2026-09-19 12:11:18,LUM-101,24.2,106.28,165.91,1.38,48.02,66.26,92.0
2026-09-19 12:11:28,LUM-101,24.34,106.53,167.8,1.422,47.88,68.09,94.8
2026-09-19 12:11:38,LUM-101,24.34,106.68,165.56,1.363,47.99,65.42,90.9
2026-09-19 12:11:48,LUM-101,24.24,106.16,152.73,1.074,48.19,51.75,71.6
2026-09-19 12:11:58,LUM-101,24.3,106.47,168.28,1.433,47.92,68.68,95.5
2026-09-19 12:12:08,LUM-101,24.2,106.69,168.08,1.421,47.99,68.21,94.8
2026-09-19 12:12:18,LUM-101,24.32,106.34,154.9,1.125,47.96,53.95,75.0
2026-09-19 12:12:28,LUM-101,24.37,106.08,156.95,1.181,47.86,56.53,78.7
2026-09-19 12:12:38,LUM-101,24.2,105.55,151.27,1.063,47.8,50.79,70.8
2026-09-19 12:12:48,LUM-101,24.2,105.6,162.9,1.325,48.07,63.67,88.3
2026-09-19 12:12:58,LUM-101,24.24,105.52,159.16,1.243,47.94,59.6,82.9
2026-09-19 12:13:08,LUM-101,24.22,105.37,158.46,1.232,47.89,58.99,82.1
2026-09-19 12:13:18,LUM-101,24.38,105.81,168.91,1.467,47.81,70.11,97.8
2026-09-19 12:13:28,LUM-101,24.25,105.39,152.94,1.1,48.02,52.84,73.4
2026-09-19 12:13:38,LUM-101,24.34,105.02,153.41,1.12,48.01,53.77,74.7
2026-09-19 12:13:48,LUM-101,24.38,104.79,154.26,1.142,48.12,54.97,76.2
2026-09-19 12:13:58,LUM-101,24.36,104.81,160.97,1.301,47.94,62.4,86.8
2026-09-19 12:14:08,LUM-101,24.22,104.51,154.24,1.155,47.83,55.26,77.0
2026-09-19 12:14:18,LUM-101,24.33,104.88,168.07,1.457,48.18,70.21,97.1
2026-09-19 12:14:28,LUM-101,24.35,105.24,167.93,1.446,48.18,69.66,96.4
2026-09-19 12:14:38,LUM-101,24.35,105.06,155.55,1.17,47.93,56.1,78.0
2026-09-19 12:14:48,LUM-101,24.31,104.62,151.29,1.079,48.04,51.85,72.0
2026-09-19 12:14:58,LUM-101,24.28,104.4,153.92,1.147,47.98,55.02,76.4
2026-09-19 12:15:08,LUM-101,24.39,104.44,159.56,1.271,48.18,61.25,84.8
2026-09-19 12:15:18,LUM-101,24.28,104.55,160.89,1.299,48.19,62.59,86.6
2026-09-19 12:15:28,LUM-101,24.29,104.36,154.39,1.159,47.95,55.59,77.3
2026-09-19 12:15:38,LUM-101,24.32,103.98,149.99,1.068,47.87,51.12,71.2
2026-09-19 12:15:48,LUM-101,24.3,103.62,150.0,1.076,47.9,51.54,71.7
2026-09-19 12:15:58,LUM-101,24.24,103.7,158.92,1.277,48.03,61.35,85.2
2026-09-19 12:16:08,LUM-101,24.28,103.88,161.05,1.326,47.89,63.52,88.4
2026-09-19 12:16:18,LUM-101,24.27,104.09,161.53,1.329,48.03,63.81,88.6
2026-09-19 12:16:28,LUM-101,24.33,104.35,163.13,1.359,48.07,65.31,90.6
2026-09-19 12:16:38,LUM-101,24.42,104.52,162.2,1.34,47.81,64.09,89.4
2026-09-19 12:16:48,LUM-101,24.4,104.57,160.81,1.297,48.17,62.49,86.5
2026-09-19 12:16:58,LUM-101,24.39,104.79,162.93,1.344,48.05,64.6,89.6
2026-09-19 12:17:08,LUM-101,24.3,104.72,158.7,1.25,48.0,59.98,83.3
2026-09-19 12:17:18,LUM-101,24.41,105.17,169.09,1.477,48.08,71.02,98.5
2026-09-19 12:17:28,LUM-101,24.41,105.28,162.29,1.32,48.01,63.35,88.0
2026-09-19 12:17:38,LUM-101,24.32,105.22,158.58,1.234,48.05,59.3,82.3
2026-09-19 12:17:48,LUM-101,24.4,104.76,151.3,1.075,48.09,51.71,71.7
2026-09-19 12:17:58,LUM-101,24.4,104.51,153.55,1.131,48.16,54.49,75.4
2026-09-19 12:18:08,LUM-101,24.3,104.19,152.67,1.121,48.03,53.87,74.8
2026-09-19 12:18:18,LUM-101,24.36,104.1,157.25,1.227,48.12,59.06,81.8
2026-09-19 12:18:28,LUM-101,24.26,104.25,161.57,1.326,48.05,63.69,88.4
2026-09-19 12:18:38,LUM-101,24.36,104.64,166.39,1.432,47.9,68.61,95.5
2026-09-19 12:18:48,LUM-101,24.36,104.77,161.25,1.31,47.92,62.75,87.3
2026-09-19 12:18:58,LUM-101,24.36,105.29,169.7,1.497,47.81,71.56,99.8
2026-09-19 12:19:08,LUM-101,24.33,104.91,151.99,1.085,48.19,52.3,72.4
2026-09-19 12:19:18,LUM-101,24.39,104.56,150.95,1.072,48.08,51.55,71.5
2026-09-19 12:19:28,LUM-101,24.44,104.57,158.44,1.251,47.85,59.86,83.4
2026-09-19 12:19:38,LUM-101,24.38,104.4,155.0,1.171,47.99,56.22,78.1
2026-09-19 12:19:48,LUM-101,24.46,104.89,169.17,1.487,48.04,71.42,99.1
2026-09-19 12:19:58,LUM-101,24.3,105.09,162.79,1.337,47.95,64.12,89.1
2026-09-19 12:20:08,LUM-101,24.32,104.95,157.6,1.221,47.92,58.51,81.4
2026-09-19 12:20:18,LUM-101,24.29,104.83,157.38,1.216,48.01,58.39,81.1
2026-09-19 12:20:28,LUM-101,24.36,105.34,169.96,1.497,47.97,71.8,99.8
2026-09-19 12:20:38,LUM-101,24.29,105.55,165.52,1.384,48.15,66.63,92.2
2026-09-19 12:20:48,LUM-101,24.38,105.41,157.23,1.196,48.14,57.57,79.7
2026-09-19 12:20:58,LUM-101,24.46,105.37,159.47,1.249,48.14,60.11,83.2
2026-09-19 12:21:08,LUM-101,24.49,105.8,168.66,1.461,47.82,69.85,97.4
2026-09-19 12:21:18,LUM-101,24.38,105.57,156.58,1.179,48.09,56.68,78.6
2026-09-19 12:21:28,LUM-101,24.36,105.33,156.51,1.188,47.87,56.87,79.2
2026-09-19 12:21:38,LUM-101,24.47,105.67,167.92,1.441,47.99,69.18,96.1
2026-09-19 12:21:48,LUM-101,24.48,105.19,151.12,1.066,47.88,51.04,71.1
2026-09-19 12:21:58,LUM-101,24.31,105.22,160.77,1.287,47.95,61.72,85.8
2026-09-19 12:22:08,LUM-101,24.32,105.05,155.83,1.177,47.94,56.42,78.5
2026-09-19 12:22:18,LUM-101,24.35,105.04,159.25,1.251,48.14,60.24,83.4
2026-09-19 12:22:28,LUM-101,24.37,104.84,155.08,1.163,47.98,55.82,77.6
2026-09-19 12:22:38,LUM-101,24.5,104.53,153.12,1.125,48.02,54.0,75.0
2026-09-19 12:22:48,LUM-101,24.39,105.01,168.24,1.464,48.0,70.25,97.6
2026-09-19 12:22:58,LUM-101,24.41,105.2,163.79,1.357,47.96,65.1,90.5
2026-09-19 12:23:08,LUM-101,24.5,104.85,152.81,1.11,48.02,53.28,74.0
2026-09-19 12:23:18,LUM-101,24.46,105.26,167.13,1.427,48.18,68.74,95.1
2026-09-19 12:23:28,LUM-101,24.42,105.38,161.9,1.308,48.02,62.8,87.2
2026-09-19 12:23:38,LUM-101,24.52,105.46,162.58,1.32,48.08,63.47,88.0
2026-09-19 12:23:48,LUM-101,24.43,105.21,155.44,1.158,48.18,55.81,77.2
2026-09-19 12:23:58,LUM-101,24.39,105.23,161.42,1.304,47.87,62.43,86.9
2026-09-19 12:24:08,LUM-101,24.45,105.26,160.83,1.288,47.94,61.74,85.9
2026-09-19 12:24:18,LUM-101,24.5,105.62,168.32,1.456,47.84,69.66,97.1
2026-09-19 12:24:28,LUM-101,24.4,105.75,163.28,1.335,47.87,63.92,89.0
2026-09-19 12:24:38,LUM-101,24.43,105.5,156.21,1.177,47.89,56.35,78.4
2026-09-19 12:24:48,LUM-101,24.51,105.4,158.13,1.217,48.13,58.59,81.2
2026-09-19 12:24:58,LUM-101,24.37,105.3,158.47,1.23,48.04,59.08,82.0
2026-09-19 12:25:08,LUM-101,24.54,105.47,164.52,1.363,48.15,65.61,90.8
2026-09-19 12:25:18,LUM-101,24.46,106.01,170.91,1.499,48.1,72.11,100.0
2026-09-19 12:25:28,LUM-101,24.47,105.9,157.8,1.205,47.84,57.67,80.4
2026-09-19 12:25:38,LUM-101,24.36,105.72,156.97,1.19,47.87,56.95,79.3
2026-09-19 12:25:48,LUM-101,24.5,105.93,164.59,1.356,48.06,65.18,90.4
2026-09-19 12:25:58,LUM-101,24.42,106.08,164.01,1.344,47.89,64.36,89.6
2026-09-19 12:26:08,LUM-101,24.49,105.76,155.25,1.145,48.02,54.99,76.3
2026-09-19 12:26:18,LUM-101,24.52,106.06,166.14,1.389,48.06,66.75,92.6
2026-09-19 12:26:28,LUM-101,24.47,106.17,163.79,1.33,48.12,64.02,88.7
2026-09-19 12:26:38,LUM-101,24.53,105.88,154.75,1.136,47.81,54.3,75.7
2026-09-19 12:26:48,LUM-101,24.49,106.35,170.01,1.473,48.04,70.74,98.2
2026-09-19 12:26:58,LUM-101,24.54,106.75,170.88,1.48,48.15,71.26,98.6
2026-09-19 12:27:08,LUM-101,24.54,106.33,152.56,1.071,47.94,51.36,71.4
2026-09-19 12:27:18,LUM-101,24.52,106.73,170.19,1.468,48.04,70.51,97.8
2026-09-19 12:27:28,LUM-101,24.39,107.2,171.83,1.492,48.13,71.82,99.5
2026-09-19 12:27:38,LUM-101,24.4,107.31,165.85,1.358,47.9,65.04,90.5
2026-09-19 12:27:48,LUM-101,24.38,106.81,153.0,1.072,47.89,51.32,71.4
2026-09-19 12:27:58,LUM-101,24.53,106.45,155.37,1.136,47.86,54.36,75.7
2026-09-19 12:28:08,LUM-101,24.51,106.6,165.65,1.367,47.98,65.61,91.2
2026-09-19 12:28:18,LUM-101,24.49,106.22,153.51,1.09,48.2,52.54,72.7
2026-09-19 12:28:28,LUM-101,24.44,106.08,158.4,1.212,47.96,58.14,80.8
2026-09-19 12:28:38,LUM-101,24.46,106.02,160.52,1.263,47.95,60.56,84.2
2026-09-19 12:28:48,LUM-101,24.51,105.68,154.17,1.122,48.01,53.87,74.8
2026-09-19 12:28:58,LUM-101,24.58,105.47,155.04,1.145,48.1,55.07,76.3
2026-09-19 12:29:08,LUM-101,24.52,105.55,161.77,1.302,47.97,62.47,86.8
2026-09-19 12:29:18,LUM-101,24.42,105.99,169.4,1.463,48.17,70.45,97.5
2026-09-19 12:29:28,LUM-101,24.43,105.85,158.95,1.232,47.89,59.0,82.1
2026-09-19 12:29:38,LUM-101,24.47,106.17,166.49,1.395,48.04,67.03,93.0
2026-09-19 12:29:48,LUM-101,24.5,106.23,162.68,1.309,47.92,62.72,87.3
2026-09-19 12:29:58,LUM-101,24.54,105.75,151.61,1.06,48.09,50.96,70.6
2026-09-19 12:30:08,LUM-101,24.48,105.36,152.16,1.087,47.83,52.01,72.5
2026-09-19 12:30:18,LUM-101,24.43,105.07,153.28,1.116,48.0,53.56,74.4
2026-09-19 12:30:28,LUM-101,24.52,105.41,166.13,1.406,47.98,67.47,93.8
2026-09-19 12:30:38,LUM-101,24.46,105.72,167.02,1.416,48.09,68.11,94.4
2026-09-19 12:30:48,LUM-101,24.58,105.55,157.04,1.195,47.89,57.21,79.6
2026-09-19 12:30:58,LUM-101,24.43,105.95,168.99,1.456,48.12,70.05,97.0
2026-09-19 12:31:08,LUM-101,24.53,106.25,167.72,1.426,47.92,68.31,95.0
2026-09-19 12:31:18,LUM-101,24.59,106.49,166.13,1.376,48.15,66.26,91.7
2026-09-19 12:31:28,LUM-101,24.55,106.24,155.47,1.141,47.96,54.7,76.0
2026-09-19 12:31:38,LUM-101,24.44,106.17,160.83,1.268,47.92,60.74,84.5
2026-09-19 12:31:48,LUM-101,24.49,106.18,161.3,1.279,47.87,61.25,85.3
2026-09-19 12:31:58,LUM-101,24.53,106.25,162.79,1.314,47.82,62.81,87.6
2026-09-19 12:32:08,LUM-101,24.56,105.77,151.68,1.067,47.8,51.0,71.1
2026-09-19 12:32:18,LUM-101,24.55,105.57,155.99,1.171,47.85,56.02,78.1
2026-09-19 12:32:28,LUM-101,24.61,105.35,155.41,1.159,47.97,55.62,77.3
2026-09-19 12:32:38,LUM-101,24.52,105.08,153.1,1.116,47.83,53.36,74.4
2026-09-19 12:32:48,LUM-101,24.61,105.41,166.87,1.428,47.82,68.28,95.2
2026-09-19 12:32:58,LUM-101,24.57,105.29,156.43,1.188,47.83,56.82,79.2
2026-09-19 12:33:08,LUM-101,24.58,105.51,164.65,1.367,48.05,65.7,91.2
2026-09-19 12:33:18,LUM-101,24.52,105.1,150.95,1.066,47.81,50.95,71.0
2026-09-19 12:33:28,LUM-101,24.48,105.42,165.89,1.404,47.86,67.18,93.6
2026-09-19 12:33:38,LUM-101,24.6,105.15,153.91,1.131,47.89,54.18,75.4
2026-09-19 12:33:48,LUM-101,24.6,105.63,168.87,1.466,47.95,70.27,97.7
2026-09-19 12:33:58,LUM-101,24.54,105.6,159.54,1.246,48.1,59.92,83.1
2026-09-19 12:34:08,LUM-101,24.47,105.93,166.57,1.407,47.89,67.37,93.8
2026-09-19 12:34:18,LUM-101,24.49,106.06,163.4,1.324,48.12,63.72,88.3
2026-09-19 12:34:28,LUM-101,24.58,106.23,165.21,1.37,47.85,65.54,91.3
2026-09-19 12:34:38,LUM-101,24.6,106.17,159.4,1.232,48.02,59.14,82.1
2026-09-19 12:34:48,LUM-101,24.58,105.77,151.69,1.064,47.94,51.02,70.9
2026-09-19 12:34:58,LUM-101,24.58,106.16,168.99,1.452,48.09,69.82,96.8
2026-09-19 12:35:08,LUM-101,24.65,106.02,158.9,1.22,48.15,58.76,81.4
2026-09-19 12:35:18,LUM-101,24.48,106.2,164.44,1.343,48.18,64.71,89.5
2026-09-19 12:35:28,LUM-101,24.53,106.25,162.97,1.317,47.84,63.02,87.8
2026-09-19 12:35:38,LUM-101,24.61,106.68,171.35,1.495,48.07,71.85,99.7
2026-09-19 12:35:48,LUM-101,24.58,107.19,172.03,1.498,48.1,72.05,99.9
2026-09-19 12:35:58,LUM-101,24.48,107.39,167.03,1.378,48.08,66.27,91.9
2026-09-19 12:36:08,LUM-101,24.55,106.92,152.72,1.059,48.08,50.9,70.6
2026-09-19 12:36:18,LUM-101,24.57,106.58,154.36,1.105,48.04,53.08,73.7
2026-09-19 12:36:28,LUM-101,24.56,106.79,166.81,1.391,47.95,66.68,92.7
2026-09-19 12:36:38,LUM-101,24.62,106.82,162.47,1.289,47.98,61.83,85.9
2026-09-19 12:36:48,LUM-101,24.67,106.59,157.36,1.172,48.14,56.42,78.1
2026-09-19 12:36:58,LUM-101,24.55,106.27,155.0,1.125,48.12,54.15,75.0
2026-09-19 12:37:08,LUM-101,24.54,106.01,154.85,1.134,47.86,54.26,75.6
2026-09-19 12:37:18,LUM-101,24.67,106.39,169.12,1.45,48.06,69.7,96.7
2026-09-19 12:37:28,LUM-101,24.5,106.27,158.95,1.219,48.01,58.54,81.3
2026-09-19 12:37:38,LUM-101,24.67,106.0,154.73,1.132,47.81,54.14,75.5
2026-09-19 12:37:48,LUM-101,24.59,105.64,153.92,1.12,47.88,53.64,74.7
2026-09-19 12:37:58,LUM-101,24.63,105.94,167.21,1.422,47.86,68.07,94.8
2026-09-19 12:38:08,LUM-101,24.55,106.25,167.86,1.428,47.93,68.45,95.2
2026-09-19 12:38:18,LUM-101,24.64,106.58,167.61,1.411,48.05,67.81,94.1
2026-09-19 12:38:28,LUM-101,24.69,106.19,153.22,1.091,47.91,52.26,72.7
2026-09-19 12:38:38,LUM-101,24.52,106.23,161.36,1.273,48.13,61.26,84.8
2026-09-19 12:38:48,LUM-101,24.52,106.71,171.55,1.497,48.14,72.05,99.8
2026-09-19 12:38:58,LUM-101,24.55,106.83,163.61,1.312,48.09,63.09,87.5
2026-09-19 12:39:08,LUM-101,24.69,106.6,158.06,1.187,48.15,57.17,79.2
2026-09-19 12:39:18,LUM-101,24.6,106.79,166.06,1.376,47.87,65.86,91.7
2026-09-19 12:39:28,LUM-101,24.68,106.62,158.73,1.205,48.04,57.89,80.3
2026-09-19 12:39:38,LUM-101,24.72,106.17,152.69,1.075,48.07,51.69,71.7
2026-09-19 12:39:48,LUM-101,24.73,105.75,152.44,1.079,48.08,51.87,71.9
2026-09-19 12:39:58,LUM-101,24.69,105.42,153.98,1.121,48.14,53.96,74.7
2026-09-19 12:40:08,LUM-101,24.73,105.21,154.98,1.153,47.95,55.3,76.9
2026-09-19 12:40:18,LUM-101,24.55,105.29,161.23,1.296,47.97,62.15,86.4
2026-09-19 12:40:28,LUM-101,24.58,105.23,158.06,1.227,47.83,58.7,81.8
2026-09-19 12:40:38,LUM-101,24.58,105.54,165.15,1.379,48.03,66.23,91.9
2026-09-19 12:40:48,LUM-101,24.65,105.97,168.93,1.459,47.95,69.95,97.3
2026-09-19 12:40:58,LUM-101,24.57,106.45,171.11,1.496,48.04,71.84,99.7
2026-09-19 12:41:08,LUM-101,24.66,106.21,157.18,1.179,48.04,56.63,78.6
2026-09-19 12:41:18,LUM-101,24.74,106.29,162.74,1.305,48.08,62.72,87.0
2026-09-19 12:41:28,LUM-101,24.63,106.57,167.04,1.404,47.85,67.18,93.6
2026-09-19 12:41:38,LUM-101,24.71,106.2,153.91,1.102,48.08,53.01,73.5
2026-09-19 12:41:48,LUM-101,24.63,105.98,156.64,1.177,47.81,56.28,78.5
2026-09-19 12:41:58,LUM-101,24.72,105.67,154.15,1.126,47.84,53.87,75.1
2026-09-19 12:42:08,LUM-101,24.72,105.52,156.21,1.172,48.07,56.32,78.1
2026-09-19 12:42:18,LUM-101,24.58,105.97,168.79,1.455,47.98,69.81,97.0
2026-09-19 12:42:28,LUM-101,24.76,106.4,169.9,1.464,48.19,70.56,97.6
2026-09-19 12:42:38,LUM-101,24.62,106.29,158.2,1.197,48.19,57.67,79.8
2026-09-19 12:42:48,LUM-101,24.75,106.19,158.11,1.203,47.95,57.69,80.2
2026-09-19 12:42:58,LUM-101,24.69,106.14,159.93,1.242,48.13,59.77,82.8
2026-09-19 12:43:08,LUM-101,24.73,105.94,155.93,1.153,48.17,55.54,76.9
2026-09-19 12:43:18,LUM-101,24.62,106.34,169.46,1.459,48.07,70.13,97.3
2026-09-19 12:43:28,LUM-101,24.75,106.34,160.73,1.255,48.14,60.43,83.7
2026-09-19 12:43:38,LUM-101,24.71,106.78,169.53,1.456,47.89,69.72,97.1
2026-09-19 12:43:48,LUM-101,24.59,106.63,158.77,1.211,47.84,57.94,80.7
2026-09-19 12:43:58,LUM-101,24.77,106.35,155.25,1.135,47.87,54.33,75.7
2026-09-19 12:44:08,LUM-101,24.73,106.79,171.23,1.489,48.08,71.6,99.3
2026-09-19 12:44:18,LUM-101,24.65,106.42,153.4,1.087,48.01,52.19,72.5
2026-09-19 12:44:28,LUM-101,24.6,106.08,154.35,1.12,47.89,53.63,74.7
2026-09-19 12:44:38,LUM-101,24.64,106.32,165.07,1.358,48.06,65.28,90.6
2026-09-19 12:44:48,LUM-101,24.63,106.5,164.29,1.336,48.06,64.21,89.1
2026-09-19 12:44:58,LUM-101,24.69,106.56,162.52,1.298,47.89,62.18,86.6
2026-09-19 12:45:08,LUM-101,24.64,106.81,166.97,1.396,47.87,66.84,93.1
2026-09-19 12:45:18,LUM-101,24.74,106.68,159.36,1.223,47.86,58.53,81.5
2026-09-19 12:45:28,LUM-101,24.69,106.33,154.15,1.108,47.94,53.13,73.9
2026-09-19 12:45:38,LUM-101,24.63,106.56,166.85,1.395,48.01,66.99,93.0
2026-09-19 12:45:48,LUM-101,24.7,106.26,155.61,1.139,48.15,54.83,75.9
2026-09-19 12:45:58,LUM-101,24.73,106.47,165.03,1.355,48.02,65.06,90.3
2026-09-19 12:46:08,LUM-101,24.75,106.12,153.49,1.093,48.14,52.63,72.9
2026-09-19 12:46:18,LUM-101,24.76,106.48,168.95,1.44,48.19,69.41,96.0
2026-09-19 12:46:28,LUM-101,24.82,106.84,168.53,1.429,47.96,68.55,95.3
2026-09-19 12:46:38,LUM-101,24.82,106.82,161.16,1.253,48.2,60.38,83.5
2026-09-19 12:46:48,LUM-101,24.7,107.29,170.88,1.476,47.88,70.66,98.4
2026-09-19 12:46:58,LUM-101,24.77,107.42,165.14,1.335,48.06,64.14,89.0
2026-09-19 12:47:08,LUM-101,24.76,107.52,165.48,1.341,48.03,64.4,89.4
2026-09-19 12:47:18,LUM-101,24.63,107.4,161.03,1.244,47.88,59.58,83.0
2026-09-19 12:47:28,LUM-101,24.8,107.85,171.21,1.464,48.09,70.41,97.6
2026-09-19 12:47:38,LUM-101,24.64,107.68,160.03,1.215,47.88,58.17,81.0
2026-09-19 12:47:48,LUM-101,24.73,107.5,160.25,1.222,47.96,58.61,81.5
2026-09-19 12:47:58,LUM-101,24.66,107.07,153.71,1.084,47.82,51.82,72.2
2026-09-19 12:48:08,LUM-101,24.69,106.81,156.25,1.143,48.07,54.93,76.2
2026-09-19 12:48:18,LUM-101,24.75,106.52,155.35,1.127,48.13,54.26,75.2
2026-09-19 12:48:28,LUM-101,24.84,106.43,159.41,1.223,48.14,58.86,81.5
2026-09-19 12:48:38,LUM-101,24.75,106.65,165.51,1.363,47.97,65.4,90.9
2026-09-19 12:48:48,LUM-101,24.83,106.24,153.25,1.09,47.92,52.24,72.7
2026-09-19 12:48:58,LUM-101,24.68,105.89,153.02,1.088,48.16,52.37,72.5
2026-09-19 12:49:08,LUM-101,24.8,106.23,168.12,1.432,48.02,68.76,95.5
2026-09-19 12:49:18,LUM-101,24.66,106.53,166.58,1.385,48.17,66.72,92.3
2026-09-19 12:49:28,LUM-101,24.66,106.28,155.61,1.142,47.97,54.8,76.2
2026-09-19 12:49:38,LUM-101,24.83,106.3,160.89,1.265,47.96,60.66,84.3
2026-09-19 12:49:48,LUM-101,24.76,106.49,164.81,1.346,48.15,64.8,89.7
2026-09-19 12:49:58,LUM-101,24.75,106.34,157.74,1.189,48.02,57.11,79.3
2026-09-19 12:50:08,LUM-101,24.81,106.86,170.78,1.485,47.82,71.03,99.0
2026-09-19 12:50:18,LUM-101,24.8,106.87,162.0,1.276,48.01,61.25,85.0
2026-09-19 12:50:28,LUM-101,24.81,106.78,160.16,1.24,47.84,59.31,82.6
2026-09-19 12:50:38,LUM-101,24.79,106.62,158.21,1.197,47.88,57.33,79.8
2026-09-19 12:50:48,LUM-101,24.73,106.47,157.49,1.18,48.04,56.69,78.7
2026-09-19 12:50:58,LUM-101,24.79,106.5,162.05,1.287,47.96,61.72,85.8
2026-09-19 12:51:08,LUM-101,24.78,106.53,160.89,1.257,48.05,60.4,83.8
2026-09-19 12:51:18,LUM-101,24.74,107.04,171.17,1.488,47.88,71.25,99.2
2026-09-19 12:51:28,LUM-101,24.79,107.2,165.51,1.347,48.1,64.79,89.8
2026-09-19 12:51:38,LUM-101,24.82,107.29,164.47,1.325,47.96,63.53,88.3
2026-09-19 12:51:48,LUM-101,24.78,107.04,157.71,1.177,47.85,56.3,78.4
2026-09-19 12:51:58,LUM-101,24.88,107.04,162.35,1.277,48.13,61.46,85.1
2026-09-19 12:52:08,LUM-101,24.76,107.47,171.72,1.49,47.9,71.38,99.4
2026-09-19 12:52:18,LUM-101,24.82,107.95,171.96,1.483,47.96,71.13,98.9
2026-09-19 12:52:28,LUM-101,24.77,108.23,169.99,1.426,48.12,68.63,95.1
2026-09-19 12:52:38,LUM-101,24.73,108.29,165.52,1.329,47.84,63.59,88.6
2026-09-19 12:52:48,LUM-101,24.76,107.88,155.81,1.114,47.8,53.25,74.3
2026-09-19 12:52:58,LUM-101,24.84,107.54,155.69,1.114,48.03,53.5,74.3
2026-09-19 12:53:08,LUM-101,24.73,107.57,162.81,1.281,47.91,61.37,85.4
2026-09-19 12:53:18,LUM-101,24.74,107.73,165.96,1.349,47.96,64.71,89.9
2026-09-19 12:53:28,LUM-101,24.76,107.4,156.75,1.144,47.92,54.83,76.3
2026-09-19 12:53:38,LUM-101,24.88,107.59,167.02,1.371,48.16,66.03,91.4
2026-09-19 12:53:48,LUM-101,24.84,107.22,154.67,1.101,47.88,52.72,73.4
2026-09-19 12:53:58,LUM-101,24.81,106.8,153.91,1.093,47.9,52.34,72.8
2026-09-19 12:54:08,LUM-101,24.92,106.52,156.39,1.15,48.17,55.41,76.7
2026-09-19 12:54:18,LUM-101,24.81,106.74,164.69,1.343,47.94,64.39,89.5
2026-09-19 12:54:28,LUM-101,24.78,106.95,166.28,1.378,47.85,65.93,91.9
2026-09-19 12:54:38,LUM-101,24.84,107.29,169.5,1.435,48.15,69.12,95.7
2026-09-19 12:54:48,LUM-101,24.87,106.92,154.96,1.108,48.2,53.39,73.8
2026-09-19 12:54:58,LUM-101,24.85,107.29,168.74,1.419,48.12,68.27,94.6
2026-09-19 12:55:08,LUM-101,24.93,107.51,166.48,1.368,47.88,65.52,91.2
2026-09-19 12:55:18,LUM-101,24.85,107.65,166.31,1.36,47.92,65.18,90.7
2026-09-19 12:55:28,LUM-101,24.93,107.65,162.53,1.269,48.06,60.98,84.6
2026-09-19 12:55:38,LUM-101,24.81,107.5,159.24,1.197,48.05,57.49,79.8
2026-09-19 12:55:48,LUM-101,24.77,106.99,152.8,1.058,48.13,50.9,70.5
2026-09-19 12:55:58,LUM-101,24.94,107.07,162.39,1.282,47.96,61.47,85.4
2026-09-19 12:56:08,LUM-101,24.77,107.25,166.47,1.377,47.8,65.8,91.8
2026-09-19 12:56:18,LUM-101,24.87,107.26,163.09,1.291,48.05,62.03,86.1
2026-09-19 12:56:28,LUM-101,24.86,106.96,155.18,1.113,48.12,53.57,74.2
2026-09-19 12:56:38,LUM-101,24.88,107.2,166.13,1.37,47.8,65.48,91.3
2026-09-19 12:56:48,LUM-101,24.9,107.56,170.62,1.464,47.86,70.06,97.6
2026-09-19 12:56:58,LUM-101,24.82,107.33,158.64,1.187,48.05,57.01,79.1
2026-09-19 12:57:08,LUM-101,24.93,107.42,163.22,1.289,48.1,62.0,85.9
2026-09-19 12:57:18,LUM-101,24.84,107.83,171.47,1.478,47.84,70.71,98.5
2026-09-19 12:57:28,LUM-101,24.81,107.58,158.02,1.171,47.86,56.05,78.1
2026-09-19 12:57:38,LUM-101,24.91,107.87,169.13,1.419,47.96,68.07,94.6
2026-09-19 12:57:48,LUM-101,24.81,107.85,162.77,1.271,48.0,61.02,84.8
2026-09-19 12:57:58,LUM-101,24.81,107.89,163.82,1.296,47.96,62.14,86.4
2026-09-19 12:58:08,LUM-101,24.85,107.51,154.46,1.086,48.04,52.16,72.4
2026-09-19 12:58:18,LUM-101,24.79,107.88,169.65,1.427,48.09,68.63,95.1
2026-09-19 12:58:28,LUM-101,24.96,108.22,170.19,1.439,47.86,68.85,95.9
2026-09-19 12:58:38,LUM-101,24.89,107.78,153.51,1.057,48.07,50.82,70.5
2026-09-19 12:58:48,LUM-101,24.86,107.81,164.24,1.308,47.95,62.7,87.2
2026-09-19 12:58:58,LUM-101,24.83,107.96,165.6,1.334,48.02,64.04,88.9
2026-09-19 12:59:08,LUM-101,24.8,108.08,166.43,1.35,48.02,64.83,90.0
2026-09-19 12:59:18,LUM-101,24.87,107.84,157.86,1.16,47.92,55.57,77.3
2026-09-19 12:59:28,LUM-101,24.98,107.53,156.15,1.13,47.81,54.02,75.3
2026-09-19 12:59:38,LUM-101,24.83,107.05,153.26,1.071,47.97,51.35,71.4
2026-09-19 12:59:48,LUM-101,24.82,107.22,164.4,1.323,48.02,63.54,88.2
2026-09-19 12:59:58,LUM-101,24.99,107.45,166.43,1.36,48.19,65.54,90.7
2026-09-19 13:00:08,LUM-101,24.99,107.43,161.55,1.249,48.15,60.13,83.3
2026-09-19 13:00:18,LUM-101,24.83,107.61,166.82,1.365,48.19,65.79,91.0
2026-09-19 13:00:28,LUM-101,24.93,107.91,169.48,1.43,47.84,68.41,95.3
2026-09-19 13:00:38,LUM-101,24.99,107.94,162.92,1.273,47.99,61.08,84.9
2026-09-19 13:00:48,LUM-101,24.94,108.2,169.35,1.418,47.93,67.94,94.5
2026-09-19 13:00:58,LUM-101,24.99,108.55,170.08,1.424,48.0,68.37,94.9
2026-09-19 13:01:08,LUM-101,24.88,108.52,163.43,1.272,47.95,61.01,84.8
2026-09-19 13:01:18,LUM-101,24.87,108.78,168.83,1.392,47.93,66.72,92.8
2026-09-19 13:01:28,LUM-101,24.82,108.77,164.61,1.295,47.92,62.05,86.3
2026-09-19 13:01:38,LUM-101,24.96,109.04,170.94,1.433,48.0,68.78,95.5
2026-09-19 13:01:48,LUM-101,24.99,108.7,156.8,1.111,48.1,53.44,74.1
2026-09-19 13:01:58,LUM-101,25.0,108.27,154.72,1.078,47.87,51.61,71.9
2026-09-19 13:02:08,LUM-101,24.84,107.75,153.56,1.058,48.11,50.9,70.5
2026-09-19 13:02:18,LUM-101,24.99,108.09,170.23,1.442,47.87,69.04,96.2
2026-09-19 13:02:28,LUM-101,24.93,107.67,155.02,1.1,47.84,52.61,73.3
2026-09-19 13:02:38,LUM-101,24.91,107.96,168.36,1.395,48.1,67.11,93.0
2026-09-19 13:02:48,LUM-101,24.98,107.5,153.54,1.067,47.93,51.15,71.2
2026-09-19 13:02:58,LUM-101,25.03,107.39,159.22,1.203,47.89,57.59,80.2
2026-09-19 13:03:08,LUM-101,24.88,107.38,161.24,1.248,47.95,59.85,83.2
2026-09-19 13:03:18,LUM-101,24.9,107.12,157.34,1.163,47.96,55.8,77.6
2026-09-19 13:03:28,LUM-101,24.99,107.58,171.49,1.482,47.92,71.02,98.8
2026-09-19 13:03:38,LUM-101,24.97,107.7,164.69,1.316,48.11,63.32,87.7
2026-09-19 13:03:48,LUM-101,24.99,107.99,169.12,1.41,48.16,67.92,94.0
2026-09-19 13:03:58,LUM-101,24.88,107.79,158.36,1.169,48.07,56.18,77.9
2026-09-19 13:04:08,LUM-101,24.91,107.95,166.75,1.356,48.2,65.34,90.4
2026-09-19 13:04:18,LUM-101,24.91,107.92,161.9,1.245,48.16,59.98,83.0
2026-09-19 13:04:28,LUM-101,24.93,107.7,158.91,1.19,47.81,56.9,79.3
2026-09-19 13:04:38,LUM-101,24.91,107.97,168.69,1.403,48.09,67.46,93.5
2026-09-19 13:04:48,LUM-101,24.89,108.01,163.03,1.273,48.04,61.13,84.8
2026-09-19 13:04:58,LUM-101,25.0,108.2,167.13,1.36,48.15,65.48,90.7
2026-09-19 13:05:08,LUM-101,24.95,107.87,155.39,1.102,47.93,52.81,73.5
2026-09-19 13:05:18,LUM-101,24.95,108.24,171.18,1.455,48.06,69.94,97.0
2026-09-19 13:05:28,LUM-101,25.03,107.92,157.58,1.151,47.94,55.17,76.7
2026-09-19 13:05:38,LUM-101,24.93,108.19,168.48,1.402,47.8,67.0,93.4
2026-09-19 13:05:48,LUM-101,25.05,108.5,169.24,1.408,47.93,67.49,93.9
2026-09-19 13:05:58,LUM-101,24.95,108.3,159.02,1.17,48.15,56.35,78.0
2026-09-19 13:06:08,LUM-101,25.07,108.08,159.85,1.197,48.07,57.51,79.8
2026-09-19 13:06:18,LUM-101,24.99,108.37,169.36,1.417,47.84,67.77,94.5
2026-09-19 13:06:28,LUM-101,25.05,107.89,153.88,1.062,48.12,51.1,70.8
2026-09-19 13:06:38,LUM-101,24.92,108.24,169.07,1.408,48.0,67.6,93.9
2026-09-19 13:06:48,LUM-101,25.05,108.68,172.17,1.47,47.97,70.54,98.0
2026-09-19 13:06:58,LUM-101,24.93,108.79,165.63,1.319,47.87,63.15,87.9
2026-09-19 13:07:08,LUM-101,24.95,109.2,172.32,1.463,47.95,70.14,97.5
2026-09-19 13:07:18,LUM-101,24.91,109.21,165.5,1.299,48.14,62.54,86.6
2026-09-19 13:07:28,LUM-101,24.93,109.19,164.72,1.29,47.82,61.7,86.0
2026-09-19 13:07:38,LUM-101,24.9,108.76,155.77,1.084,48.16,52.23,72.3
2026-09-19 13:07:48,LUM-101,25.05,108.52,158.24,1.149,48.07,55.24,76.6
